condition,comparison,phase,metric,statistic,baseline_ns,candidate_ns,change_percent,paired95_low,paired95_high
static-panel20-fresh,readshift4_vs_lr,cold,commit_ns,mean,2775.8184398913845,1633.6744013823748,-41.14620834328419,-42.00758613910359,-40.54029972612724
static-panel20-fresh,readshift4_vs_lr,cold,commit_ns,p50,2250.0,1333.5,-40.733333333333334,-40.75555555555555,-39.65595291987325
static-panel20-fresh,readshift4_vs_lr,cold,commit_ns,p90,4791.5,2708.0,-43.483251591359696,-44.338933528122716,-43.05091819699499
static-panel20-fresh,readshift4_vs_lr,cold,commit_ns,p99,9270.73,6125.23,-33.92936694305626,-37.39205971169229,-31.143435523927177
static-panel20-fresh,readshift4_vs_lr,cold,commit_ns,p999,21385.083999998897,16176.29499999983,-24.35711264916862,-35.4622488280241,-17.520292591869925
static-panel20-fresh,readshift4_vs_lr,cold,commit_ns,max,60583.5,57979.0,-4.299025312172455,-52.73811303344095,51.984162095204375
static-panel20-fresh,readshift4_vs_lr,cold,mask_ns,mean,3321.1468773142433,3272.1422117995558,-1.475534426056968,-1.9736483496769708,-1.2982105905646524
static-panel20-fresh,readshift4_vs_lr,cold,mask_ns,p50,2417.0,2375.0,-1.737691352916837,-1.737691352916837,-1.737691352916837
static-panel20-fresh,readshift4_vs_lr,cold,mask_ns,p90,3937.5,3834.0,-2.6285714285714246,-3.158160687215761,-1.0580645161290314
static-panel20-fresh,readshift4_vs_lr,cold,mask_ns,p99,31209.3399999998,31419.979999999836,0.6749261599253265,-3.9372835540623985,3.176824207260287
static-panel20-fresh,readshift4_vs_lr,cold,mask_ns,p999,86619.16599999978,85192.41599999988,-1.647152779097294,-2.224540436418413,2.3558298614394473
static-panel20-fresh,readshift4_vs_lr,cold,mask_ns,max,119333.5,105583.5,-11.522330276075031,-25.319535147160178,1.288726777376481
static-panel20-fresh,readshift4_vs_lr,cold,tbm_ns,mean,6106.487953591706,4906.20792396939,-19.655815891953687,-20.318785430472392,-19.059071283405228
static-panel20-fresh,readshift4_vs_lr,cold,tbm_ns,p50,4750.0,3833.0,-19.305263157894736,-20.691082143596105,-18.946923239585534
static-panel20-fresh,readshift4_vs_lr,cold,tbm_ns,p90,8583.0,6479.0,-24.513573342654084,-25.422743913068746,-24.268903646743567
static-panel20-fresh,readshift4_vs_lr,cold,tbm_ns,p99,38807.229999999894,36943.83999999991,-4.8016568046727155,-8.47476187999816,-2.1743828261406084
static-panel20-fresh,readshift4_vs_lr,cold,tbm_ns,p999,91541.04499999993,89639.00199999964,-2.077803459639649,-4.049479522334343,3.2323386048315417
static-panel20-fresh,readshift4_vs_lr,cold,tbm_ns,max,126062.5,118625.0,-5.899851264253842,-25.60059529539943,6.533468808576992
static-panel20-fresh,readshift4_vs_lr,warm1,commit_ns,mean,2679.49982720316,1551.0757343865712,-42.11323626000859,-43.034554590056764,-41.50364345027832
static-panel20-fresh,readshift4_vs_lr,warm1,commit_ns,p50,2167.0,1292.0,-40.37840332256576,-41.485507246376805,-40.37840332256576
static-panel20-fresh,readshift4_vs_lr,warm1,commit_ns,p90,4729.0,2541.5,-46.257136815394375,-47.36842105263158,-46.00679694137638
static-panel20-fresh,readshift4_vs_lr,warm1,commit_ns,p99,8727.359999999964,5551.429999999982,-36.3905006783265,-39.401517794142094,-35.0501600708086
static-panel20-fresh,readshift4_vs_lr,warm1,commit_ns,p999,18993.874999999847,14275.542999999881,-24.841334377529623,-31.99678080994434,-20.51222134553302
static-panel20-fresh,readshift4_vs_lr,warm1,commit_ns,max,38042.0,33438.0,-12.102413122338474,-34.98498498498499,15.952949825399742
static-panel20-fresh,readshift4_vs_lr,warm1,mask_ns,mean,3279.2712910392497,3228.172821525549,-1.5582263551457198,-2.3271897972420796,-0.7557228249879255
static-panel20-fresh,readshift4_vs_lr,warm1,mask_ns,p50,2395.5,2354.5,-1.7115424754748476,-3.414735099337751,0.0
static-panel20-fresh,readshift4_vs_lr,warm1,mask_ns,p90,3833.0,3750.0,-2.165405687451083,-3.7548387096774216,-1.1075949367088556
static-panel20-fresh,readshift4_vs_lr,warm1,mask_ns,p99,31705.179999999928,31506.10999999991,-0.6278784728552811,-2.826938589545791,0.9780113090517295
static-panel20-fresh,readshift4_vs_lr,warm1,mask_ns,p999,86618.66599999978,85616.21099999931,-1.157319832194681,-2.527109961960583,2.016451561436794
static-panel20-fresh,readshift4_vs_lr,warm1,mask_ns,max,110520.5,104521.0,-5.428404685103672,-12.555658816194624,9.425064816190387
static-panel20-fresh,readshift4_vs_lr,warm1,tbm_ns,mean,5968.985682547519,4784.530214761788,-19.84349654663964,-20.575140114398927,-19.029619779656326
static-panel20-fresh,readshift4_vs_lr,warm1,tbm_ns,p50,4667.0,3750.0,-19.648596528819372,-20.527105206770948,-18.918918918918916
static-panel20-fresh,readshift4_vs_lr,warm1,tbm_ns,p90,8459.0,6250.0,-26.11419789573236,-27.159555555555553,-25.185539861144356
static-panel20-fresh,readshift4_vs_lr,warm1,tbm_ns,p99,37735.29999999991,36118.319999999854,-4.285059347613663,-5.88130627659218,-1.5932001954803487
static-panel20-fresh,readshift4_vs_lr,warm1,tbm_ns,p999,89963.45899999895,89091.24999999949,-0.9695147448693264,-2.7465399121883616,1.3577957789031814
static-panel20-fresh,readshift4_vs_lr,warm1,tbm_ns,max,115812.0,115146.0,-0.5750699409387661,-14.96488549618321,7.947411478062927
static-panel20-fresh,readshift4_vs_lr,warm,commit_ns,mean,2665.7630461614417,1547.776302147618,-41.938714156296285,-42.259915026833106,-41.03225791963679
static-panel20-fresh,readshift4_vs_lr,warm,commit_ns,p50,2167.0,1292.0,-40.37840332256576,-40.424550069220125,-40.37840332256576
static-panel20-fresh,readshift4_vs_lr,warm,commit_ns,p90,4708.0,2542.0,-46.00679694137638,-46.48421052631579,-45.36420340416535
static-panel20-fresh,readshift4_vs_lr,warm,commit_ns,p99,8645.68,5541.5,-35.90440543716631,-37.97124419789426,-34.55294117647058
static-panel20-fresh,readshift4_vs_lr,warm,commit_ns,p999,19269.587999999763,14415.587999999763,-25.189952167114626,-30.035550506014843,-22.0284260221426
static-panel20-fresh,readshift4_vs_lr,warm,commit_ns,max,51000.0,56583.5,10.94803921568628,-36.66166669243973,45.31860910074037
static-panel20-fresh,readshift4_vs_lr,warm,mask_ns,mean,3275.2763021476176,3227.9024932115526,-1.4464064880572614,-1.893346133719498,-0.6854090131579326
static-panel20-fresh,readshift4_vs_lr,warm,mask_ns,p50,2375.0,2354.5,-0.8631578947368435,-2.5673137132122714,0.0
static-panel20-fresh,readshift4_vs_lr,warm,mask_ns,p90,3792.0,3750.0,-1.1075949367088556,-2.215189873417722,-0.02637130801688148
static-panel20-fresh,readshift4_vs_lr,warm,mask_ns,p99,31828.380000000194,31587.000000000073,-0.7583797855879593,-1.1522613065330423,-0.20982651910578243
static-panel20-fresh,readshift4_vs_lr,warm,mask_ns,p999,86658.42599999935,86841.99999999964,0.2118362962192366,-1.751390054729851,1.8580718150057907
static-panel20-fresh,readshift4_vs_lr,warm,mask_ns,max,119458.0,129583.5,8.476200840462766,1.4665301944728704,16.36079921299909
static-panel20-fresh,readshift4_vs_lr,warm,tbm_ns,mean,5937.984653994898,4775.67879535917,-19.57407986653793,-19.99628662846009,-18.778663638522964
static-panel20-fresh,readshift4_vs_lr,warm,tbm_ns,p50,4645.5,3750.0,-19.27671940587665,-19.631375910844405,-18.752678954136304
static-panel20-fresh,readshift4_vs_lr,warm,tbm_ns,p90,8396.0,6208.5,-26.054073368270604,-26.304192472606005,-24.877611940298504
static-panel20-fresh,readshift4_vs_lr,warm,tbm_ns,p99,37793.00000000004,36063.68000000004,-4.575767999364954,-5.231029227112294,-3.7813771578133815
static-panel20-fresh,readshift4_vs_lr,warm,tbm_ns,p999,90606.74999999948,90501.83799999923,-0.11578828288206777,-0.6765750390752778,1.459833638634489
static-panel20-fresh,readshift4_vs_lr,warm,tbm_ns,max,127104.0,132146.0,3.966830312185299,-6.437384915492658,13.271101871101877
static-panel20-fresh,readshift4_vs_integrated3279,cold,commit_ns,mean,1655.7657862256233,1633.6744013823748,-1.3342095257087405,-2.495240876136917,-0.43565901886724046
static-panel20-fresh,readshift4_vs_integrated3279,cold,commit_ns,p50,1375.0,1333.5,-3.01818181818182,-3.0545454545454542,-2.9818181818181855
static-panel20-fresh,readshift4_vs_integrated3279,cold,commit_ns,p90,2750.0,2708.0,-1.5272727272727327,-3.01818181818182,0.0
static-panel20-fresh,readshift4_vs_integrated3279,cold,commit_ns,p99,6113.929999999982,6125.23,0.18482383671414304,-3.5865059141210742,4.485583946750071
static-panel20-fresh,readshift4_vs_integrated3279,cold,commit_ns,p999,16217.79499999983,16176.29499999983,-0.2558917534720373,-7.961607185952988,6.238213989013652
static-panel20-fresh,readshift4_vs_integrated3279,cold,commit_ns,max,47166.5,57979.0,22.92410927247093,-20.636590452074177,85.50083010514665
static-panel20-fresh,readshift4_vs_integrated3279,cold,mask_ns,mean,3283.12342631449,3272.1422117995558,-0.33447461727814654,-0.5953701431443692,0.46853654412826184
static-panel20-fresh,readshift4_vs_integrated3279,cold,mask_ns,p50,2416.0,2375.0,-1.697019867549665,-1.7173598179184735,0.0
static-panel20-fresh,readshift4_vs_integrated3279,cold,mask_ns,p90,3854.5,3834.0,-0.5318458944091331,-1.6129032258064502,0.5449612736541423
static-panel20-fresh,readshift4_vs_integrated3279,cold,mask_ns,p99,31765.99999999989,31419.979999999836,-1.0892778442361473,-4.3216187758465585,1.9476222993231262
static-panel20-fresh,readshift4_vs_integrated3279,cold,mask_ns,p999,87249.5799999988,85192.41599999988,-2.3577924386557925,-2.6361944387796266,2.7404182923034925
static-panel20-fresh,readshift4_vs_integrated3279,cold,mask_ns,max,115854.5,105583.5,-8.8654303458217,-13.123829309704682,-1.3582580038541403
static-panel20-fresh,readshift4_vs_integrated3279,cold,tbm_ns,mean,4940.694174277956,4906.20792396939,-0.6980041486499444,-1.0734015529683671,0.05821707910125262
static-panel20-fresh,readshift4_vs_integrated3279,cold,tbm_ns,p50,3916.0,3833.0,-2.1195097037793653,-2.1195097037793653,-0.5577895965754309
static-panel20-fresh,readshift4_vs_integrated3279,cold,tbm_ns,p90,6479.5,6479.0,-0.007716644802835404,-1.2769230769230755,0.6503561474140662
static-panel20-fresh,readshift4_vs_integrated3279,cold,tbm_ns,p99,36634.319999999745,36943.83999999991,0.8448908018496404,-2.9908641596616694,3.043566454555191
static-panel20-fresh,readshift4_vs_integrated3279,cold,tbm_ns,p999,91301.54099999982,89639.00199999964,-1.8209320256710515,-4.332911318814558,4.1430807577270246
static-panel20-fresh,readshift4_vs_integrated3279,cold,tbm_ns,max,129312.5,118625.0,-8.26486225229579,-14.298526490557084,3.927146383525515
static-panel20-fresh,readshift4_vs_integrated3279,warm1,commit_ns,mean,1565.7820291286102,1551.0757343865712,-0.939230012125214,-3.129543776358912,0.3772674352602756
static-panel20-fresh,readshift4_vs_integrated3279,warm1,commit_ns,p50,1312.5,1292.0,-1.5619047619047643,-3.185907046476766,0.0
static-panel20-fresh,readshift4_vs_integrated3279,warm1,commit_ns,p90,2542.0,2541.5,-0.019669551534229335,-3.980952380952385,0.0
static-panel20-fresh,readshift4_vs_integrated3279,warm1,commit_ns,p99,5530.429999999982,5551.429999999982,0.37971730950396854,-4.469639978506191,4.239255813952814
static-panel20-fresh,readshift4_vs_integrated3279,warm1,commit_ns,p999,13913.499999999389,14275.542999999881,2.6020986811406743,-3.7302565138848487,8.953428654797646
static-panel20-fresh,readshift4_vs_integrated3279,warm1,commit_ns,max,42875.0,33438.0,-22.010495626822156,-54.42477876106195,20.137965724140415
static-panel20-fresh,readshift4_vs_integrated3279,warm1,mask_ns,mean,3229.3143421377436,3228.172821525549,-0.03534869917429795,-0.9188310274241163,0.7398652882483647
static-panel20-fresh,readshift4_vs_integrated3279,warm1,mask_ns,p50,2334.0,2354.5,0.878320479862893,-1.726315789473687,1.8002571795970868
static-panel20-fresh,readshift4_vs_integrated3279,warm1,mask_ns,p90,3770.5,3750.0,-0.5436944702294166,-1.622263255077816,1.132686084142387
static-panel20-fresh,readshift4_vs_integrated3279,warm1,mask_ns,p99,31330.409999999927,31506.10999999991,0.5607970020181208,-1.8489296332320992,2.6676054009043604
static-panel20-fresh,readshift4_vs_integrated3279,warm1,mask_ns,p999,86915.54099999758,85616.21099999931,-1.494934030265438,-3.077310471786465,2.443927096551124
static-panel20-fresh,readshift4_vs_integrated3279,warm1,mask_ns,max,114854.5,104521.0,-8.997035379545427,-19.105017789228317,5.43743947888086
static-panel20-fresh,readshift4_vs_integrated3279,warm1,tbm_ns,mean,4802.4471241668725,4784.530214761788,-0.37307874385380524,-1.5082824074242884,0.48143861224494433
static-panel20-fresh,readshift4_vs_integrated3279,warm1,tbm_ns,p50,3771.0,3750.0,-0.5568814638027053,-2.7002348030263468,0.0
static-panel20-fresh,readshift4_vs_integrated3279,warm1,tbm_ns,p90,6250.0,6250.0,0.0,-1.6342965419232636,1.3458731960434678
static-panel20-fresh,readshift4_vs_integrated3279,warm1,tbm_ns,p99,36153.17999999971,36118.319999999854,-0.09642305324139011,-4.366799055355515,3.032026968892265
static-panel20-fresh,readshift4_vs_integrated3279,warm1,tbm_ns,p999,90442.04299999989,89091.24999999949,-1.4935454299726536,-3.376358130886051,0.8147170603639786
static-panel20-fresh,readshift4_vs_integrated3279,warm1,tbm_ns,max,119750.0,115146.0,-3.844676409185799,-12.459864298378294,7.805979987842254
static-panel20-fresh,readshift4_vs_integrated3279,warm,commit_ns,mean,1583.8044515757424,1547.776302147618,-2.2747852105277078,-2.9797854885900366,-0.6010805674925179
static-panel20-fresh,readshift4_vs_integrated3279,warm,commit_ns,p50,1333.0,1292.0,-3.075768942235557,-3.1507876969242288,-1.524792127377134
static-panel20-fresh,readshift4_vs_integrated3279,warm,commit_ns,p90,2625.0,2542.0,-3.1619047619047658,-4.761904761904767,-1.5619047619047643
static-panel20-fresh,readshift4_vs_integrated3279,warm,commit_ns,p99,5687.5,5541.5,-2.5670329670329672,-5.783111574919553,-1.1070764325569082
static-panel20-fresh,readshift4_vs_integrated3279,warm,commit_ns,p999,14472.337999999585,14415.587999999763,-0.39212738121389146,-7.775479209179981,6.5666554025277435
static-panel20-fresh,readshift4_vs_integrated3279,warm,commit_ns,max,57667.0,56583.5,-1.878890873463157,-28.41883718240942,26.159185797450814
static-panel20-fresh,readshift4_vs_integrated3279,warm,mask_ns,mean,3234.896354809512,3227.9024932115526,-0.21620048467894115,-0.8863665416689037,0.5699043293133865
static-panel20-fresh,readshift4_vs_integrated3279,warm,mask_ns,p50,2334.0,2354.5,0.878320479862893,-0.8919091102144838,1.756640959725786
static-panel20-fresh,readshift4_vs_integrated3279,warm,mask_ns,p90,3770.5,3750.0,-0.5436944702294166,-2.189395937747296,1.093333333333324
static-panel20-fresh,readshift4_vs_integrated3279,warm,mask_ns,p99,31488.24000000005,31587.000000000073,0.3136409021273545,-0.782390816872669,1.1763963129762134
static-panel20-fresh,readshift4_vs_integrated3279,warm,mask_ns,p999,87573.74999999911,86841.99999999964,-0.8355814385012428,-2.3254410042655382,0.14229947203936444
static-panel20-fresh,readshift4_vs_integrated3279,warm,mask_ns,max,125791.5,129583.5,3.0145121093237526,-17.339213337072067,15.298488120950315
static-panel20-fresh,readshift4_vs_integrated3279,warm,tbm_ns,mean,4820.339619846951,4775.67879535917,-0.9265078399019244,-1.4536596036525018,0.22185742273006515
static-panel20-fresh,readshift4_vs_integrated3279,warm,tbm_ns,p50,3791.0,3750.0,-1.0815088367185477,-1.1075949367088556,0.0
static-panel20-fresh,readshift4_vs_integrated3279,warm,tbm_ns,p90,6312.0,6208.5,-1.6397338403041806,-2.6211905889783726,0.3371327660940837
static-panel20-fresh,readshift4_vs_integrated3279,warm,tbm_ns,p99,36590.88000000001,36063.68000000004,-1.440796176533543,-2.147526183521198,0.9941293505702831
static-panel20-fresh,readshift4_vs_integrated3279,warm,tbm_ns,p999,91299.32399999941,90501.83799999923,-0.873485109265637,-1.377674939111273,-0.09422164386527765
static-panel20-fresh,readshift4_vs_integrated3279,warm,tbm_ns,max,135812.0,132146.0,-2.699319647748355,-16.255128495557404,8.604495403334479
static-panel20-fresh,lr_control,cold,commit_ns,mean,2791.378227598124,2775.8184398913845,-0.557423123563161,-2.01347839467777,1.073458450710385
static-panel20-fresh,lr_control,cold,commit_ns,p50,2250.0,2250.0,0.0,-1.822222222222225,0.0
static-panel20-fresh,lr_control,cold,commit_ns,p90,4803.800000000045,4791.5,-0.2560472958916815,-2.5325467860048856,0.8842105263157984
static-panel20-fresh,lr_control,cold,commit_ns,p99,9583.5,9270.73,-3.2636301977357007,-11.583302203959821,4.877102753668994
static-panel20-fresh,lr_control,cold,commit_ns,p999,23253.12499999954,21385.083999998897,-8.03350517403868,-23.04301106591663,4.066739038435219
static-panel20-fresh,lr_control,cold,commit_ns,max,77083.5,60583.5,-21.40535912354784,-46.54641236095106,55.16820390834836
static-panel20-fresh,lr_control,cold,mask_ns,mean,3325.619279190323,3321.1468773142433,-0.13448327967261475,-1.2493438981243554,0.573294372331512
static-panel20-fresh,lr_control,cold,mask_ns,p50,2417.0,2417.0,0.0,-1.6680227827502003,0.041390728476820016
static-panel20-fresh,lr_control,cold,mask_ns,p90,3917.0,3937.5,0.5233597140668955,-1.5664477008590194,2.164840897235254
static-panel20-fresh,lr_control,cold,mask_ns,p99,31443.499999999673,31209.3399999998,-0.7447008125681776,-3.570596005905191,2.431345111073302
static-panel20-fresh,lr_control,cold,mask_ns,p999,86869.99999999898,86619.16599999978,-0.2887464026697373,-1.9383238901941713,1.027975653264123
static-panel20-fresh,lr_control,cold,mask_ns,max,116042.0,119333.5,2.836473001154749,-9.767737951382404,24.86449180217487
static-panel20-fresh,lr_control,cold,tbm_ns,mean,6118.67827696865,6106.487953591706,-0.19923131802548344,-1.6252834364668178,0.6931396722135164
static-panel20-fresh,lr_control,cold,tbm_ns,p50,4750.0,4750.0,0.0,-0.8842105263157873,1.7473684210526308
static-panel20-fresh,lr_control,cold,tbm_ns,p90,8604.0,8583.0,-0.24407252440725724,-2.377161055505006,1.4658943137486613
static-panel20-fresh,lr_control,cold,tbm_ns,p99,39507.06999999947,38807.229999999894,-1.7714297719359728,-5.22223890277319,-0.33924140140799697
static-panel20-fresh,lr_control,cold,tbm_ns,p999,92660.87499999985,91541.04499999993,-1.2085251731110191,-2.815299054486109,1.0448547772207009
static-panel20-fresh,lr_control,cold,tbm_ns,max,124541.5,126062.5,1.2212796537700354,-11.031800766283528,22.52909805099398
static-panel20-fresh,lr_control,warm1,commit_ns,mean,2677.862157491977,2679.49982720316,0.06115586295587505,-1.1270673142134258,0.755003032504864
static-panel20-fresh,lr_control,warm1,commit_ns,p50,2167.0,2167.0,0.0,0.0,0.9460083064144031
static-panel20-fresh,lr_control,warm1,commit_ns,p90,4750.0,4729.0,-0.4421052631578992,-0.8842105263157873,0.44355875546411294
static-panel20-fresh,lr_control,warm1,commit_ns,p99,8937.5,8727.359999999964,-2.3512167832171804,-5.9702058669254265,2.4296624404557488
static-panel20-fresh,lr_control,warm1,commit_ns,p999,19837.706999999813,18993.874999999847,-4.253677100886577,-11.078921085215843,10.281717539548097
static-panel20-fresh,lr_control,warm1,commit_ns,max,60791.5,38042.0,-37.42217250766966,-48.989432485322894,35.1972027972028
static-panel20-fresh,lr_control,warm1,mask_ns,mean,3284.4223401629224,3279.2712910392497,-0.15683272704256623,-1.082285223767454,0.24226474749697857
static-panel20-fresh,lr_control,warm1,mask_ns,p50,2375.0,2395.5,0.8631578947368324,-0.8557712377374238,1.726315789473687
static-panel20-fresh,lr_control,warm1,mask_ns,p90,3866.8000000000447,3833.0,-0.8741077893877236,-1.08387096774194,1.6350210970464074
static-panel20-fresh,lr_control,warm1,mask_ns,p99,31395.929999999764,31705.179999999928,0.9850002850693151,-2.2396906696666847,2.843863078316078
static-panel20-fresh,lr_control,warm1,mask_ns,p999,86805.16599999958,86618.66599999978,-0.21484896417316435,-1.7508344061766934,0.8901639486490476
static-panel20-fresh,lr_control,warm1,mask_ns,max,104521.0,110520.5,5.739994833574125,-12.023906083244395,17.13570484865945
static-panel20-fresh,lr_control,warm1,tbm_ns,mean,5969.074426067638,5968.985682547519,-0.0014867216218905632,-0.5012917306033038,0.47334092063207045
static-panel20-fresh,lr_control,warm1,tbm_ns,p50,4645.5,4667.0,0.46281347540630957,-0.8893174756241295,0.9081081081081077
static-panel20-fresh,lr_control,warm1,tbm_ns,p90,8458.0,8459.0,0.011823126034515852,-0.9813194608654485,0.7448569401749872
static-panel20-fresh,lr_control,warm1,tbm_ns,p99,37922.49999999967,37735.29999999991,-0.49363834135346396,-3.700652474790622,2.6259768252915316
static-panel20-fresh,lr_control,warm1,tbm_ns,p999,90202.74799999985,89963.45899999895,-0.26527905779643035,-2.146031869624976,1.5583710618179536
static-panel20-fresh,lr_control,warm1,tbm_ns,max,107459.0,115812.0,7.773197219404615,-11.216901141584955,26.4173703256936
static-panel20-fresh,lr_control,warm,commit_ns,mean,2680.1271784744504,2665.7630461614417,-0.5359496530006003,-1.167276873255585,0.14537283037381332
static-panel20-fresh,lr_control,warm,commit_ns,p50,2167.0,2167.0,0.0,0.0,0.0
static-panel20-fresh,lr_control,warm,commit_ns,p90,4729.0,4708.0,-0.44406851342778664,-1.739859553505918,0.8785086779515838
static-panel20-fresh,lr_control,warm,commit_ns,p99,8812.5,8645.68,-1.8929929078014163,-4.225352112676061,0.0
static-panel20-fresh,lr_control,warm,commit_ns,p999,18962.043999999703,19269.587999999763,1.621892660939217,-3.9913416631919496,7.157816961404347
static-panel20-fresh,lr_control,warm,commit_ns,max,66062.5,51000.0,-22.800378429517497,-34.337937579800496,16.093577981651386
static-panel20-fresh,lr_control,warm,mask_ns,mean,3277.9624125730274,3275.2763021476176,-0.08194451574877748,-0.5332680354044661,0.15740254815541643
static-panel20-fresh,lr_control,warm,mask_ns,p50,2375.0,2375.0,0.0,0.0,0.9052631578948223
static-panel20-fresh,lr_control,warm,mask_ns,p90,3833.0,3792.0,-1.0696582311505387,-1.0696582311505387,0.0
static-panel20-fresh,lr_control,warm,mask_ns,p99,31522.500000000036,31828.380000000194,0.9703545086847676,0.011615633633055289,1.9379483656438712
static-panel20-fresh,lr_control,warm,mask_ns,p999,86941.16199999969,86658.42599999935,-0.3252038430316073,-1.349279262997416,0.5025871682129868
static-panel20-fresh,lr_control,warm,mask_ns,max,122458.5,119458.0,-2.450217828897139,-18.948337345675036,14.452207551266106
static-panel20-fresh,lr_control,warm,tbm_ns,mean,5956.9867686990865,5937.984653994898,-0.31898870086526365,-0.7198116155339052,0.12361063353201196
static-panel20-fresh,lr_control,warm,tbm_ns,p50,4645.5,4645.5,0.0,-0.8786969567081027,0.8864864864864819
static-panel20-fresh,lr_control,warm,tbm_ns,p90,8458.5,8396.0,-0.7389016965182904,-1.4575894163788572,0.0
static-panel20-fresh,lr_control,warm,tbm_ns,p99,37486.88000000001,37793.00000000004,0.8166057031153917,-0.6832843012360312,2.4501151562463326
static-panel20-fresh,lr_control,warm,tbm_ns,p999,90540.58799999976,90606.74999999948,0.0730744094568081,-1.0084837869211327,1.2198464422510602
static-panel20-fresh,lr_control,warm,tbm_ns,max,130833.5,127104.0,-2.850569617108767,-17.570850202429146,20.673332826401026
static-panel20-reloaded,readshift4_vs_lr,cold,commit_ns,mean,2795.2137990619603,1625.7141199703779,-41.83936411175604,-42.47366149233953,-40.51342561658539
static-panel20-reloaded,readshift4_vs_lr,cold,commit_ns,p50,2250.0,1312.5,-41.666666666666664,-42.57777777777778,-40.75555555555555
static-panel20-reloaded,readshift4_vs_lr,cold,commit_ns,p90,4854.5,2771.0,-42.91894118858791,-44.065900539001326,-41.63576431808818
static-panel20-reloaded,readshift4_vs_lr,cold,commit_ns,p99,9687.5,5687.5,-41.29032258064517,-43.659354838709675,-36.369586560488706
static-panel20-reloaded,readshift4_vs_lr,cold,commit_ns,p999,21910.08399999971,15274.788999999677,-30.284206121711456,-35.51479590618912,-19.636007590346928
static-panel20-reloaded,readshift4_vs_lr,cold,commit_ns,max,63416.5,40354.0,-36.36671844078434,-62.46788489119556,5.546373458132536
static-panel20-reloaded,readshift4_vs_lr,cold,mask_ns,mean,2702.7114786472475,2637.275536904468,-2.4211219828589092,-3.2613270717325338,-1.3921765922236595
static-panel20-reloaded,readshift4_vs_lr,cold,mask_ns,p50,2500.0,2479.5,-0.8199999999999985,-2.459829398928781,0.0
static-panel20-reloaded,readshift4_vs_lr,cold,mask_ns,p90,4021.0,3896.0,-3.1086794329768686,-4.61538461538461,-2.0750000000000046
static-panel20-reloaded,readshift4_vs_lr,cold,mask_ns,p99,7458.459999999999,6801.159999999982,-8.812811223764927,-12.428645563051377,-5.0751196504129625
static-panel20-reloaded,readshift4_vs_lr,cold,mask_ns,p999,16024.997999999745,14974.038999999982,-6.558247308360221,-10.381333176330452,-2.1064561642316626
static-panel20-reloaded,readshift4_vs_lr,cold,mask_ns,max,41354.5,38854.5,-6.045291322588831,-35.554919060929,31.00182879474911
static-panel20-reloaded,readshift4_vs_lr,cold,tbm_ns,mean,5497.925277709208,4260.8454702542585,-22.500847955692794,-23.149967403322417,-21.18067013484264
static-panel20-reloaded,readshift4_vs_lr,cold,tbm_ns,p50,4833.0,3979.0,-17.670184150631073,-18.46740138016274,-17.23567142561556
static-panel20-reloaded,readshift4_vs_lr,cold,tbm_ns,p90,8541.5,6500.5,-23.89510039220277,-25.235931492485143,-22.410735398439353
static-panel20-reloaded,readshift4_vs_lr,cold,tbm_ns,p99,15519.319999999963,11655.429999999982,-24.89728931422247,-28.847927692307696,-22.14162584469046
static-panel20-reloaded,readshift4_vs_lr,cold,tbm_ns,p999,32580.917999999525,25616.792999999372,-21.37485813014923,-24.355992844366448,-11.969890313739374
static-panel20-reloaded,readshift4_vs_lr,cold,tbm_ns,max,84687.5,62937.5,-25.682656826568262,-45.93261339092872,-1.7362251471591317
static-panel20-reloaded,readshift4_vs_lr,warm1,commit_ns,mean,2716.0951123179466,1566.3795606023205,-42.329723524830676,-43.27962232870494,-41.71632266229125
static-panel20-reloaded,readshift4_vs_lr,warm1,commit_ns,p50,2187.5,1291.5,-40.959999999999994,-41.53079710144928,-40.37840332256576
static-panel20-reloaded,readshift4_vs_lr,warm1,commit_ns,p90,4770.5,2625.0,-44.97432134996332,-45.92088998763906,-44.24384027187765
static-panel20-reloaded,readshift4_vs_lr,warm1,commit_ns,p99,9488.659999999982,5271.0,-44.44947969470916,-46.086783356042716,-43.10459439662279
static-panel20-reloaded,readshift4_vs_lr,warm1,commit_ns,p999,21108.333999999813,14399.751999999746,-31.78167447985296,-34.745181765657826,-27.563505650184272
static-panel20-reloaded,readshift4_vs_lr,warm1,commit_ns,max,55625.0,43437.5,-21.91011235955056,-53.2671261641839,11.911357340720219
static-panel20-reloaded,readshift4_vs_lr,warm1,mask_ns,mean,2670.2531226857564,2614.147988151074,-2.101116709050088,-2.7358186655868533,-0.8449980822686332
static-panel20-reloaded,readshift4_vs_lr,warm1,mask_ns,p50,2500.0,2458.0,-1.6800000000000037,-1.6800000000000037,-0.020337604230225015
static-panel20-reloaded,readshift4_vs_lr,warm1,mask_ns,p90,3958.5,3875.0,-2.1093848680055594,-4.162500000000002,-1.0722491702833792
static-panel20-reloaded,readshift4_vs_lr,warm1,mask_ns,p99,7009.429999999982,6634.429999999982,-5.349935729438782,-8.280073853145865,-2.6796965336665535
static-panel20-reloaded,readshift4_vs_lr,warm1,mask_ns,p999,15124.581999999864,14832.917999999932,-1.9284103190417734,-9.924644377271319,2.074129719837936
static-panel20-reloaded,readshift4_vs_lr,warm1,mask_ns,max,37062.5,34333.5,-7.363237774030351,-29.252051401421433,28.420717131474092
static-panel20-reloaded,readshift4_vs_lr,warm1,tbm_ns,mean,5386.348235003703,4178.996025672674,-22.41504181784859,-23.200138692842742,-21.491452850161664
static-panel20-reloaded,readshift4_vs_lr,warm1,tbm_ns,p50,4791.5,3917.0,-18.251069602420955,-18.28046744574291,-17.536842105263162
static-panel20-reloaded,readshift4_vs_lr,warm1,tbm_ns,p90,8333.5,6270.5,-24.755504889902202,-26.65007980471318,-23.871966356637692
static-panel20-reloaded,readshift4_vs_lr,warm1,tbm_ns,p99,15331.859999999964,11083.23,-27.711119198844592,-29.312157468109024,-25.72947033881583
static-panel20-reloaded,readshift4_vs_lr,warm1,tbm_ns,p999,32364.04099999983,24774.997999999745,-23.44899699020937,-29.188881852947045,-13.903474221577838
static-panel20-reloaded,readshift4_vs_lr,warm1,tbm_ns,max,68083.5,56333.0,-17.258954078447786,-40.71001303558594,13.22308378508199
static-panel20-reloaded,readshift4_vs_lr,warm,commit_ns,mean,2715.0858635727805,1572.6522504731342,-42.0772553983364,-42.76546978789628,-41.733925161255634
static-panel20-reloaded,readshift4_vs_lr,warm,commit_ns,p50,2208.0,1291.0,-41.53079710144928,-41.53079710144928,-40.40147669589294
static-panel20-reloaded,readshift4_vs_lr,warm,commit_ns,p90,4791.0,2666.0,-44.35399707785431,-45.44887780548629,-43.43157894736842
static-panel20-reloaded,readshift4_vs_lr,warm,commit_ns,p99,9236.380000000012,5416.5,-41.356895233847105,-42.19733989469707,-39.90659843934403
static-panel20-reloaded,readshift4_vs_lr,warm,commit_ns,p999,20410.36799999982,14170.543999999703,-30.57183486353686,-33.99648432695336,-27.956962758814218
static-panel20-reloaded,readshift4_vs_lr,warm,commit_ns,max,63333.5,50062.5,-20.95415538380162,-50.5428226779252,6.047516198704095
static-panel20-reloaded,readshift4_vs_lr,warm,mask_ns,mean,2662.9149345840533,2613.429062782852,-1.858334682738605,-2.9821088283182307,-1.1478554991747214
static-panel20-reloaded,readshift4_vs_lr,warm,mask_ns,p50,2500.0,2458.0,-1.6800000000000037,-1.6800000000000037,-0.020337604230225015
static-panel20-reloaded,readshift4_vs_lr,warm,mask_ns,p90,3958.5,3875.0,-2.1093848680055594,-3.158160687215761,-2.0970186963112702
static-panel20-reloaded,readshift4_vs_lr,warm,mask_ns,p99,7021.0,6625.0,-5.6402221905711425,-7.141290347981277,-3.276000000000001
static-panel20-reloaded,readshift4_vs_lr,warm,mask_ns,p999,15192.337999999942,14900.45599999994,-1.9212447748332306,-5.484339791233561,0.4428677247675594
static-panel20-reloaded,readshift4_vs_lr,warm,mask_ns,max,46583.5,41875.0,-10.107656144342958,-22.628484297814122,12.643406013904723
static-panel20-reloaded,readshift4_vs_lr,warm,tbm_ns,mean,5379.70886200938,4180.78969801695,-22.285948826320336,-22.806779786319865,-21.74423946385223
static-panel20-reloaded,readshift4_vs_lr,warm,tbm_ns,p50,4791.5,3917.0,-18.251069602420955,-18.28046744574291,-17.536842105263162
static-panel20-reloaded,readshift4_vs_lr,warm,tbm_ns,p90,8395.5,6313.0,-24.80495503543565,-25.72941176470588,-23.689250658367243
static-panel20-reloaded,readshift4_vs_lr,warm,tbm_ns,p99,15090.560000000012,11166.5,-26.00340875355195,-27.42300932244013,-24.931051018272598
static-panel20-reloaded,readshift4_vs_lr,warm,tbm_ns,p999,30779.381999999645,24288.499999999287,-21.0884091175074,-25.097592717099804,-15.518260869567701
static-panel20-reloaded,readshift4_vs_lr,warm,tbm_ns,max,83458.0,74979.0,-10.15960123655012,-38.61228813559322,26.181102362204722
static-panel20-reloaded,readshift4_vs_integrated3279,cold,commit_ns,mean,1668.5965193779314,1625.7141199703779,-2.569968168430581,-3.9270762870184606,0.3744009617090427
static-panel20-reloaded,readshift4_vs_integrated3279,cold,commit_ns,p50,1333.0,1312.5,-1.5378844711177786,-3.112110986126737,0.0
static-panel20-reloaded,readshift4_vs_integrated3279,cold,commit_ns,p90,2854.0,2771.0,-2.9081990189208096,-4.347826086956519,1.4866559197564078
static-panel20-reloaded,readshift4_vs_integrated3279,cold,commit_ns,p99,5854.0,5687.5,-2.8442090878032067,-10.672000000000004,2.55409451573827
static-panel20-reloaded,readshift4_vs_integrated3279,cold,commit_ns,p999,16139.956999999915,15274.788999999677,-5.3604108115049005,-14.767381175569005,4.546533491926219
static-panel20-reloaded,readshift4_vs_integrated3279,cold,commit_ns,max,40479.5,40354.0,-0.31003347373361745,-12.610086587037884,68.12947746199787
static-panel20-reloaded,readshift4_vs_integrated3279,cold,mask_ns,mean,2654.188151073809,2637.275536904468,-0.6372047950895521,-1.2469804162486553,0.4974549101839365
static-panel20-reloaded,readshift4_vs_integrated3279,cold,mask_ns,p50,2479.5,2479.5,0.0,-1.6599999999999948,1.667344448962993
static-panel20-reloaded,readshift4_vs_integrated3279,cold,mask_ns,p90,3929.3000000000447,3896.0,-0.8474791947686411,-2.1093848680055594,0.00510620915030735
static-panel20-reloaded,readshift4_vs_integrated3279,cold,mask_ns,p99,6946.659999999982,6801.159999999982,-2.094531760587104,-5.873217563179445,2.630143112700978
static-panel20-reloaded,readshift4_vs_integrated3279,cold,mask_ns,p999,14977.790999999728,14974.038999999982,-0.0250504229879156,-3.7877591340139682,4.127328536206587
static-panel20-reloaded,readshift4_vs_integrated3279,cold,mask_ns,max,39687.5,38854.5,-2.0988976377952717,-25.20570687418936,12.338998370657572
static-panel20-reloaded,readshift4_vs_integrated3279,cold,tbm_ns,mean,4316.781831646507,4260.8454702542585,-1.2957884733061364,-2.125536690202512,0.3023260375976333
static-panel20-reloaded,readshift4_vs_integrated3279,cold,tbm_ns,p50,4000.0,3979.0,-0.5249999999999977,-2.0539470428111883,0.5151400929765071
static-panel20-reloaded,readshift4_vs_integrated3279,cold,tbm_ns,p90,6562.5,6500.5,-0.9447619047619038,-3.139622641509432,0.980165161688662
static-panel20-reloaded,readshift4_vs_integrated3279,cold,tbm_ns,p99,11905.159999999982,11655.429999999982,-2.0976618541875935,-7.356125877516151,0.37483196766796417
static-panel20-reloaded,readshift4_vs_integrated3279,cold,tbm_ns,p999,26566.833999999813,25616.792999999372,-3.5760414658383755,-7.348555672755985,0.6337112650568466
static-panel20-reloaded,readshift4_vs_integrated3279,cold,tbm_ns,max,59396.0,62937.5,5.962522728803288,-5.063291139240511,64.97437005322388
static-panel20-reloaded,readshift4_vs_integrated3279,warm1,commit_ns,mean,1582.1938039990127,1566.3795606023205,-0.9995136725173381,-2.5398661085840435,-0.23512522877561226
static-panel20-reloaded,readshift4_vs_integrated3279,warm1,commit_ns,p50,1291.5,1291.5,0.0,-0.07739938080495445,3.279999999999994
static-panel20-reloaded,readshift4_vs_integrated3279,warm1,commit_ns,p90,2667.0,2625.0,-1.5748031496062964,-3.0649926144756257,0.018751171948250267
static-panel20-reloaded,readshift4_vs_integrated3279,warm1,commit_ns,p99,5375.0,5271.0,-1.934883720930236,-6.293333333333329,0.7686539182602203
static-panel20-reloaded,readshift4_vs_integrated3279,warm1,commit_ns,p999,14238.54099999983,14399.751999999746,1.13221572350648,-7.066861662667945,7.457304135474034
static-panel20-reloaded,readshift4_vs_integrated3279,warm1,commit_ns,max,46312.5,43437.5,-6.207827260458842,-33.95205363431312,30.4359959494096
static-panel20-reloaded,readshift4_vs_integrated3279,warm1,mask_ns,mean,2621.348160947914,2614.147988151074,-0.27467441769490897,-1.0645599883287837,0.3127497268815782
static-panel20-reloaded,readshift4_vs_integrated3279,warm1,mask_ns,p50,2458.0,2458.0,0.0,0.0,0.040683482506098656
static-panel20-reloaded,readshift4_vs_integrated3279,warm1,mask_ns,p90,3875.0,3875.0,0.0,-1.08387096774194,0.0
static-panel20-reloaded,readshift4_vs_integrated3279,warm1,mask_ns,p99,6738.929999999982,6634.429999999982,-1.5506912818503915,-4.873408458949213,1.7384462805934087
static-panel20-reloaded,readshift4_vs_integrated3279,warm1,mask_ns,p999,15176.585999999967,14832.917999999932,-2.264461849325239,-7.925740938683845,3.392596236394607
static-panel20-reloaded,readshift4_vs_integrated3279,warm1,mask_ns,max,43229.5,34333.5,-20.57854011728102,-38.723950617283954,16.225805521100757
static-panel20-reloaded,readshift4_vs_integrated3279,warm1,tbm_ns,mean,4203.541964946927,4178.996025672674,-0.5839346788717781,-1.4557561802379215,0.22007607311398392
static-panel20-reloaded,readshift4_vs_integrated3279,warm1,tbm_ns,p50,3917.0,3917.0,0.0,-1.0358767054067686,0.0
static-panel20-reloaded,readshift4_vs_integrated3279,warm1,tbm_ns,p90,6333.0,6270.5,-0.9868940470551091,-1.96216385240775,0.1454591449524978
static-panel20-reloaded,readshift4_vs_integrated3279,warm1,tbm_ns,p99,11197.389999999981,11083.23,-1.019523299625913,-5.647786752632255,1.6582117436290567
static-panel20-reloaded,readshift4_vs_integrated3279,warm1,tbm_ns,p999,24253.415999999677,24774.997999999745,2.150550668821549,-11.139129082921473,15.745376489164675
static-panel20-reloaded,readshift4_vs_integrated3279,warm1,tbm_ns,max,64708.5,56333.0,-12.943430924839861,-45.68023033402461,27.915764532864905
static-panel20-reloaded,readshift4_vs_integrated3279,warm,commit_ns,mean,1590.7667654077181,1572.6522504731342,-1.1387285256705182,-1.9269185875320782,-0.28408204455709607
static-panel20-reloaded,readshift4_vs_integrated3279,warm,commit_ns,p50,1292.0,1291.0,-0.07739938080495445,-0.07739938080495445,0.03872966692486379
static-panel20-reloaded,readshift4_vs_integrated3279,warm,commit_ns,p90,2708.0,2666.0,-1.5509601181683874,-3.0649926144756257,0.0
static-panel20-reloaded,readshift4_vs_integrated3279,warm,commit_ns,p99,5458.0,5416.5,-0.7603517772077684,-3.7625307182335512,2.029544751608614
static-panel20-reloaded,readshift4_vs_integrated3279,warm,commit_ns,p999,13950.955999999584,14170.543999999703,1.5739996599525297,-6.109108552225766,9.129053351164828
static-panel20-reloaded,readshift4_vs_integrated3279,warm,commit_ns,max,58124.5,50062.5,-13.870226840660994,-30.76863071402569,8.411214953271017
static-panel20-reloaded,readshift4_vs_integrated3279,warm,mask_ns,mean,2615.52861844812,2613.429062782852,-0.08027270856298951,-0.5461502410337826,0.3828891487754005
static-panel20-reloaded,readshift4_vs_integrated3279,warm,mask_ns,p50,2458.0,2458.0,0.0,0.0,0.040683482506098656
static-panel20-reloaded,readshift4_vs_integrated3279,warm,mask_ns,p90,3875.0,3875.0,0.0,-0.5262482351431119,0.0
static-panel20-reloaded,readshift4_vs_integrated3279,warm,mask_ns,p99,6667.0,6625.0,-0.6299685015749179,-2.169713181750632,1.8867924528301883
static-panel20-reloaded,readshift4_vs_integrated3279,warm,mask_ns,p999,14963.337999999942,14900.45599999994,-0.4202404570424201,-4.933920000000802,2.316446176074005
static-panel20-reloaded,readshift4_vs_integrated3279,warm,mask_ns,max,44958.5,41875.0,-6.858547326979325,-31.242158092848182,20.422016659763443
static-panel20-reloaded,readshift4_vs_integrated3279,warm,tbm_ns,mean,4205.337982391179,4180.78969801695,-0.5837410566527423,-0.9383026019937124,-0.05063348021831978
static-panel20-reloaded,readshift4_vs_integrated3279,warm,tbm_ns,p50,3917.0,3917.0,0.0,-1.0358767054067686,0.0
static-panel20-reloaded,readshift4_vs_integrated3279,warm,tbm_ns,p90,6354.5,6313.0,-0.6530804941380142,-1.301960784313727,0.6552459145811929
static-panel20-reloaded,readshift4_vs_integrated3279,warm,tbm_ns,p99,11361.880000000012,11166.5,-1.719609782888143,-3.1164835164835147,0.37473233404710093
static-panel20-reloaded,readshift4_vs_integrated3279,warm,tbm_ns,p999,24076.337999999585,24288.499999999287,0.8812054391315938,-7.419747915164409,9.475217633147714
static-panel20-reloaded,readshift4_vs_integrated3279,warm,tbm_ns,max,81062.0,74979.0,-7.504132639214434,-27.07683169911611,7.146575543601585
static-panel20-reloaded,lr_control,cold,commit_ns,mean,2759.284941989632,2795.2137990619603,1.302107532483432,-0.5382336973537738,2.208111613972563
static-panel20-reloaded,lr_control,cold,commit_ns,p50,2229.5,2250.0,0.9194886745907072,0.0,1.856043458578549
static-panel20-reloaded,lr_control,cold,commit_ns,p90,4813.0,4854.5,0.8622480781217634,-0.6742109805219978,2.619494886245044
static-panel20-reloaded,lr_control,cold,commit_ns,p99,9405.429999999982,9687.5,2.9990122726979873,-3.05520219546834,6.703360244381207
static-panel20-reloaded,lr_control,cold,commit_ns,p999,20894.499999999796,21910.08399999971,4.860532676062723,-4.7041415334362675,15.247150338029304
static-panel20-reloaded,lr_control,cold,commit_ns,max,59417.0,63416.5,6.731238534426165,-11.010316912668095,107.30334470672886
static-panel20-reloaded,lr_control,cold,mask_ns,mean,2683.489804986423,2702.7114786472475,0.7162938955499909,-0.4831582625191233,1.207282742276261
static-panel20-reloaded,lr_control,cold,mask_ns,p50,2500.0,2500.0,0.0,0.0,1.667344448962993
static-panel20-reloaded,lr_control,cold,mask_ns,p90,4020.5,4021.0,0.01243626414624277,-1.0390895596239513,1.5625
static-panel20-reloaded,lr_control,cold,mask_ns,p99,7300.929999999982,7458.459999999999,2.157670324191807,-1.7007269236044453,4.560852161378959
static-panel20-reloaded,lr_control,cold,mask_ns,p999,15602.544999999729,16024.997999999745,2.7075903322183903,-1.7930007404000303,7.851139612917479
static-panel20-reloaded,lr_control,cold,mask_ns,max,48812.0,41354.5,-15.2780054085061,-38.1490494296578,35.78497163063996
static-panel20-reloaded,lr_control,cold,tbm_ns,mean,5441.806640335719,5497.925277709208,1.0312501175166133,-0.5243523076096257,1.7576709739772742
static-panel20-reloaded,lr_control,cold,tbm_ns,p50,4812.5,4833.0,0.42597402597401857,-0.8410256410256389,1.298701298701288
static-panel20-reloaded,lr_control,cold,tbm_ns,p90,8479.5,8541.5,0.7311751872162375,-0.49411764705882266,1.9880597014925394
static-panel20-reloaded,lr_control,cold,tbm_ns,p99,15320.519999999946,15519.319999999963,1.2976060864775985,-2.8587301587305047,6.740846163798686
static-panel20-reloaded,lr_control,cold,tbm_ns,p999,30967.831999999762,32580.917999999525,5.208908392424028,-3.9876439523120477,10.101146585274634
static-panel20-reloaded,lr_control,cold,tbm_ns,max,70479.0,84687.5,20.159905787539543,-13.708792908527423,84.46759635241432
static-panel20-reloaded,lr_control,warm1,commit_ns,mean,2713.7018267094545,2716.0951123179466,0.08819265200532556,-1.5429222084185845,2.041099755827447
static-panel20-reloaded,lr_control,warm1,commit_ns,p50,2167.0,2187.5,0.9460083064144031,-1.85688405797102,1.9155319639972301
static-panel20-reloaded,lr_control,warm1,commit_ns,p90,4812.5,4770.5,-0.8727272727272695,-3.4534827185227437,1.7473684210526308
static-panel20-reloaded,lr_control,warm1,commit_ns,p99,8956.589999999964,9488.659999999982,5.940542103635638,1.5764667641800845,8.665445732196453
static-panel20-reloaded,lr_control,warm1,commit_ns,p999,19999.417999999932,21108.333999999813,5.5447413519727595,-3.084241865190851,15.984605797890584
static-panel20-reloaded,lr_control,warm1,commit_ns,max,45396.0,55625.0,22.532822275090325,-9.709731666301092,52.50923065330419
static-panel20-reloaded,lr_control,warm1,mask_ns,mean,2665.1558133794124,2670.2531226857564,0.19125745972354835,-0.8875943878571713,1.2499077183243168
static-panel20-reloaded,lr_control,warm1,mask_ns,p50,2459.0,2500.0,1.667344448962993,-0.8267795926598098,1.708706265256299
static-panel20-reloaded,lr_control,warm1,mask_ns,p90,3979.5,3958.5,-0.527704485488123,-2.0750000000000046,1.558382182217673
static-panel20-reloaded,lr_control,warm1,mask_ns,p99,7020.5,7009.429999999982,-0.15768107684663857,-3.428884926621867,4.964221824686943
static-panel20-reloaded,lr_control,warm1,mask_ns,p999,15208.163999999932,15124.581999999864,-0.5495863932034717,-3.4341158749515266,4.997918761059905
static-panel20-reloaded,lr_control,warm1,mask_ns,max,44270.5,37062.5,-16.281722591793635,-36.722263679083554,11.267346751217723
static-panel20-reloaded,lr_control,warm1,tbm_ns,mean,5378.857640088867,5386.348235003703,0.13925995845305295,-1.0529177374842602,1.6131346145637382
static-panel20-reloaded,lr_control,warm1,tbm_ns,p50,4750.0,4791.5,0.8736842105263154,0.0,2.2186666666666577
static-panel20-reloaded,lr_control,warm1,tbm_ns,p90,8500.0,8333.5,-1.9588235294117684,-3.6231884057971064,1.5072602904116383
static-panel20-reloaded,lr_control,warm1,tbm_ns,p99,14771.0,15331.859999999964,3.797034730214377,-0.6562146126730228,6.7560688844315875
static-panel20-reloaded,lr_control,warm1,tbm_ns,p999,30159.083999999508,32364.04099999983,7.311087432232211,0.6313365161665141,9.424494083329439
static-panel20-reloaded,lr_control,warm1,tbm_ns,max,65416.5,68083.5,4.076953062300803,-17.619801493497576,38.731049402538574
static-panel20-reloaded,lr_control,warm,commit_ns,mean,2706.91788858718,2715.0858635727805,0.30174446812878397,-0.29388727827804884,1.6046528099997737
static-panel20-reloaded,lr_control,warm,commit_ns,p50,2187.5,2208.0,0.9371428571428586,0.0,1.8920166128288063
static-panel20-reloaded,lr_control,warm,commit_ns,p90,4791.0,4791.0,0.0,-1.2931926339747601,1.7473684210526308
static-panel20-reloaded,lr_control,warm,commit_ns,p99,9000.0,9236.380000000012,2.6264444444445756,0.6896551724137945,4.56673836748569
static-panel20-reloaded,lr_control,warm,commit_ns,p999,19379.99999999893,20410.36799999982,5.316656346754112,0.3155770733181256,11.27400807606831
static-panel20-reloaded,lr_control,warm,commit_ns,max,55396.0,63333.5,14.328651888222987,-7.439328825127978,80.38124646498616
static-panel20-reloaded,lr_control,warm,mask_ns,mean,2653.2343289722703,2662.9149345840533,0.3648605592832421,-0.3249332160877416,1.4839480137730066
static-panel20-reloaded,lr_control,warm,mask_ns,p50,2458.5,2500.0,1.6880211511083987,-0.8199999999999985,1.708706265256299
static-panel20-reloaded,lr_control,warm,mask_ns,p90,3958.5,3958.5,0.0,-1.0499999999999954,1.5873015873015817
static-panel20-reloaded,lr_control,warm,mask_ns,p99,6979.0,7021.0,0.6018054162487463,-0.8875949726620758,3.568333484093267
static-panel20-reloaded,lr_control,warm,mask_ns,p999,15072.293999999882,15192.337999999942,0.7964547400685085,-2.288561012052829,2.1321772234446534
static-panel20-reloaded,lr_control,warm,mask_ns,max,49208.5,46583.5,-5.334444252517345,-15.676959619952491,8.122504874199233
static-panel20-reloaded,lr_control,warm,tbm_ns,mean,5363.957985682548,5379.70886200938,0.2936427982634271,-0.18543408051158172,1.5100751699106407
static-panel20-reloaded,lr_control,warm,tbm_ns,p50,4750.0,4791.5,0.8736842105263154,0.0,1.7625822892333831
static-panel20-reloaded,lr_control,warm,tbm_ns,p90,8396.0,8395.5,-0.005955216769892857,-1.2864859742221957,1.4925373134328401
static-panel20-reloaded,lr_control,warm,tbm_ns,p99,14833.5,15090.560000000012,1.7329692924799467,-0.14117647058823346,4.626803551609315
static-panel20-reloaded,lr_control,warm,tbm_ns,p999,30620.20599999905,30779.381999999645,0.5198397424256429,-5.213343186171803,7.700928653182193
static-panel20-reloaded,lr_control,warm,tbm_ns,max,70292.0,83458.0,18.730438741250776,-5.5186061390587575,75.50923239447098
static-js-fresh,readshift4_vs_lr,cold,commit_ns,mean,4116.5770919736515,2659.802024884118,-35.38801860239419,-36.88152190246116,-34.35255030107525
static-js-fresh,readshift4_vs_lr,cold,commit_ns,p50,2500.0,2209.0,-11.639999999999995,-11.680000000000001,-9.255898366606175
static-js-fresh,readshift4_vs_lr,cold,commit_ns,p90,8291.6,4666.5,-43.72015051377298,-44.89197438506194,-42.09210278318771
static-js-fresh,readshift4_vs_lr,cold,commit_ns,p99,26007.91999999999,9750.42,-62.50980470564349,-64.08916070756491,-61.52571316079825
static-js-fresh,readshift4_vs_lr,cold,commit_ns,p999,43409.13400000011,22738.433000000026,-47.61832152652487,-55.56722880271858,-35.04859101719404
static-js-fresh,readshift4_vs_lr,cold,commit_ns,max,91708.0,37646.0,-58.95014611593318,-81.17125407403675,-33.10697674418604
static-js-fresh,readshift4_vs_lr,cold,mask_ns,mean,13832.869480361063,13638.51390583069,-1.4050271695710381,-2.3435063454493705,-0.22735649527471022
static-js-fresh,readshift4_vs_lr,cold,mask_ns,p50,15729.0,15562.5,-1.0585542628266276,-2.6204724409448765,-0.26239999999999597
static-js-fresh,readshift4_vs_lr,cold,mask_ns,p90,22937.0,22358.200000000004,-2.5234337533243,-3.5898390328989005,0.0008907180473138882
static-js-fresh,readshift4_vs_lr,cold,mask_ns,p99,33818.329999999994,33317.49999999999,-1.4809424356554635,-5.200933223704185,0.7469746599947369
static-js-fresh,readshift4_vs_lr,cold,mask_ns,p999,58853.125000000015,58889.875,0.06244358307223585,-2.452003597179009,1.7416250705294845
static-js-fresh,readshift4_vs_lr,cold,mask_ns,max,89416.5,78791.5,-11.882594375758393,-32.311656095273634,34.261209986793276
static-js-fresh,readshift4_vs_lr,cold,tbm_ns,mean,17982.71944376677,16302.060014637716,-9.345969247780317,-10.207245579026935,-8.175281725512363
static-js-fresh,readshift4_vs_lr,cold,tbm_ns,p50,18666.5,17771.0,-4.797364262180914,-5.763090676883776,-3.591896036806841
static-js-fresh,readshift4_vs_lr,cold,tbm_ns,p90,29362.400000000012,26083.5,-11.167002697327232,-12.204655588744464,-8.402562498471
static-js-fresh,readshift4_vs_lr,cold,tbm_ns,p99,53596.06999999999,40812.91,-23.85092787586849,-25.946271301446988,-22.280835923444158
static-js-fresh,readshift4_vs_lr,cold,tbm_ns,p999,80620.69200000004,68568.86600000015,-14.948799992934669,-32.32945602092897,-9.141486388614872
static-js-fresh,readshift4_vs_lr,cold,tbm_ns,max,117166.5,96645.5,-17.514391912364026,-59.58924001044659,0.0
static-js-fresh,readshift4_vs_lr,warm1,commit_ns,mean,3938.229934130276,2645.1569895096363,-32.83386105555576,-36.13249110578668,-31.610664152413936
static-js-fresh,readshift4_vs_lr,warm1,commit_ns,p50,2417.0,2229.5,-7.75755068266446,-10.256410256410254,-5.263157894736848
static-js-fresh,readshift4_vs_lr,warm1,commit_ns,p90,7958.0,4666.5,-41.36089469716009,-44.587405666213044,-37.56190476190476
static-js-fresh,readshift4_vs_lr,warm1,commit_ns,p99,25168.589999999997,9479.84,-62.33464012088083,-64.85738653591402,-59.77527611926523
static-js-fresh,readshift4_vs_lr,warm1,commit_ns,p999,40866.058000000034,20742.067000000097,-49.243778296404116,-54.89175441676577,-39.07547872719756
static-js-fresh,readshift4_vs_lr,warm1,commit_ns,max,57708.0,36521.0,-36.71414708532612,-51.75901004921087,-29.544347690569417
static-js-fresh,readshift4_vs_lr,warm1,mask_ns,mean,13671.105269577947,13612.113564283973,-0.43150648122978197,-2.047556537702211,0.7310918634595875
static-js-fresh,readshift4_vs_lr,warm1,mask_ns,p50,15563.0,15521.0,-0.2698708475229683,-0.8085215605749485,0.537271177170795
static-js-fresh,readshift4_vs_lr,warm1,mask_ns,p90,22416.6,22312.5,-0.46438799817991594,-2.616824935013255,0.7451686334855836
static-js-fresh,readshift4_vs_lr,warm1,mask_ns,p99,33398.0,33899.25,1.5008383735553021,-7.0552515401747335,3.0590669050054142
static-js-fresh,readshift4_vs_lr,warm1,mask_ns,p999,57594.942000000025,57918.37500000016,0.5615649374212994,-8.058655559156346,7.395683569681211
static-js-fresh,readshift4_vs_lr,warm1,mask_ns,max,82812.0,69083.5,-16.577911413804756,-38.89037426656101,9.43920792079207
static-js-fresh,readshift4_vs_lr,warm1,tbm_ns,mean,17621.317882410345,16230.795071968772,-7.891139696365146,-9.630299436992084,-6.742385584125721
static-js-fresh,readshift4_vs_lr,warm1,tbm_ns,p50,18438.0,17791.5,-3.506345590628046,-4.497896667026213,-2.8352969987211263
static-js-fresh,readshift4_vs_lr,warm1,tbm_ns,p90,28441.600000000006,26000.0,-8.584608460846098,-10.831932627493114,-6.201616636399199
static-js-fresh,readshift4_vs_lr,warm1,tbm_ns,p99,52584.25,40877.909999999996,-22.262065162097024,-23.624291723811876,-20.47390671439382
static-js-fresh,readshift4_vs_lr,warm1,tbm_ns,p999,79721.58500000011,63699.67400000004,-20.097331230933314,-27.024458803289996,-10.739167276588246
static-js-fresh,readshift4_vs_lr,warm1,tbm_ns,max,111438.0,82750.0,-25.743462732640577,-31.66500029406575,-9.999674206965459
static-js-fresh,readshift4_vs_lr,warm,commit_ns,mean,3981.069529153452,2623.603155241116,-34.098032299400515,-36.25519787494936,-32.941208072018824
static-js-fresh,readshift4_vs_lr,warm,commit_ns,p50,2437.5,2208.0,-9.415384615384614,-10.207401382675885,-6.909391808026477
static-js-fresh,readshift4_vs_lr,warm,commit_ns,p90,8000.0,4645.5,-41.93125,-44.15885004263613,-40.20317460317461
static-js-fresh,readshift4_vs_lr,warm,commit_ns,p99,25500.0,9333.83999999998,-63.39670588235302,-65.04132927948454,-62.01821704613464
static-js-fresh,readshift4_vs_lr,warm,commit_ns,p999,40310.49999999971,20513.215999999797,-49.11197826868944,-54.504593186372574,-43.19088028699149
static-js-fresh,readshift4_vs_lr,warm,commit_ns,max,79771.0,42458.5,-46.77451705507014,-54.55422221962439,-36.739970696067836
static-js-fresh,readshift4_vs_lr,warm,mask_ns,mean,13682.231804505165,13567.101284866229,-0.8414600869503408,-2.0082980514738558,0.2484224043310057
static-js-fresh,readshift4_vs_lr,warm,mask_ns,p50,15583.5,15562.0,-0.1379664388616142,-0.8000530487025445,0.8042722944280101
static-js-fresh,readshift4_vs_lr,warm,mask_ns,p90,22458.0,22229.0,-1.0196811826520658,-3.2696418732782617,0.3723308810335446
static-js-fresh,readshift4_vs_lr,warm,mask_ns,p99,33816.679999999906,33250.0,-1.6757410839854936,-6.122929846628544,-0.7536750988730412
static-js-fresh,readshift4_vs_lr,warm,mask_ns,p999,59269.635999999955,57668.56799999988,-2.7013292269925104,-7.016835057240645,3.7269168938725006
static-js-fresh,readshift4_vs_lr,warm,mask_ns,max,86520.5,76333.5,-11.774088221866496,-33.540916269360615,7.906773063448802
static-js-fresh,readshift4_vs_lr,warm,tbm_ns,mean,17663.301333658615,16190.808571196227,-8.336452708625053,-10.04703830292446,-7.11970259221284
static-js-fresh,readshift4_vs_lr,warm,tbm_ns,p50,18479.0,17770.5,-3.834081930840416,-4.703223376204058,-2.4922625834826517
static-js-fresh,readshift4_vs_lr,warm,tbm_ns,p90,28583.7,25875.5,-9.474630646137483,-11.688809137651424,-7.586783535397156
static-js-fresh,readshift4_vs_lr,warm,tbm_ns,p99,52812.5,40396.83999999998,-23.508942011834357,-26.104482783659325,-22.165853100125364
static-js-fresh,readshift4_vs_lr,warm,tbm_ns,p999,78204.43199999967,63850.57999999983,-18.35426923118616,-21.323961265086332,-13.989066353263201
static-js-fresh,readshift4_vs_lr,warm,tbm_ns,max,124062.5,99062.0,-20.15153652392947,-34.58583922548124,-1.1407575964960337
static-js-fresh,readshift4_vs_integrated3279,cold,commit_ns,mean,2834.7615272017565,2659.802024884118,-6.171930183148211,-8.400876750480169,-3.6208575986030556
static-js-fresh,readshift4_vs_integrated3279,cold,commit_ns,p50,2417.0,2209.0,-8.605709557302443,-10.130187144019532,-6.909391808026477
static-js-fresh,readshift4_vs_integrated3279,cold,commit_ns,p90,4833.0,4666.5,-3.445065176908757,-7.377974989915048,3.2034346103038347
static-js-fresh,readshift4_vs_integrated3279,cold,commit_ns,p99,10063.34,9750.42,-3.109504399135876,-9.333504429913598,2.85871501938999
static-js-fresh,readshift4_vs_integrated3279,cold,commit_ns,p999,26410.41500000006,22738.433000000026,-13.90353767632968,-29.11707959173534,2.89848191318256
static-js-fresh,readshift4_vs_integrated3279,cold,commit_ns,max,43229.5,37646.0,-12.915948599914406,-38.482384823848236,28.3486575653693
static-js-fresh,readshift4_vs_integrated3279,cold,mask_ns,mean,13747.819590143938,13638.51390583069,-0.7950765108352909,-1.6719361218471396,-0.0555594365550971
static-js-fresh,readshift4_vs_integrated3279,cold,mask_ns,p50,15791.5,15562.5,-1.4501472311053365,-2.3499185361574138,-0.2645161290322551
static-js-fresh,readshift4_vs_integrated3279,cold,mask_ns,p90,22521.0,22358.200000000004,-0.722880866746578,-1.657916795341241,0.9027162814233325
static-js-fresh,readshift4_vs_integrated3279,cold,mask_ns,p99,34089.73999999999,33317.49999999999,-2.2653150185363624,-7.234317424906115,2.6241930077435915
static-js-fresh,readshift4_vs_integrated3279,cold,mask_ns,p999,59031.63400000005,58889.875,-0.24014073538951575,-6.191783905681003,2.6205703062639696
static-js-fresh,readshift4_vs_integrated3279,cold,mask_ns,max,85166.5,78791.5,-7.485337544691872,-30.47290038340611,19.721999999999994
static-js-fresh,readshift4_vs_integrated3279,cold,tbm_ns,mean,16554.127714076603,16302.060014637716,-1.522687898707853,-2.7583794655618665,-0.41553571999299876
static-js-fresh,readshift4_vs_integrated3279,cold,tbm_ns,p50,18250.0,17771.0,-2.624657534246577,-3.192652525694295,-0.9277777777777829
static-js-fresh,readshift4_vs_integrated3279,cold,tbm_ns,p90,26562.6,26083.5,-1.8036637979715775,-2.5201116401248225,0.8074942902489113
static-js-fresh,readshift4_vs_integrated3279,cold,tbm_ns,p99,42396.42,40812.91,-3.735008757814917,-7.740139625802833,-1.5104837003259375
static-js-fresh,readshift4_vs_integrated3279,cold,tbm_ns,p999,69368.44200000007,68568.86600000015,-1.1526509417638553,-7.0288366259015795,8.626957579022164
static-js-fresh,readshift4_vs_integrated3279,cold,tbm_ns,max,95479.0,96645.5,1.221734622272952,-22.458918674405925,16.5156626506024
static-js-fresh,readshift4_vs_integrated3279,warm1,commit_ns,mean,2766.0533056843133,2645.1569895096363,-4.370715341104658,-8.541052479410471,-2.064160936365167
static-js-fresh,readshift4_vs_integrated3279,warm1,commit_ns,p50,2417.0,2229.5,-7.75755068266446,-10.32484998965446,-5.263157894736848
static-js-fresh,readshift4_vs_integrated3279,warm1,commit_ns,p90,4708.0,4666.5,-0.8814783347493638,-6.083689867473652,4.439252336448596
static-js-fresh,readshift4_vs_integrated3279,warm1,commit_ns,p99,9458.91,9479.84,0.2212728527916985,-9.532025915185937,14.402618282039459
static-js-fresh,readshift4_vs_integrated3279,warm1,commit_ns,p999,23899.625000000313,20742.067000000097,-13.211747046240996,-29.204053941536504,0.37936004391467826
static-js-fresh,readshift4_vs_integrated3279,warm1,commit_ns,max,35854.0,36521.0,1.860322418698046,-19.23355831985274,15.680000000000005
static-js-fresh,readshift4_vs_integrated3279,warm1,mask_ns,mean,13700.462429860941,13612.113564283973,-0.6448604638658595,-2.3686851315741775,0.404770508795238
static-js-fresh,readshift4_vs_integrated3279,warm1,mask_ns,p50,15687.5,15521.0,-1.0613545816733017,-2.3622047244094446,-0.5347253166974375
static-js-fresh,readshift4_vs_integrated3279,warm1,mask_ns,p90,22425.20000000001,22312.5,-0.5025596204270677,-2.581587920116901,0.8474576271186418
static-js-fresh,readshift4_vs_integrated3279,warm1,mask_ns,p99,33940.409999999996,33899.25,-0.12127136943836936,-4.54435193443774,2.4195565486257786
static-js-fresh,readshift4_vs_integrated3279,warm1,mask_ns,p999,57953.61600000009,57918.37500000016,-0.0608089752327623,-8.974285584326736,5.31278496927623
static-js-fresh,readshift4_vs_integrated3279,warm1,mask_ns,max,69354.5,69083.5,-0.39074609434138763,-15.877882801901466,11.85352230469392
static-js-fresh,readshift4_vs_integrated3279,warm1,tbm_ns,mean,16419.62954379117,16230.795071968772,-1.150053180668753,-3.0699325145276624,-0.17042344282207633
static-js-fresh,readshift4_vs_integrated3279,warm1,tbm_ns,p50,18167.0,17791.5,-2.066934551659605,-3.183772935779817,-0.9222222222222243
static-js-fresh,readshift4_vs_integrated3279,warm1,tbm_ns,p90,26125.0,26000.0,-0.4784688995215336,-2.9998454270924957,1.3949728626968305
static-js-fresh,readshift4_vs_integrated3279,warm1,tbm_ns,p99,41086.83,40877.909999999996,-0.5084841054907474,-4.006531058150175,2.602616991394857
static-js-fresh,readshift4_vs_integrated3279,warm1,tbm_ns,p999,65408.80800000006,63699.67400000004,-2.6130028237175917,-6.606169972799081,1.3435214806259532
static-js-fresh,readshift4_vs_integrated3279,warm1,tbm_ns,max,89500.0,82750.0,-7.5418994413407825,-21.775147928994087,6.225741344511726
static-js-fresh,readshift4_vs_integrated3279,warm,commit_ns,mean,2761.377124501911,2623.603155241116,-4.989321018064363,-8.410961173487564,-3.1281002740021093
static-js-fresh,readshift4_vs_integrated3279,warm,commit_ns,p50,2417.0,2208.0,-8.647083160943314,-10.17087062652563,-6.909391808026477
static-js-fresh,readshift4_vs_integrated3279,warm,commit_ns,p90,4708.5,4645.5,-1.338005734310288,-3.5157894736842055,2.7464819604576807
static-js-fresh,readshift4_vs_integrated3279,warm,commit_ns,p99,9333.0,9333.83999999998,0.00900032143984486,-6.566439780042533,4.883210587061337
static-js-fresh,readshift4_vs_integrated3279,warm,commit_ns,p999,23988.067999999676,20513.215999999797,-14.485751832952642,-25.579223866100197,0.9238360191062611
static-js-fresh,readshift4_vs_integrated3279,warm,commit_ns,max,42667.0,42458.5,-0.48866805728080553,-27.774360292699953,13.816589927714285
static-js-fresh,readshift4_vs_integrated3279,warm,mask_ns,mean,13695.266040497681,13567.101284866229,-0.9358325369690723,-1.9063070170961982,0.2778845035874111
static-js-fresh,readshift4_vs_integrated3279,warm,mask_ns,p50,15729.0,15562.0,-1.0617331044567413,-1.8459297723458779,-0.2680794025659017
static-js-fresh,readshift4_vs_integrated3279,warm,mask_ns,p90,22416.5,22229.0,-0.836437445631566,-1.9448514719595078,1.3260371017915107
static-js-fresh,readshift4_vs_integrated3279,warm,mask_ns,p99,33732.81999999992,33250.0,-1.431306365729046,-4.2852063214889435,0.0
static-js-fresh,readshift4_vs_integrated3279,warm,mask_ns,p999,58470.147999999914,57668.56799999988,-1.3709217907230786,-5.535930590410376,3.4300612971751354
static-js-fresh,readshift4_vs_integrated3279,warm,mask_ns,max,87979.0,76333.5,-13.23668148080792,-28.23386970785815,3.1611532625189787
static-js-fresh,readshift4_vs_integrated3279,warm,tbm_ns,mean,16476.904163617142,16190.808571196227,-1.7363431235622895,-2.761926327508313,-0.30942014756203395
static-js-fresh,readshift4_vs_integrated3279,warm,tbm_ns,p50,18125.0,17770.5,-1.9558620689655193,-2.852054794520553,-0.9207542996184315
static-js-fresh,readshift4_vs_integrated3279,warm,tbm_ns,p90,26312.5,25875.5,-1.6608076009501205,-2.6996514623428336,0.727561988281411
static-js-fresh,readshift4_vs_integrated3279,warm,tbm_ns,p99,40855.31999999998,40396.83999999998,-1.1222039137130602,-3.8863866041132678,0.2070080521786366
static-js-fresh,readshift4_vs_integrated3279,warm,tbm_ns,p999,66159.21599999996,63850.57999999983,-3.4895153533864853,-9.98925017306387,3.7025779678067527
static-js-fresh,readshift4_vs_integrated3279,warm,tbm_ns,max,107959.0,99062.0,-8.241091525486532,-20.475781250000004,9.732083864543695
static-js-fresh,lr_control,cold,commit_ns,mean,4016.7582337155404,4116.5770919736515,2.485060151747742,-1.0365425033119435,6.39786425503839
static-js-fresh,lr_control,cold,commit_ns,p50,2458.0,2500.0,1.708706265256299,0.0,3.434009102192803
static-js-fresh,lr_control,cold,commit_ns,p90,8046.100000000006,8291.6,3.051167646437336,0.9805992965535415,5.973462553277709
static-js-fresh,lr_control,cold,commit_ns,p99,25920.26,26007.91999999999,0.33819105209589306,-3.890157572917377,4.671577206165622
static-js-fresh,lr_control,cold,commit_ns,p999,43756.35700000002,43409.13400000011,-0.793537268196054,-20.796901000234758,17.60920864932729
static-js-fresh,lr_control,cold,commit_ns,max,70770.5,91708.0,29.585067224337823,-51.83341946210709,188.2335231206704
static-js-fresh,lr_control,cold,mask_ns,mean,13726.43583800927,13832.869480361063,0.7753916865809618,-1.009864526039539,2.0642030654130408
static-js-fresh,lr_control,cold,mask_ns,p50,15646.0,15729.0,0.5304870254378091,-1.5748031496062964,1.8672997946611813
static-js-fresh,lr_control,cold,mask_ns,p90,22504.200000000004,22937.0,1.9231965588645483,-0.9658616338789616,4.222057268821566
static-js-fresh,lr_control,cold,mask_ns,p99,33627.92,33818.329999999994,0.5662259217935395,-1.5734909254790375,5.922282524876521
static-js-fresh,lr_control,cold,mask_ns,p999,60573.18300000005,58853.125000000015,-2.8396361472370235,-6.473180813866805,1.9154907135058519
static-js-fresh,lr_control,cold,mask_ns,max,75541.5,89416.5,18.3673874625206,-21.53502418424219,54.397191278015214
static-js-fresh,lr_control,cold,tbm_ns,mean,17783.504513295928,17982.71944376677,1.1202231276849828,-0.6258024464734113,3.6805023727563
static-js-fresh,lr_control,cold,tbm_ns,p50,18562.5,18666.5,0.5602693602693609,-1.1044443264482506,1.816355343179854
static-js-fresh,lr_control,cold,tbm_ns,p90,28733.200000000004,29362.400000000012,2.1898013447858578,-0.9257583561872451,5.514618834080798
static-js-fresh,lr_control,cold,tbm_ns,p99,53696.66999999999,53596.06999999999,-0.18734867543928058,-4.2995126805659645,3.4002408968705655
static-js-fresh,lr_control,cold,tbm_ns,p999,81131.4910000001,80620.69200000004,-0.6295940006822431,-8.78078524784608,26.814202566603495
static-js-fresh,lr_control,cold,tbm_ns,max,119437.0,117166.5,-1.9010022019977035,-37.4159840937088,102.69590610482547
static-js-fresh,lr_control,warm1,commit_ns,mean,3945.0762381068553,3938.229934130276,-0.17354047332339695,-1.275231860338244,4.343805969407311
static-js-fresh,lr_control,warm1,commit_ns,p50,2417.0,2417.0,0.0,-2.564102564102566,1.738410596026485
static-js-fresh,lr_control,warm1,commit_ns,p90,7983.200000000006,7958.0,-0.3156628920734317,-3.729099898139321,3.1694900266545423
static-js-fresh,lr_control,warm1,commit_ns,p99,24084.67,25168.589999999997,4.500456099253181,-0.26177863662000256,6.592016195356498
static-js-fresh,lr_control,warm1,commit_ns,p999,40982.75900000003,40866.058000000034,-0.284756328874769,-15.502749289091478,11.88650013752428
static-js-fresh,lr_control,warm1,commit_ns,max,64792.0,57708.0,-10.933448573898009,-33.4778097982709,3.7823858125894727
static-js-fresh,lr_control,warm1,mask_ns,mean,13715.317638448403,13671.105269577947,-0.32235760072019115,-1.4674395118227213,1.561461225068848
static-js-fresh,lr_control,warm1,mask_ns,p50,15770.5,15563.0,-1.315747756887864,-2.1039370078740127,0.27023549092781707
static-js-fresh,lr_control,warm1,mask_ns,p90,22337.600000000006,22416.6,0.3536637776663243,-1.435580110497181,3.0648275862068974
static-js-fresh,lr_control,warm1,mask_ns,p99,32899.74,33398.0,1.5144800536417646,-2.9332222745084957,7.636202606692599
static-js-fresh,lr_control,warm1,mask_ns,p999,58112.299000000006,57594.942000000025,-0.8902710939038605,-6.569896514652928,11.303205159477269
static-js-fresh,lr_control,warm1,mask_ns,max,79124.5,82812.0,4.660377000802529,-26.227540990760033,45.59069278882115
static-js-fresh,lr_control,warm1,tbm_ns,mean,17615.614906074654,17621.317882410345,0.03237455159015301,-1.4274744906670467,2.904879808299099
static-js-fresh,lr_control,warm1,tbm_ns,p50,18666.0,18438.0,-1.2214721954355467,-2.0043829173125194,0.9109256531936838
static-js-fresh,lr_control,warm1,tbm_ns,p90,28483.600000000006,28441.600000000006,-0.14745327135614605,-2.2924441597505174,4.206140064318897
static-js-fresh,lr_control,warm1,tbm_ns,p99,52150.17,52584.25,0.8323654553762827,-1.9324517837747246,3.5872353027877946
static-js-fresh,lr_control,warm1,tbm_ns,p999,82815.44200000011,79721.58500000011,-3.7358455443611605,-19.706093377706647,10.689712764892679
static-js-fresh,lr_control,warm1,tbm_ns,max,107416.5,111438.0,3.7438382371423495,-31.032482125616475,17.939494832387016
static-js-fresh,lr_control,warm,commit_ns,mean,3958.4709685289095,3981.069529153452,0.570891154797093,-1.4280706255690445,3.4676859504429336
static-js-fresh,lr_control,warm,commit_ns,p50,2417.0,2437.5,0.8481588746379831,-1.6680227827502003,2.6315789473684292
static-js-fresh,lr_control,warm,commit_ns,p90,8042.0,8000.0,-0.5222581447401176,-2.57330199183472,4.054607858204173
static-js-fresh,lr_control,warm,commit_ns,p99,24689.17999999996,25500.0,3.284110691404263,-2.094603397148853,6.254716856222475
static-js-fresh,lr_control,warm,commit_ns,p999,40398.14799999999,40310.49999999971,-0.21696044086050303,-8.721778076391917,9.051102926557352
static-js-fresh,lr_control,warm,commit_ns,max,79312.5,79771.0,0.5780929866036288,-14.190405591443401,29.00864985195586
static-js-fresh,lr_control,warm,mask_ns,mean,13775.481255590796,13682.231804505165,-0.676923363732107,-1.9384399226103244,2.105669774754948
static-js-fresh,lr_control,warm,mask_ns,p50,15687.5,15583.5,-0.66294820717131,-2.0976377952755865,0.40213614721400504
static-js-fresh,lr_control,warm,mask_ns,p90,22541.5,22458.0,-0.37042787747044725,-2.013186813186818,3.4295623451692823
static-js-fresh,lr_control,warm,mask_ns,p99,33646.81999999998,33816.679999999906,0.5048322545783801,-1.4111190221907988,5.57236336487109
static-js-fresh,lr_control,warm,mask_ns,p999,59316.21599999987,59269.635999999955,-0.07852827294295706,-3.765492570163065,1.7753911002212908
static-js-fresh,lr_control,warm,mask_ns,max,84229.0,86520.5,2.7205594272756484,-17.03457297139065,29.2223866158311
static-js-fresh,lr_control,warm,tbm_ns,mean,17733.952224119705,17663.301333658615,-0.39839337316471823,-2.0353384703417188,2.8867276767279293
static-js-fresh,lr_control,warm,tbm_ns,p50,18625.0,18479.0,-0.7838926174496663,-1.7813333333333348,1.1397260273972698
static-js-fresh,lr_control,warm,tbm_ns,p90,28646.0,28583.7,-0.2174823710116569,-2.6710344827586607,3.9418181818181797
static-js-fresh,lr_control,warm,tbm_ns,p99,52231.97999999994,52812.5,1.1114263713534633,-1.988975446582986,6.027728067597837
static-js-fresh,lr_control,warm,tbm_ns,p999,76253.28399999977,78204.43199999967,2.5587724195588857,-2.5329419821941257,7.493652532629769
static-js-fresh,lr_control,warm,tbm_ns,max,127291.0,124062.5,-2.536314429142672,-22.665000346275644,15.746845849271862
static-js-reloaded,readshift4_vs_lr,cold,commit_ns,mean,3857.7499390095145,2617.538424005855,-32.14857195544629,-33.15212175250317,-31.74909822428278
static-js-reloaded,readshift4_vs_lr,cold,commit_ns,p50,2375.0,2208.5,-7.010526315789479,-8.605709557302443,-6.073888541014405
static-js-reloaded,readshift4_vs_lr,cold,commit_ns,p90,7650.100000000006,4542.0,-40.62822708199897,-42.928268486077904,-39.19376693766947
static-js-reloaded,readshift4_vs_lr,cold,commit_ns,p99,24211.42,9500.84,-60.75884851033106,-63.10166362001504,-58.52999622137352
static-js-reloaded,readshift4_vs_lr,cold,commit_ns,p999,38791.826000000045,22698.62500000011,-41.486062037914685,-47.67017745240911,-37.16799290615522
static-js-reloaded,readshift4_vs_lr,cold,commit_ns,max,64833.5,42791.5,-33.997856046642546,-54.25314769455545,22.991689750692522
static-js-reloaded,readshift4_vs_lr,cold,mask_ns,mean,14314.853378872896,14241.361307636009,-0.5133973034285755,-1.1079723849936496,1.2920733387388195
static-js-reloaded,readshift4_vs_lr,cold,mask_ns,p50,16459.0,16417.0,-0.2551795370314136,-1.389099052749443,1.0276923076923072
static-js-reloaded,readshift4_vs_lr,cold,mask_ns,p90,23312.5,23420.700000000004,0.46412868632710325,-0.8822410951958348,1.7108787695498062
static-js-reloaded,readshift4_vs_lr,cold,mask_ns,p99,34022.17999999999,34417.759999999995,1.1627120895839171,-4.00725739970027,3.868967739274476
static-js-reloaded,readshift4_vs_lr,cold,mask_ns,p999,61377.38400000004,59243.68300000004,-3.476363541333072,-12.524829171398277,-0.6914772568791139
static-js-reloaded,readshift4_vs_lr,cold,mask_ns,max,81625.5,81062.5,-0.6897354380677623,-27.19435219600167,12.049383936626423
static-js-reloaded,readshift4_vs_lr,cold,tbm_ns,mean,18141.954379116858,16857.20761161259,-7.081633768096873,-7.864151874801384,-5.549986128988193
static-js-reloaded,readshift4_vs_lr,cold,tbm_ns,p50,19249.5,18625.0,-3.2442401101327345,-4.841376459646584,-1.9607843137254943
static-js-reloaded,readshift4_vs_lr,cold,tbm_ns,p90,28945.70000000001,26941.600000000006,-6.92365359967112,-8.575393937342346,-5.7746969485857225
static-js-reloaded,readshift4_vs_lr,cold,tbm_ns,p99,53029.74999999999,42171.079999999994,-20.47656268415371,-23.882963745128038,-18.254683239067116
static-js-reloaded,readshift4_vs_lr,cold,tbm_ns,p999,78282.07600000012,65051.50000000003,-16.901156274905215,-26.113205925908733,-8.78985213671869
static-js-reloaded,readshift4_vs_lr,cold,tbm_ns,max,118250.0,90625.5,-23.361099365750526,-44.0541977363981,23.06917175919907
static-js-reloaded,readshift4_vs_lr,warm1,commit_ns,mean,3883.264698707002,2608.833861917541,-32.81854150230357,-34.28491108300595,-30.502722050579134
static-js-reloaded,readshift4_vs_lr,warm1,commit_ns,p50,2395.5,2208.0,-7.827175954915466,-10.306291390728472,-6.870860927152322
static-js-reloaded,readshift4_vs_lr,warm1,commit_ns,p90,7833.1,4645.5,-40.69397811849716,-42.54436358993999,-39.5185328782535
static-js-reloaded,readshift4_vs_lr,warm1,commit_ns,p99,24565.839999999997,9354.43,-61.920984586726924,-63.53493818280561,-60.35315679533153
static-js-reloaded,readshift4_vs_lr,warm1,commit_ns,p999,39360.61600000005,21689.076000000074,-44.89650263603586,-52.19385894450998,-40.45712492456914
static-js-reloaded,readshift4_vs_lr,warm1,commit_ns,max,57104.0,37188.0,-34.87671616699356,-55.891581195454435,-19.905391552951578
static-js-reloaded,readshift4_vs_lr,warm1,mask_ns,mean,14349.03647231032,14188.495852646987,-1.1188250860824756,-2.1629880650331,1.3474638852807752
static-js-reloaded,readshift4_vs_lr,warm1,mask_ns,p50,16459.0,16333.0,-0.7655386110942297,-1.520070390485151,1.0267829529287953
static-js-reloaded,readshift4_vs_lr,warm1,mask_ns,p90,23583.0,23250.0,-1.4120340923546637,-2.2592545477674086,1.5070046611503018
static-js-reloaded,readshift4_vs_lr,warm1,mask_ns,p99,34441.59999999999,34508.74999999999,0.1949677134627903,-6.089866917881837,4.0106691397088445
static-js-reloaded,readshift4_vs_lr,warm1,mask_ns,p999,60933.87500000006,60574.82600000013,-0.5892436678283208,-4.298569253230811,3.9453572541176505
static-js-reloaded,readshift4_vs_lr,warm1,mask_ns,max,81271.0,67979.0,-16.35515743623187,-20.259237536656894,7.034643377001459
static-js-reloaded,readshift4_vs_lr,warm1,tbm_ns,mean,18256.176750426934,16770.46584532813,-8.138127305675102,-8.805965272174122,-5.551683030016918
static-js-reloaded,readshift4_vs_lr,warm1,tbm_ns,p50,19187.5,18521.0,-3.4736156351791503,-4.520767599441367,-1.6383574550498547
static-js-reloaded,readshift4_vs_lr,warm1,tbm_ns,p90,29254.100000000006,26792.0,-8.416256182894044,-10.220630913974905,-6.296540705751608
static-js-reloaded,readshift4_vs_lr,warm1,tbm_ns,p99,53297.74999999999,42322.07999999999,-20.593120722732216,-23.898323577266734,-17.977119579553534
static-js-reloaded,readshift4_vs_lr,warm1,tbm_ns,p999,77608.35700000015,68103.56700000007,-12.247121788701264,-19.9009563707374,-5.683550845772034
static-js-reloaded,readshift4_vs_lr,warm1,tbm_ns,max,108833.5,91146.0,-16.251889353921356,-27.113021469061938,-3.4927351109691807
static-js-reloaded,readshift4_vs_lr,warm,commit_ns,mean,3884.603683825323,2595.5109376270634,-33.18466569873709,-34.27185696621669,-31.609043703547382
static-js-reloaded,readshift4_vs_lr,warm,commit_ns,p50,2375.0,2208.0,-7.031578947368422,-8.647083160943314,-7.031578947368422
static-js-reloaded,readshift4_vs_lr,warm,commit_ns,p90,7770.5,4542.0,-41.54816292387877,-42.01455381080046,-40.3979081989281
static-js-reloaded,readshift4_vs_lr,warm,commit_ns,p99,24522.65999999996,9271.819999999982,-62.190806380710754,-63.945316385272655,-60.77254965341672
static-js-reloaded,readshift4_vs_lr,warm,commit_ns,p999,40109.78399999975,21566.999999999964,-46.23007693085533,-50.22406589292401,-41.80365905403727
static-js-reloaded,readshift4_vs_lr,warm,commit_ns,max,69458.5,55166.5,-20.5763153537724,-47.45100406675851,-3.572877065796681
static-js-reloaded,readshift4_vs_lr,warm,mask_ns,mean,14340.669106286086,14172.285720094333,-1.1741668742495714,-1.83014574627266,1.0192513737063313
static-js-reloaded,readshift4_vs_lr,warm,mask_ns,p50,16458.5,16292.0,-1.0116353252119015,-1.386114641970826,0.3886969397828288
static-js-reloaded,readshift4_vs_lr,warm,mask_ns,p90,23521.0,23146.0,-1.5943199693890575,-2.1238637329028975,0.7265348867652843
static-js-reloaded,readshift4_vs_lr,warm,mask_ns,p99,34376.679999999964,34291.520000000004,-0.2477260747691723,-2.263928363212131,2.2402538335959177
static-js-reloaded,readshift4_vs_lr,warm,mask_ns,p999,60989.28399999987,60685.93199999996,-0.49738573746809234,-2.6374712926323207,2.532994840004659
static-js-reloaded,readshift4_vs_lr,warm,mask_ns,max,88312.5,94728.5,7.2651096956829475,-29.144473292113883,35.94901181148404
static-js-reloaded,readshift4_vs_lr,warm,tbm_ns,mean,18234.636537366838,16763.446328372775,-8.068108218001857,-8.953804313044333,-6.322631962114915
static-js-reloaded,readshift4_vs_lr,warm,tbm_ns,p50,19250.0,18520.5,-3.789610389610387,-4.516129032258065,-2.7459470877118863
static-js-reloaded,readshift4_vs_lr,warm,tbm_ns,p90,29291.5,26604.5,-9.17330966321288,-10.396952631411695,-7.483122399295539
static-js-reloaded,readshift4_vs_lr,warm,tbm_ns,p99,52646.0,41605.679999999964,-20.9708619838165,-21.947610659696448,-19.592631991489906
static-js-reloaded,readshift4_vs_lr,warm,tbm_ns,p999,77104.93199999978,67629.41999999987,-12.28911271201165,-15.583651667615717,-8.30235706243
static-js-reloaded,readshift4_vs_lr,warm,tbm_ns,max,115416.5,101583.0,-11.9857212790199,-40.27049914701948,16.83858983479567
static-js-reloaded,readshift4_vs_integrated3279,cold,commit_ns,mean,2677.9119297389607,2617.538424005855,-2.2544993008411063,-5.6531305719733975,-0.2764879082640095
static-js-reloaded,readshift4_vs_integrated3279,cold,commit_ns,p50,2334.0,2208.5,-5.377035132819197,-7.155098543273352,-4.436348049721383
static-js-reloaded,readshift4_vs_integrated3279,cold,commit_ns,p90,4395.6,4542.0,3.3306033306033322,-1.816580424969727,6.6742857142857215
static-js-reloaded,readshift4_vs_integrated3279,cold,commit_ns,p99,9396.759999999998,9500.84,1.107615816515506,-4.599650087478113,6.957984456419827
static-js-reloaded,readshift4_vs_integrated3279,cold,commit_ns,p999,26853.93300000018,22698.62500000011,-15.473740848314632,-29.941106890829026,5.727638466687557
static-js-reloaded,readshift4_vs_integrated3279,cold,commit_ns,max,37083.5,42791.5,15.392290371728667,-4.744203336276199,50.2708496277628
static-js-reloaded,readshift4_vs_integrated3279,cold,mask_ns,mean,13875.307757989754,14241.361307636009,2.6381652647341935,1.736641114499915,3.8058028647624864
static-js-reloaded,readshift4_vs_integrated3279,cold,mask_ns,p50,15875.0,16417.0,3.414173228346451,1.8075968992248033,4.234920634920636
static-js-reloaded,readshift4_vs_integrated3279,cold,mask_ns,p90,22754.200000000004,23420.700000000004,2.9291295672886797,1.740493923951414,4.133207014438627
static-js-reloaded,readshift4_vs_integrated3279,cold,mask_ns,p99,34197.90999999999,34417.759999999995,0.6428755441487688,-1.9693486321689546,3.5119548062598316
static-js-reloaded,readshift4_vs_integrated3279,cold,mask_ns,p999,58760.915000000066,59243.68300000004,0.8215801268580902,-9.859185605282839,6.354826982921291
static-js-reloaded,readshift4_vs_integrated3279,cold,mask_ns,max,77291.5,81062.5,4.8789323534929485,-17.64554700216623,16.696968508375086
static-js-reloaded,readshift4_vs_integrated3279,cold,tbm_ns,mean,16559.756160039033,16857.20761161259,1.7962308665591786,0.6833005596870834,2.8933114203507193
static-js-reloaded,readshift4_vs_integrated3279,cold,tbm_ns,p50,18167.0,18625.0,2.521054659547528,0.45545040499632705,4.034175745175017
static-js-reloaded,readshift4_vs_integrated3279,cold,tbm_ns,p90,26271.0,26941.600000000006,2.5526245670130843,1.0634697392468029,3.9306888656385874
static-js-reloaded,readshift4_vs_integrated3279,cold,tbm_ns,p99,41776.81999999999,42171.079999999994,0.9437290822997157,-3.666191181850764,3.620734414615523
static-js-reloaded,readshift4_vs_integrated3279,cold,tbm_ns,p999,69868.11600000004,65051.50000000003,-6.893868442080231,-13.949404513807838,2.57546567436564
static-js-reloaded,readshift4_vs_integrated3279,cold,tbm_ns,max,102041.5,90625.5,-11.187605043046212,-21.720033514437986,16.487146102120988
static-js-reloaded,readshift4_vs_integrated3279,warm1,commit_ns,mean,2699.161746767504,2608.833861917541,-3.3465161900037677,-5.625696443829764,0.6048519317621404
static-js-reloaded,readshift4_vs_integrated3279,warm1,commit_ns,p50,2375.0,2208.0,-7.031578947368422,-8.75789473684211,-5.263157894736848
static-js-reloaded,readshift4_vs_integrated3279,warm1,commit_ns,p90,4521.0,4645.5,2.7538155275381504,-0.9054216210319654,7.41661723776037
static-js-reloaded,readshift4_vs_integrated3279,warm1,commit_ns,p99,9085.16,9354.43,2.9638443351575505,-2.8332107971851705,11.023249786412958
static-js-reloaded,readshift4_vs_integrated3279,warm1,commit_ns,p999,21374.826000000045,21689.076000000074,1.4701874064379616,-9.473954204169022,22.0497235541111
static-js-reloaded,readshift4_vs_integrated3279,warm1,commit_ns,max,40604.5,37188.0,-8.414092034134146,-36.53104798054683,32.86413236406291
static-js-reloaded,readshift4_vs_integrated3279,warm1,mask_ns,mean,13841.129543791169,14188.495852646987,2.509667348729061,1.277179683917562,4.05680617652584
static-js-reloaded,readshift4_vs_integrated3279,warm1,mask_ns,p50,15958.5,16333.0,2.3467117836889484,1.2963999253870595,3.7015873015872947
static-js-reloaded,readshift4_vs_integrated3279,warm1,mask_ns,p90,22733.200000000004,23250.0,2.2733271162880486,0.9035228704226572,4.028571428571426
static-js-reloaded,readshift4_vs_integrated3279,warm1,mask_ns,p99,33128.75,34508.74999999999,4.1655661623212215,0.2763783297641115,7.874067536237476
static-js-reloaded,readshift4_vs_integrated3279,warm1,mask_ns,p999,57665.616000000075,60574.82600000013,5.044964749878078,-1.1893545800508387,9.088724364626577
static-js-reloaded,readshift4_vs_integrated3279,warm1,mask_ns,max,66770.5,67979.0,1.8099310324170004,-17.509004739336497,30.841923070979306
static-js-reloaded,readshift4_vs_integrated3279,warm1,tbm_ns,mean,16513.023664308366,16770.46584532813,1.5590250837961728,0.20200783907033948,3.4985735432452536
static-js-reloaded,readshift4_vs_integrated3279,warm1,tbm_ns,p50,18333.0,18521.0,1.025473190421633,0.0,3.180057819233073
static-js-reloaded,readshift4_vs_integrated3279,warm1,tbm_ns,p90,26341.70000000001,26792.0,1.7094568687669565,0.07814814814814941,3.9790575916230475
static-js-reloaded,readshift4_vs_integrated3279,warm1,tbm_ns,p99,40544.409999999996,42322.07999999999,4.384500847342432,1.590950375935396,7.472537592286854
static-js-reloaded,readshift4_vs_integrated3279,warm1,tbm_ns,p999,64039.6920000001,68103.56700000007,6.345869058833009,-3.092390462101302,13.693028499348614
static-js-reloaded,readshift4_vs_integrated3279,warm1,tbm_ns,max,85291.5,91146.0,6.864107208807435,-14.458068799535251,23.81639524496668
static-js-reloaded,readshift4_vs_integrated3279,warm,commit_ns,mean,2688.325770513133,2595.5109376270634,-3.4525143456982765,-5.783151833629652,-1.5536732243767504
static-js-reloaded,readshift4_vs_integrated3279,warm,commit_ns,p50,2375.0,2208.0,-7.031578947368422,-8.609271523178808,-5.398457583547556
static-js-reloaded,readshift4_vs_integrated3279,warm,commit_ns,p90,4479.5,4542.0,1.3952450050228826,-1.8217519362932255,3.769526828163916
static-js-reloaded,readshift4_vs_integrated3279,warm,commit_ns,p99,9021.0,9271.819999999982,2.7804012858882787,-2.7371562194611454,9.716750465310442
static-js-reloaded,readshift4_vs_integrated3279,warm,commit_ns,p999,20914.295999999707,21566.999999999964,3.1208509241729354,-2.699414519905463,12.833983755019872
static-js-reloaded,readshift4_vs_integrated3279,warm,commit_ns,max,49500.0,55166.5,11.44747474747474,-25.196678150951946,43.25196129186413
static-js-reloaded,readshift4_vs_integrated3279,warm,mask_ns,mean,13893.383752134667,14172.285720094333,2.0074444997375984,1.3565043704031554,2.824660275112101
static-js-reloaded,readshift4_vs_integrated3279,warm,mask_ns,p50,16000.0,16292.0,1.82500000000001,1.5564202334630295,2.6267716535433028
static-js-reloaded,readshift4_vs_integrated3279,warm,mask_ns,p90,22791.5,23146.0,1.5554044270890355,0.9164835164835239,2.494578175568973
static-js-reloaded,readshift4_vs_integrated3279,warm,mask_ns,p99,33858.1599999999,34291.520000000004,1.279927792886859,-0.01735635865890428,4.962072534417006
static-js-reloaded,readshift4_vs_integrated3279,warm,mask_ns,p999,59089.715999999695,60685.93199999996,2.7013431575813707,0.17646691908586032,4.329297180084302
static-js-reloaded,readshift4_vs_integrated3279,warm,mask_ns,max,78354.0,94728.5,20.89810347908212,-4.985083040400761,38.43041786581199
static-js-reloaded,readshift4_vs_integrated3279,warm,tbm_ns,mean,16561.196186061643,16763.446328372775,1.2212290708889295,0.3350667809926877,1.8766635428125067
static-js-reloaded,readshift4_vs_integrated3279,warm,tbm_ns,p50,18375.0,18520.5,0.7918367346938737,0.22857142857142243,1.363265306122452
static-js-reloaded,readshift4_vs_integrated3279,warm,tbm_ns,p90,26458.0,26604.5,0.553707763247413,-0.15924170616113953,1.812306296772248
static-js-reloaded,readshift4_vs_integrated3279,warm,tbm_ns,p99,40857.31999999992,41605.679999999964,1.8316424082637894,0.29775903230484513,4.405030952146904
static-js-reloaded,readshift4_vs_integrated3279,warm,tbm_ns,p999,65340.49999999995,67629.41999999987,3.503064714839832,-1.2452883415587064,5.767184525418001
static-js-reloaded,readshift4_vs_integrated3279,warm,tbm_ns,max,96396.0,101583.0,5.380928669239382,-15.810273444623107,32.58584442887176
static-js-reloaded,lr_control,cold,commit_ns,mean,3893.430958770432,3857.7499390095145,-0.9164415688569405,-3.6680310067593904,1.8768489826325396
static-js-reloaded,lr_control,cold,commit_ns,p50,2375.0,2375.0,0.0,-2.5876460767946585,2.6332554682522824
static-js-reloaded,lr_control,cold,commit_ns,p90,7854.0,7650.100000000006,-2.5961293608351643,-3.7079365079365045,1.3527575442247697
static-js-reloaded,lr_control,cold,commit_ns,p99,24960.579999999998,24211.42,-3.001372564259319,-5.814908000207176,3.376754148786354
static-js-reloaded,lr_control,cold,commit_ns,p999,37673.634000000064,38791.826000000045,2.9681023073058865,-6.621464798224985,17.98089652706738
static-js-reloaded,lr_control,cold,commit_ns,max,74500.0,64833.5,-12.975167785234898,-60.87391096218286,32.825166825548145
static-js-reloaded,lr_control,cold,mask_ns,mean,14130.633691144181,14314.853378872896,1.3036902077800505,-0.7764101840503357,2.6242435137769027
static-js-reloaded,lr_control,cold,mask_ns,p50,16188.0,16459.0,1.674079565109965,0.38299975290339017,2.5794100296042917
static-js-reloaded,lr_control,cold,mask_ns,p90,23250.0,23312.5,0.26881720430107503,-1.6042780748663055,2.695502000364458
static-js-reloaded,lr_control,cold,mask_ns,p99,34504.579999999994,34022.17999999999,-1.398075270007637,-5.9420857410121375,5.3834377279673
static-js-reloaded,lr_control,cold,mask_ns,p999,60432.05800000002,61377.38400000004,1.5642790123083783,-3.54596664689244,10.483533114533138
static-js-reloaded,lr_control,cold,mask_ns,max,75458.5,81625.5,8.172704201647264,-9.621973239501823,42.54088266460463
static-js-reloaded,lr_control,cold,tbm_ns,mean,18014.55659917053,18141.954379116858,0.7071935367656712,-1.3431680303517934,2.3847957663108765
static-js-reloaded,lr_control,cold,tbm_ns,p50,19042.0,19249.5,1.0896964604558246,0.10754098360654663,2.748514851485151
static-js-reloaded,lr_control,cold,tbm_ns,p90,29087.600000000006,28945.70000000001,-0.487836741429315,-2.778448407773282,2.4228617327719526
static-js-reloaded,lr_control,cold,tbm_ns,p99,53320.41999999999,53029.74999999999,-0.5451382415967432,-5.2786734594727385,4.801306096034907
static-js-reloaded,lr_control,cold,tbm_ns,p999,78051.13400000011,78282.07600000012,0.2958855152572326,-11.568512063912706,15.024584228455318
static-js-reloaded,lr_control,cold,tbm_ns,max,118854.5,118250.0,-0.5086050591269209,-44.44434389140272,45.52635562114504
static-js-reloaded,lr_control,warm1,commit_ns,mean,3919.4344962185896,3883.264698707002,-0.9228320449412686,-4.569688142107797,2.589232154643017
static-js-reloaded,lr_control,warm1,commit_ns,p50,2396.0,2395.5,-0.02086811352254303,-3.3767290480065104,1.726315789473687
static-js-reloaded,lr_control,warm1,commit_ns,p90,7833.1,7833.1,0.0,-3.1717489573188096,3.2858649789029526
static-js-reloaded,lr_control,warm1,commit_ns,p99,24982.339999999997,24565.839999999997,-1.6671776943232741,-5.250168128629806,5.311797611451568
static-js-reloaded,lr_control,warm1,commit_ns,p999,40219.25000000006,39360.61600000005,-2.134883171615598,-16.48915568369037,9.80473835873048
static-js-reloaded,lr_control,warm1,commit_ns,max,70145.5,57104.0,-18.59206934158285,-36.107421698250526,8.138084410261538
static-js-reloaded,lr_control,warm1,mask_ns,mean,14144.495974627958,14349.03647231032,1.4460783759934648,-0.6014847057230988,2.4494080099898508
static-js-reloaded,lr_control,warm1,mask_ns,p50,16166.5,16459.0,1.8092970030618938,0.3862187346738599,2.465292909170147
static-js-reloaded,lr_control,warm1,mask_ns,p90,23313.0,23583.0,1.1581521039763176,-0.8780529028986739,2.62804026267347
static-js-reloaded,lr_control,warm1,mask_ns,p99,36008.259999999995,34441.59999999999,-4.350835058400504,-9.301437322336536,6.86664618266053
static-js-reloaded,lr_control,warm1,mask_ns,p999,58930.866000000125,60933.87500000006,3.398913228256184,-6.291353529899757,11.991044868924238
static-js-reloaded,lr_control,warm1,mask_ns,max,77020.5,81271.0,5.518660616329418,-14.850753480334477,25.354372001912616
static-js-reloaded,lr_control,warm1,tbm_ns,mean,18079.499390095145,18256.176750426934,0.9772248474345657,-1.3233988375469186,2.4025951944147255
static-js-reloaded,lr_control,warm1,tbm_ns,p50,18958.5,19187.5,1.2079014689980738,-0.21888680425266038,2.201781513493506
static-js-reloaded,lr_control,warm1,tbm_ns,p90,29424.900000000012,29254.100000000006,-0.5804607662218242,-1.9759626549453069,2.9193642621305855
static-js-reloaded,lr_control,warm1,tbm_ns,p99,54463.48999999999,53297.74999999999,-2.140406352953139,-8.283802637782244,6.465562653568324
static-js-reloaded,lr_control,warm1,tbm_ns,p999,76802.79900000006,77608.35700000015,1.0488654196054714,-16.05713811145637,17.586601191737383
static-js-reloaded,lr_control,warm1,tbm_ns,max,114854.0,108833.5,-5.241872290037786,-28.4661646801055,6.412917296936005
static-js-reloaded,lr_control,warm,commit_ns,mean,3875.586931771977,3884.603683825323,0.23265513616599343,-3.11011071703752,1.656338433963489
static-js-reloaded,lr_control,warm,commit_ns,p50,2375.0,2375.0,0.0,-1.737691352916837,1.7684210526315747
static-js-reloaded,lr_control,warm,commit_ns,p90,7770.5,7770.5,0.0,-2.36230419403739,1.8978673449422834
static-js-reloaded,lr_control,warm,commit_ns,p99,24731.51999999994,24522.65999999996,-0.8445093548636651,-3.518668607624975,0.9287573129311388
static-js-reloaded,lr_control,warm,commit_ns,p999,41464.567999999854,40109.78399999975,-3.2673293497236133,-12.652750316479256,7.179946209885091
static-js-reloaded,lr_control,warm,commit_ns,max,77771.0,69458.5,-10.68843142045235,-32.12059006584192,19.61151154699541
static-js-reloaded,lr_control,warm,mask_ns,mean,14045.964910140685,14340.669106286086,2.0981413383187153,-0.463575392533111,2.3876018858236314
static-js-reloaded,lr_control,warm,mask_ns,p50,16146.0,16458.5,1.9354638919856226,0.38547624968914285,2.8512731121210333
static-js-reloaded,lr_control,warm,mask_ns,p90,23083.5,23521.0,1.8952931747785229,-1.221263665770848,2.356521739130435
static-js-reloaded,lr_control,warm,mask_ns,p99,35314.97999999994,34376.679999999964,-2.65694614579981,-10.002723263241386,5.517834586466064
static-js-reloaded,lr_control,warm,mask_ns,p999,60333.93199999994,60989.28399999987,1.0862080064662827,-6.336138895242016,5.946090398185588
static-js-reloaded,lr_control,warm,mask_ns,max,109437.5,88312.5,-19.3032552826956,-26.7590618336887,3.8270454898307715
static-js-reloaded,lr_control,warm,tbm_ns,mean,17914.777181426365,18234.636537366838,1.7854498144252329,-0.8162958069623638,2.065043515130549
static-js-reloaded,lr_control,warm,tbm_ns,p50,18937.0,19250.0,1.6528489201035113,0.21913234028121398,2.748180187783511
static-js-reloaded,lr_control,warm,tbm_ns,p90,28937.5,29291.5,1.2233261339092971,-2.2033493064652188,2.3885978955771665
static-js-reloaded,lr_control,warm,tbm_ns,p99,53315.35999999992,52646.0,-1.2554730944326797,-7.700123600534559,1.835925528654614
static-js-reloaded,lr_control,warm,tbm_ns,p999,80163.86399999977,77104.93199999978,-3.8158489965004594,-12.99474111234301,5.574127809797402
static-js-reloaded,lr_control,warm,tbm_ns,max,151562.5,115416.5,-23.84890721649484,-33.60204745895719,14.56432005535473
o2-panel20-fresh,readshift4_vs_lr,cold,commit_ns,mean,5378.812392001975,2825.958750925697,-47.46128801354447,-47.942032384896194,-46.584699077601165
o2-panel20-fresh,readshift4_vs_lr,cold,commit_ns,p50,4542.0,2208.0,-51.38705416116248,-52.06812652068127,-50.910875968146605
o2-panel20-fresh,readshift4_vs_lr,cold,commit_ns,p90,9041.800000000001,5542.0,-38.7068946448716,-39.726027397260275,-37.67999464201998
o2-panel20-fresh,readshift4_vs_lr,cold,commit_ns,p99,23060.819999999963,11092.929999999982,-51.89707044242139,-52.4956592120226,-49.37290037995951
o2-panel20-fresh,readshift4_vs_lr,cold,commit_ns,p999,42813.288999999066,23670.624999999745,-44.711967819150125,-47.029594151497164,-40.03641504012302
o2-panel20-fresh,readshift4_vs_lr,cold,commit_ns,max,89437.5,60604.5,-32.23815513626834,-57.05164835164835,8.561873808052866
o2-panel20-fresh,readshift4_vs_lr,cold,mask_ns,mean,8975.731300913354,8079.371340409775,-9.986483891428065,-10.41825201779103,-8.992184454635899
o2-panel20-fresh,readshift4_vs_lr,cold,mask_ns,p50,2083.0,2000.0,-3.9846375420067193,-6.870588235294117,-2.0568070519098924
o2-panel20-fresh,readshift4_vs_lr,cold,mask_ns,p90,24854.0,21208.0,-14.6696708779271,-16.996078431372553,-14.26258884168562
o2-panel20-fresh,readshift4_vs_lr,cold,mask_ns,p99,63391.83999999969,53924.479999999945,-14.93466667003165,-16.235065971419637,-13.529498559386433
o2-panel20-fresh,readshift4_vs_lr,cold,mask_ns,p999,272930.37499999965,265755.12499999994,-2.628967186228248,-4.855067874210695,-1.7978535038284393
o2-panel20-fresh,readshift4_vs_lr,cold,mask_ns,max,355250.0,333312.0,-6.175369458128078,-15.072911424931213,5.913535887123289
o2-panel20-fresh,readshift4_vs_lr,cold,tbm_ns,mean,14350.568279437175,10903.981337941248,-24.017076358115496,-24.414417300667836,-23.073099451421996
o2-panel20-fresh,readshift4_vs_lr,cold,tbm_ns,p50,7833.0,4812.5,-38.56121537086684,-39.67870975934979,-37.03463484239201
o2-panel20-fresh,readshift4_vs_lr,cold,tbm_ns,p90,32333.5,25179.300000000047,-22.12627769959934,-23.435725190839552,-20.91073432240369
o2-panel20-fresh,readshift4_vs_lr,cold,tbm_ns,p99,75900.15999999987,61416.15999999976,-19.08296372497783,-21.266490737652944,-16.908953857751087
o2-panel20-fresh,readshift4_vs_lr,cold,tbm_ns,p999,281609.33199999895,269379.752,-4.342746709828149,-6.134700426394668,-3.3689742790318444
o2-panel20-fresh,readshift4_vs_lr,cold,tbm_ns,max,375646.0,343541.5,-8.546477268492147,-15.16785007440152,5.846502841578505
o2-panel20-fresh,readshift4_vs_lr,warm1,commit_ns,mean,4957.379634658109,2520.6729943223895,-49.153117572440465,-49.885767818399486,-47.9791054623534
o2-panel20-fresh,readshift4_vs_lr,warm1,commit_ns,p50,4062.5,1917.0,-52.81230769230769,-53.289473684210535,-51.53389411182583
o2-panel20-fresh,readshift4_vs_lr,warm1,commit_ns,p90,8521.0,5250.0,-38.38751320267574,-39.12099518835818,-37.590659826640724
o2-panel20-fresh,readshift4_vs_lr,warm1,commit_ns,p99,21519.359999999964,10166.46,-52.75668049607416,-54.48287865588159,-50.43352587673171
o2-panel20-fresh,readshift4_vs_lr,warm1,commit_ns,p999,37925.95899999976,20364.458999999966,-46.30469594717409,-50.23835257534404,-42.6666872751121
o2-panel20-fresh,readshift4_vs_lr,warm1,commit_ns,max,73542.0,54145.5,-26.37472464714041,-45.465839705684076,-0.8348086310471792
o2-panel20-fresh,readshift4_vs_lr,warm1,mask_ns,mean,2081.3758578128854,2019.935843001728,-2.951894276112088,-3.8241772706269606,-1.7163602759261098
o2-panel20-fresh,readshift4_vs_lr,warm1,mask_ns,p50,1875.0,1792.0,-4.426666666666668,-4.426666666666668,-1.1593421407387394
o2-panel20-fresh,readshift4_vs_lr,warm1,mask_ns,p90,2770.5,2750.0,-0.739938639234794,-3.6533709848217466,0.0
o2-panel20-fresh,readshift4_vs_lr,warm1,mask_ns,p99,12030.429999999982,12000.0,-0.2529419147942469,-4.627306355467309,3.3758464043881498
o2-panel20-fresh,readshift4_vs_lr,warm1,mask_ns,p999,24746.99999999939,22763.874999999643,-8.013597607790013,-16.9628993251993,2.6933673723810836
o2-panel20-fresh,readshift4_vs_lr,warm1,mask_ns,max,53520.5,60083.5,12.262590969815301,-0.14077818107806062,49.471387558711676
o2-panel20-fresh,readshift4_vs_lr,warm1,tbm_ns,mean,7038.68313996544,4543.731152801778,-35.44628927813779,-36.2977189332532,-34.299049548288565
o2-panel20-fresh,readshift4_vs_lr,warm1,tbm_ns,p50,6104.5,3875.0,-36.52223769350479,-37.40408163265306,-34.94411571334648
o2-panel20-fresh,readshift4_vs_lr,warm1,tbm_ns,p90,11208.0,7709.0,-31.218772305496078,-32.28834573149132,-29.99909436696251
o2-panel20-fresh,readshift4_vs_lr,warm1,tbm_ns,p99,27000.0,18112.019999999946,-32.91844444444465,-34.67151479355398,-30.906163022312903
o2-panel20-fresh,readshift4_vs_lr,warm1,tbm_ns,p999,48060.49999999959,33769.20899999966,-29.73604311232728,-38.77817068255683,-26.770208560769703
o2-panel20-fresh,readshift4_vs_lr,warm1,tbm_ns,max,104187.5,80979.0,-22.27570485902819,-44.25427872860636,21.148715400405816
o2-panel20-fresh,readshift4_vs_lr,warm,commit_ns,mean,4961.440673084835,2494.056126059409,-49.731211347757586,-50.3287018973533,-48.806196433736055
o2-panel20-fresh,readshift4_vs_lr,warm,commit_ns,p50,4042.0,1916.5,-52.58535378525482,-52.59772389905988,-52.053129638792626
o2-panel20-fresh,readshift4_vs_lr,warm,commit_ns,p90,8533.29999999997,5208.0,-38.96851159574821,-39.510653242800274,-38.18403475588131
o2-panel20-fresh,readshift4_vs_lr,warm,commit_ns,p99,21500.18,9924.060000000012,-53.84196783468784,-54.947885778673836,-51.671087230125046
o2-panel20-fresh,readshift4_vs_lr,warm,commit_ns,p999,37759.52999999988,20306.24999999982,-46.22218549860159,-48.542383600304355,-41.92019333271945
o2-panel20-fresh,readshift4_vs_lr,warm,commit_ns,max,99083.5,65396.0,-33.99910176770098,-46.53956848428656,-20.849401400370525
o2-panel20-fresh,readshift4_vs_lr,warm,mask_ns,mean,1948.911906525138,1871.9624125730272,-3.9483310504942137,-4.925185758134532,-2.4586385258681065
o2-panel20-fresh,readshift4_vs_lr,warm,mask_ns,p50,1875.0,1792.0,-4.426666666666668,-4.426666666666668,-1.131721727896288
o2-panel20-fresh,readshift4_vs_lr,warm,mask_ns,p90,2729.5,2667.0,-2.2897966660560543,-4.545454545454541,-1.5140324963072382
o2-panel20-fresh,readshift4_vs_lr,warm,mask_ns,p99,6632.560000000012,6382.380000000012,-3.771997539411631,-5.693940639351169,-1.4883864973674221
o2-panel20-fresh,readshift4_vs_lr,warm,mask_ns,p999,19364.29399999988,18253.661999999702,-5.735463425623399,-11.254848407643326,-1.3050372473169203
o2-panel20-fresh,readshift4_vs_lr,warm,mask_ns,max,53520.5,60083.5,12.262590969815301,-0.14077818107806062,49.471387558711676
o2-panel20-fresh,readshift4_vs_lr,warm,tbm_ns,mean,6910.352579609973,4364.309067719905,-36.84390170485005,-37.583244558308756,-35.78553338421078
o2-panel20-fresh,readshift4_vs_lr,warm,tbm_ns,p50,6062.5,3813.0,-37.105154639175254,-37.66233766233766,-35.85499089554709
o2-panel20-fresh,readshift4_vs_lr,warm,tbm_ns,p90,10958.0,7437.0,-32.131775871509404,-32.82630476363968,-30.893254262416605
o2-panel20-fresh,readshift4_vs_lr,warm,tbm_ns,p99,25639.760000000024,15250.0,-40.52206416908744,-41.94131829677441,-38.951490235896635
o2-panel20-fresh,readshift4_vs_lr,warm,tbm_ns,p999,47035.63199999982,27192.33799999994,-42.18779073703093,-45.08216496491206,-35.381771817341736
o2-panel20-fresh,readshift4_vs_lr,warm,tbm_ns,max,108124.5,88770.5,-17.8997359525362,-32.13152811914037,-1.230425055928408
o2-panel20-fresh,readshift4_vs_integrated3279,cold,commit_ns,mean,2818.646358923723,2825.958750925697,0.25942921072108494,-1.2445234913863845,1.7345915718017801
o2-panel20-fresh,readshift4_vs_integrated3279,cold,commit_ns,p50,2209.0,2208.0,-0.045269352648258376,-2.777777777777779,1.856043458578549
o2-panel20-fresh,readshift4_vs_integrated3279,cold,commit_ns,p90,5521.0,5542.0,0.3803658757471462,-1.115175305558036,1.888858472488364
o2-panel20-fresh,readshift4_vs_integrated3279,cold,commit_ns,p99,10999.73,11092.929999999982,0.847293524477255,-2.018895160658185,6.497565535208705
o2-panel20-fresh,readshift4_vs_integrated3279,cold,commit_ns,p999,23384.749999999898,23670.624999999745,1.22248473898523,-3.1498576540167926,4.670317940243107
o2-panel20-fresh,readshift4_vs_integrated3279,cold,commit_ns,max,63854.0,60604.5,-5.088952923857548,-34.86166666666667,58.108557457212704
o2-panel20-fresh,readshift4_vs_integrated3279,cold,mask_ns,mean,8081.105825722045,8079.371340409775,-0.02146346489794171,-1.2294255202684012,0.6637815660924362
o2-panel20-fresh,readshift4_vs_integrated3279,cold,mask_ns,p50,2000.0,2000.0,0.0,-2.100000000000002,2.092904543134244
o2-panel20-fresh,readshift4_vs_integrated3279,cold,mask_ns,p90,21145.5,21208.0,0.2955711617129042,-1.2703323489429486,2.4028472489419084
o2-panel20-fresh,readshift4_vs_integrated3279,cold,mask_ns,p99,53473.99999999989,53924.479999999945,0.8424280958971853,-1.3545917541722519,2.676951186830956
o2-panel20-fresh,readshift4_vs_integrated3279,cold,mask_ns,p999,266630.458999999,265755.12499999994,-0.32829482546067323,-1.676385847112405,0.43609703390188326
o2-panel20-fresh,readshift4_vs_integrated3279,cold,mask_ns,max,334770.5,333312.0,-0.43567160188845433,-10.736154067692617,21.64820031298904
o2-panel20-fresh,readshift4_vs_integrated3279,cold,tbm_ns,mean,10892.79002715379,10903.981337941248,0.1027405353409172,-1.2664559328631753,1.0100428243636772
o2-panel20-fresh,readshift4_vs_integrated3279,cold,tbm_ns,p50,4854.0,4812.5,-0.8549649773382795,-2.564102564102566,1.298701298701288
o2-panel20-fresh,readshift4_vs_integrated3279,cold,tbm_ns,p90,24999.5,25179.300000000047,0.7192143842878806,-0.6959244514216483,2.003665044036662
o2-panel20-fresh,readshift4_vs_integrated3279,cold,tbm_ns,p99,61347.319999999854,61416.15999999976,0.11221354086847768,-3.232418490076135,1.4783197721392805
o2-panel20-fresh,readshift4_vs_integrated3279,cold,tbm_ns,p999,271065.9159999997,269379.752,-0.6220494353851969,-1.6641417046801332,0.8267636700041381
o2-panel20-fresh,readshift4_vs_integrated3279,cold,tbm_ns,max,352937.0,343541.5,-2.6620898347297084,-11.593453645008978,19.53166577967003
o2-panel20-fresh,readshift4_vs_integrated3279,warm1,commit_ns,mean,2516.8121698346085,2520.6729943223895,0.15340137552000144,-1.4559992345322903,2.2076247255383485
o2-panel20-fresh,readshift4_vs_integrated3279,warm1,commit_ns,p50,1917.0,1917.0,0.0,-1.0580645161290314,2.1909233176838905
o2-panel20-fresh,readshift4_vs_integrated3279,warm1,commit_ns,p90,5208.5,5250.0,0.7967745032158913,-1.195219123505975,2.419198761370245
o2-panel20-fresh,readshift4_vs_integrated3279,warm1,commit_ns,p99,9998.589999999964,10166.46,1.6789367300793057,-3.8581442897478335,4.401783244398683
o2-panel20-fresh,readshift4_vs_integrated3279,warm1,commit_ns,p999,19900.579999999813,20364.458999999966,2.3309823130791107,-7.149416217271476,6.20062832339574
o2-panel20-fresh,readshift4_vs_integrated3279,warm1,commit_ns,max,61854.0,54145.5,-12.462411485110103,-37.70489826676714,6.896551724137923
o2-panel20-fresh,readshift4_vs_integrated3279,warm1,mask_ns,mean,2009.0194026166378,2019.935843001728,0.5433715757484636,-0.765511377017869,1.9138984850939567
o2-panel20-fresh,readshift4_vs_integrated3279,warm1,mask_ns,p50,1792.0,1792.0,0.0,-2.236770321876702,2.287946428571419
o2-panel20-fresh,readshift4_vs_integrated3279,warm1,mask_ns,p90,2709.0,2750.0,1.5134736064968513,-0.78769005312328,1.5509601181683985
o2-panel20-fresh,readshift4_vs_integrated3279,warm1,mask_ns,p99,12092.889999999981,12000.0,-0.768137310435979,-2.8948198346864906,1.2115721387648604
o2-panel20-fresh,readshift4_vs_integrated3279,warm1,mask_ns,p999,22708.16399999993,22763.874999999643,0.2453346734668349,-11.43564103101723,12.177537113091908
o2-panel20-fresh,readshift4_vs_integrated3279,warm1,mask_ns,max,61812.5,60083.5,-2.7971688574317533,-22.850074089754447,36.81773073106185
o2-panel20-fresh,readshift4_vs_integrated3279,warm1,tbm_ns,mean,4517.902814119971,4543.731152801778,0.5716886738042604,-1.2187458284375396,2.2334492797065897
o2-panel20-fresh,readshift4_vs_integrated3279,warm1,tbm_ns,p50,3875.0,3875.0,0.0,-1.0580645161290314,2.1419354838709603
o2-panel20-fresh,readshift4_vs_integrated3279,warm1,tbm_ns,p90,7584.0,7709.0,1.6482067510548593,-1.0709677419354802,2.7578891540705364
o2-panel20-fresh,readshift4_vs_integrated3279,warm1,tbm_ns,p99,17999.73,18112.019999999946,0.6238426909733974,-2.882262068965713,4.391755301277955
o2-panel20-fresh,readshift4_vs_integrated3279,warm1,tbm_ns,p999,32383.33199999956,33769.20899999966,4.279599764471809,-10.48490671336222,12.758523387444654
o2-panel20-fresh,readshift4_vs_integrated3279,warm1,tbm_ns,max,88792.0,80979.0,-8.799216145598699,-38.775510204081634,31.83913373762344
o2-panel20-fresh,readshift4_vs_integrated3279,warm,commit_ns,mean,2493.857401464659,2494.056126059409,0.007968562863047701,-2.3041116923419813,1.7682567066553911
o2-panel20-fresh,readshift4_vs_integrated3279,warm,commit_ns,p50,1917.0,1916.5,-0.026082420448614307,-0.05216484089723972,1.147545162337297
o2-panel20-fresh,readshift4_vs_integrated3279,warm,commit_ns,p90,5208.0,5208.0,0.0,-0.8000000000000007,1.619756097560978
o2-panel20-fresh,readshift4_vs_integrated3279,warm,commit_ns,p99,9833.5,9924.060000000012,0.9209335434993804,-4.478048780487809,3.2478771546246232
o2-panel20-fresh,readshift4_vs_integrated3279,warm,commit_ns,p999,20338.07399999994,20306.24999999982,-0.15647499365041284,-5.762151474611477,7.282234814037825
o2-panel20-fresh,readshift4_vs_integrated3279,warm,commit_ns,max,83750.0,65396.0,-21.91522388059701,-33.121444921913245,-3.7277930045301555
o2-panel20-fresh,readshift4_vs_integrated3279,warm,mask_ns,mean,1874.4110672261993,1871.9624125730272,-0.13063594725759575,-1.4643444642625236,1.229063649845541
o2-panel20-fresh,readshift4_vs_integrated3279,warm,mask_ns,p50,1792.0,1792.0,0.0,-2.236770321876702,2.287946428571419
o2-panel20-fresh,readshift4_vs_integrated3279,warm,mask_ns,p90,2666.5,2667.0,0.018751171948250267,-1.5748031496062964,1.6000000000000014
o2-panel20-fresh,readshift4_vs_integrated3279,warm,mask_ns,p99,6270.68,6382.380000000012,1.78130601465889,-2.124923076922891,5.376687651983736
o2-panel20-fresh,readshift4_vs_integrated3279,warm,mask_ns,p999,18160.36799999982,18253.661999999702,0.5137230699283402,-3.717019948908651,4.61157028494102
o2-panel20-fresh,readshift4_vs_integrated3279,warm,mask_ns,max,61812.5,60083.5,-2.7971688574317533,-22.850074089754447,36.81773073106185
o2-panel20-fresh,readshift4_vs_integrated3279,warm,tbm_ns,mean,4372.782884884391,4364.309067719905,-0.1937854539674877,-1.9618850757824213,1.4484270532846721
o2-panel20-fresh,readshift4_vs_integrated3279,warm,tbm_ns,p50,3833.5,3813.0,-0.5347593582887722,-2.1419354838709714,1.0957474563005443
o2-panel20-fresh,readshift4_vs_integrated3279,warm,tbm_ns,p90,7396.0,7437.0,0.554353704705246,-2.2022946063563253,2.2640739733478465
o2-panel20-fresh,readshift4_vs_integrated3279,warm,tbm_ns,p99,15229.5,15250.0,0.13460717686069046,-4.564101451697978,2.7236463510332154
o2-panel20-fresh,readshift4_vs_integrated3279,warm,tbm_ns,p999,27973.175999998813,27192.33799999994,-2.7913812861253384,-9.995341140892823,9.89771167356639
o2-panel20-fresh,readshift4_vs_integrated3279,warm,tbm_ns,max,95750.0,88770.5,-7.2892950391644895,-22.590520209401983,17.34781893246196
o2-panel20-fresh,lr_control,cold,commit_ns,mean,5343.488200444335,5378.812392001975,0.6610698897903999,-0.7668539802180296,1.8407726303231176
o2-panel20-fresh,lr_control,cold,commit_ns,p50,4500.0,4542.0,0.9333333333333416,0.911111111111107,1.8614039022202267
o2-panel20-fresh,lr_control,cold,commit_ns,p90,8979.5,9041.800000000001,0.6938025502533751,-1.1519364448857705,3.034959274556125
o2-panel20-fresh,lr_control,cold,commit_ns,p99,22750.0,23060.819999999963,1.3662417582416042,-1.2988013567664038,2.426266038505198
o2-panel20-fresh,lr_control,cold,commit_ns,p999,43478.335999999865,42813.288999999066,-1.529605456843608,-8.773035556336616,4.413508763200147
o2-panel20-fresh,lr_control,cold,commit_ns,max,106292.0,89437.5,-15.856790727430104,-44.606708972823384,18.96365196413694
o2-panel20-fresh,lr_control,cold,mask_ns,mean,8968.745272772154,8975.731300913354,0.07789303775198597,-1.7599183894033366,0.7852059357278174
o2-panel20-fresh,lr_control,cold,mask_ns,p50,2062.5,2083.0,0.9939393939393915,-1.9683149303888592,3.0607247796278214
o2-panel20-fresh,lr_control,cold,mask_ns,p90,25145.5,24854.0,-1.1592531466862899,-3.4052832541104916,2.3595959595959615
o2-panel20-fresh,lr_control,cold,mask_ns,p99,64525.42999999988,63391.83999999969,-1.7568112293094185,-5.766512346955999,1.5528753794878947
o2-panel20-fresh,lr_control,cold,mask_ns,p999,272132.1679999994,272930.37499999965,0.29331593022117186,-1.4742592396890242,2.391493956363
o2-panel20-fresh,lr_control,cold,mask_ns,max,371416.5,355250.0,-4.352660692241727,-9.010568905767135,5.887440915805045
o2-panel20-fresh,lr_control,cold,tbm_ns,mean,14306.349518637373,14350.568279437175,0.3090848629288434,-1.2676116559030226,1.1401734430472432
o2-panel20-fresh,lr_control,cold,tbm_ns,p50,7687.5,7833.0,1.89268292682927,0.0,2.712925524977172
o2-panel20-fresh,lr_control,cold,tbm_ns,p90,32688.0,32333.5,-1.0844958394517823,-2.873766774739561,1.7346139986825992
o2-panel20-fresh,lr_control,cold,tbm_ns,p99,77396.8399999998,75900.15999999987,-1.9337740403870818,-6.296144775354085,1.9056580488278074
o2-panel20-fresh,lr_control,cold,tbm_ns,p999,279884.87699999986,281609.33199999895,0.6161301098090766,-1.0354535928805308,2.2677328108446027
o2-panel20-fresh,lr_control,cold,tbm_ns,max,390562.5,375646.0,-3.819235077612415,-12.464640585579033,3.4871114902959244
o2-panel20-fresh,lr_control,warm1,commit_ns,mean,4969.3289804986425,4957.379634658109,-0.2404619595004931,-1.1138574198635287,1.3866983803738733
o2-panel20-fresh,lr_control,warm1,commit_ns,p50,4083.0,4062.5,-0.5020818025961327,-1.0162850495898157,1.0286554004408588
o2-panel20-fresh,lr_control,warm1,commit_ns,p90,8562.0,8521.0,-0.4788600794206954,-1.6852626685262662,0.743012147658928
o2-panel20-fresh,lr_control,warm1,commit_ns,p99,21300.929999999982,21519.359999999964,1.025448184656641,-1.3687072278991241,2.4821107001829157
o2-panel20-fresh,lr_control,warm1,commit_ns,p999,38624.208999999864,37925.95899999976,-1.8078040122455397,-7.496060879566346,2.894355196982601
o2-panel20-fresh,lr_control,warm1,commit_ns,max,93687.5,73542.0,-21.502868579052702,-39.67612121212121,24.713857016769648
o2-panel20-fresh,lr_control,warm1,mask_ns,mean,2104.8911133053566,2081.3758578128854,-1.1171720638577187,-2.58698823298793,-0.4842000176422778
o2-panel20-fresh,lr_control,warm1,mask_ns,p50,1875.0,1875.0,0.0,-2.18666666666667,0.0
o2-panel20-fresh,lr_control,warm1,mask_ns,p90,2812.5,2770.5,-1.4933333333333354,-2.9297564419343503,0.7342406876790886
o2-panel20-fresh,lr_control,warm1,mask_ns,p99,12530.659999999982,12030.429999999982,-3.992048303920148,-8.307582089552524,1.7664110837708913
o2-panel20-fresh,lr_control,warm1,mask_ns,p999,24003.788999999677,24746.99999999939,3.0962236836847845,-5.206736657685274,10.135155433812916
o2-panel20-fresh,lr_control,warm1,mask_ns,max,58770.5,53520.5,-8.933053147412394,-25.431535879985557,20.389847715736042
o2-panel20-fresh,lr_control,warm1,tbm_ns,mean,7081.941002221674,7038.68313996544,-0.6108192971766346,-1.2548727372469481,0.7701199887249599
o2-panel20-fresh,lr_control,warm1,tbm_ns,p50,6145.5,6104.5,-0.6671548287364715,-1.3449303374406085,0.33469387755102886
o2-panel20-fresh,lr_control,warm1,tbm_ns,p90,11312.0,11208.0,-0.9193776520509234,-2.3868458274398874,0.7361272191988587
o2-panel20-fresh,lr_control,warm1,tbm_ns,p99,27131.56999999991,27000.0,-0.48493323460422344,-2.705546555357252,5.183361500537176
o2-panel20-fresh,lr_control,warm1,tbm_ns,p999,50862.54099999963,48060.49999999959,-5.50904643163631,-8.389948484542586,1.153369435618723
o2-panel20-fresh,lr_control,warm1,tbm_ns,max,114833.5,104187.5,-9.270813830458879,-33.47538543328017,6.077155965636849
o2-panel20-fresh,lr_control,warm,commit_ns,mean,4943.499119558957,4961.440673084835,0.3629322690660963,-0.35675778551971127,1.1870833604035846
o2-panel20-fresh,lr_control,warm,commit_ns,p50,4041.5,4042.0,0.012371644191522257,0.0,0.02474634991338487
o2-panel20-fresh,lr_control,warm,commit_ns,p90,8500.0,8533.29999999997,0.39176470588200285,-0.33683469280006983,1.485089699417852
o2-panel20-fresh,lr_control,warm,commit_ns,p99,21375.0,21500.18,0.5856374269005871,-2.3820078529773414,1.560961890029522
o2-panel20-fresh,lr_control,warm,commit_ns,p999,38119.293999998816,37759.52999999988,-0.9437845307390669,-3.511776173665626,0.4577665301164213
o2-panel20-fresh,lr_control,warm,commit_ns,max,103541.5,99083.5,-4.305520008885322,-20.965971459934142,22.389812757544014
o2-panel20-fresh,lr_control,warm,mask_ns,mean,1963.7396116185305,1948.911906525138,-0.7550749094057063,-1.7251527314888195,-0.29756444010529126
o2-panel20-fresh,lr_control,warm,mask_ns,p50,1875.0,1875.0,0.0,-2.18666666666667,0.0
o2-panel20-fresh,lr_control,warm,mask_ns,p90,2750.0,2729.5,-0.7454545454545491,-2.237863201588164,1.5134736064968513
o2-panel20-fresh,lr_control,warm,mask_ns,p99,6979.5,6632.560000000012,-4.970843183608964,-9.900420980024261,-0.8494767845601103
o2-panel20-fresh,lr_control,warm,mask_ns,p999,19353.205999999762,19364.29399999988,0.057292833033040225,-4.058894727437956,5.729100333442649
o2-panel20-fresh,lr_control,warm,mask_ns,max,58770.5,53520.5,-8.933053147412394,-25.431535879985557,20.389847715736042
o2-panel20-fresh,lr_control,warm,tbm_ns,mean,6904.852908746811,6910.352579609973,0.07964935583486543,-0.7021182682658944,0.8537637091271755
o2-panel20-fresh,lr_control,warm,tbm_ns,p50,6062.5,6062.5,0.0,-0.6985535831689704,0.6785832505792788
o2-panel20-fresh,lr_control,warm,tbm_ns,p90,10958.5,10958.0,-0.004562668248386803,-0.9544787077826689,0.958172102450705
o2-panel20-fresh,lr_control,warm,tbm_ns,p99,25625.0,25639.760000000024,0.057600000000102014,-2.245321316807525,1.5367180559844096
o2-panel20-fresh,lr_control,warm,tbm_ns,p999,48092.79399999988,47035.63199999982,-2.198171310238406,-5.0742549885262385,1.0438327660236224
o2-panel20-fresh,lr_control,warm,tbm_ns,max,124687.5,108124.5,-13.283609022556387,-20.13170272812794,10.459051705860901
o2-panel20-reloaded,readshift4_vs_lr,cold,commit_ns,mean,5324.017822759812,3063.3829177980742,-42.461069444540136,-43.60152381212134,-41.23012918876415
o2-panel20-reloaded,readshift4_vs_lr,cold,commit_ns,p50,4520.5,2375.0,-47.4615639862847,-48.155895629197396,-46.517079705291366
o2-panel20-reloaded,readshift4_vs_lr,cold,commit_ns,p90,8979.0,6354.5,-29.229312841073618,-30.41362530413625,-28.00271048619346
o2-panel20-reloaded,readshift4_vs_lr,cold,commit_ns,p99,22123.089999999964,12759.429999999982,-42.325280962107904,-44.25897777777777,-40.6043973976806
o2-panel20-reloaded,readshift4_vs_lr,cold,commit_ns,p999,38987.749999999694,25473.001999999848,-34.66408807894775,-40.6993743729539,-27.938345174099265
o2-panel20-reloaded,readshift4_vs_lr,cold,commit_ns,max,83187.5,58604.0,-29.551915852742294,-42.88299866131191,-1.2332717190388198
o2-panel20-reloaded,readshift4_vs_lr,cold,mask_ns,mean,8929.933176993334,8139.447988151074,-8.852084032149643,-9.978251937723703,-7.709060416101177
o2-panel20-reloaded,readshift4_vs_lr,cold,mask_ns,p50,2042.0,1958.0,-4.113614103819785,-6.000960153624579,-2.0568070519098924
o2-panel20-reloaded,readshift4_vs_lr,cold,mask_ns,p90,25021.0,21449.800000000047,-14.272810838895145,-15.551793503156619,-12.774282026460149
o2-panel20-reloaded,readshift4_vs_lr,cold,mask_ns,p99,62485.229999999676,54129.42999999988,-13.372440175061918,-16.624226027559253,-11.755990440838616
o2-panel20-reloaded,readshift4_vs_lr,cold,mask_ns,p999,273723.8299999999,265330.9179999995,-3.0661970497783964,-3.619616538952386,-1.8096260145314735
o2-panel20-reloaded,readshift4_vs_lr,cold,mask_ns,max,348375.0,325458.5,-6.578112665949054,-11.572305929390026,17.852962381199088
o2-panel20-reloaded,readshift4_vs_lr,cold,tbm_ns,mean,14248.678573191804,11217.854036040484,-21.27091660874202,-22.702344073867742,-20.28728430076082
o2-panel20-reloaded,readshift4_vs_lr,cold,tbm_ns,p50,7729.5,5145.5,-33.43036418914548,-35.02117828263381,-32.072518586148426
o2-panel20-reloaded,readshift4_vs_lr,cold,tbm_ns,p90,32291.5,26241.800000000047,-18.734651533685188,-20.025344625084994,-17.286917019419622
o2-panel20-reloaded,readshift4_vs_lr,cold,tbm_ns,p99,74319.1099999999,62533.409999999814,-15.858236192548725,-17.31849705616262,-13.45485522757116
o2-panel20-reloaded,readshift4_vs_lr,cold,tbm_ns,p999,281090.12299999926,269949.37499999924,-3.963407849801981,-4.643412744808839,-2.5846024819163427
o2-panel20-reloaded,readshift4_vs_lr,cold,tbm_ns,max,356229.0,337438.0,-5.274977612715414,-12.170770001670284,15.209213010956013
o2-panel20-reloaded,readshift4_vs_lr,warm1,commit_ns,mean,4958.55067884473,2776.742088373241,-44.000933574804534,-45.08529994093617,-43.2689491956487
o2-panel20-reloaded,readshift4_vs_lr,warm1,commit_ns,p50,4083.0,1959.0,-52.02057310800882,-52.97647623619779,-51.016409502816565
o2-panel20-reloaded,readshift4_vs_lr,warm1,commit_ns,p90,8500.0,6063.0,-28.670588235294115,-29.849702901083543,-28.072353254123072
o2-panel20-reloaded,readshift4_vs_lr,warm1,commit_ns,p99,20248.089999999964,11426.159999999982,-43.569195909342554,-45.24678140461087,-41.75796624469205
o2-panel20-reloaded,readshift4_vs_lr,warm1,commit_ns,p999,36624.45499999986,21441.333999999813,-41.45623736926627,-43.536725193978974,-39.9936387370681
o2-panel20-reloaded,readshift4_vs_lr,warm1,commit_ns,max,67812.5,50979.5,-24.822857142857146,-57.76661226586253,12.715164422969938
o2-panel20-reloaded,readshift4_vs_lr,warm1,mask_ns,mean,2099.994445815848,1977.3494692668478,-5.840252425113091,-6.253200006721105,-5.014093111447959
o2-panel20-reloaded,readshift4_vs_lr,warm1,mask_ns,p50,1875.0,1792.0,-4.426666666666668,-4.479999999999995,-4.426666666666668
o2-panel20-reloaded,readshift4_vs_lr,warm1,mask_ns,p90,2791.5,2667.0,-4.459967759269212,-5.859512883868689,-2.9733118395128044
o2-panel20-reloaded,readshift4_vs_lr,warm1,mask_ns,p99,12706.589999999964,11571.929999999982,-8.929697109924728,-12.585285934037726,-3.494398264509593
o2-panel20-reloaded,readshift4_vs_lr,warm1,mask_ns,p999,23665.163999999728,22524.833999999813,-4.818601721923111,-12.642130177329713,-2.4879221621637804
o2-panel20-reloaded,readshift4_vs_lr,warm1,mask_ns,max,50396.0,52062.5,3.3068100642908105,-17.701941232003783,33.083071472256776
o2-panel20-reloaded,readshift4_vs_lr,warm1,tbm_ns,mean,7050.10246852629,4752.756504566773,-32.58599395137216,-33.512974216172154,-31.9498540777025
o2-panel20-reloaded,readshift4_vs_lr,warm1,tbm_ns,p50,6125.0,3875.0,-36.73469387755102,-37.50101354090651,-36.391836734693875
o2-panel20-reloaded,readshift4_vs_lr,warm1,tbm_ns,p90,11250.0,8458.0,-24.817777777777785,-26.241071824675032,-23.323184382555738
o2-panel20-reloaded,readshift4_vs_lr,warm1,tbm_ns,p99,26685.819999999963,18602.589999999964,-30.29035645147876,-33.3449671821831,-27.438845592267256
o2-panel20-reloaded,readshift4_vs_lr,warm1,tbm_ns,p999,47444.958999999355,32299.37699999949,-31.922426152797534,-35.78935660561145,-27.383184148617058
o2-panel20-reloaded,readshift4_vs_lr,warm1,tbm_ns,max,92146.0,75042.0,-18.56184750287587,-44.332623752938936,6.574637620743462
o2-panel20-reloaded,readshift4_vs_lr,warm,commit_ns,mean,4913.030445157574,2734.9018102526124,-44.333709290399135,-44.75195205650916,-43.61083221820778
o2-panel20-reloaded,readshift4_vs_lr,warm,commit_ns,p50,4041.5,1917.0,-52.56711616973896,-52.57298367144978,-51.546646869586745
o2-panel20-reloaded,readshift4_vs_lr,warm,commit_ns,p90,8458.0,6041.0,-28.576495625443364,-29.06134862639346,-28.391111111111112
o2-panel20-reloaded,readshift4_vs_lr,warm,commit_ns,p99,20354.18,11229.18,-44.8310862928401,-45.14422643962151,-42.68491702193344
o2-panel20-reloaded,readshift4_vs_lr,warm,commit_ns,p999,36534.45599999958,20880.33799999994,-42.84754643671119,-44.863610921654725,-39.02403175474534
o2-panel20-reloaded,readshift4_vs_lr,warm,commit_ns,max,87188.0,61895.5,-29.00915263568381,-53.2249944717069,-0.11405889672328874
o2-panel20-reloaded,readshift4_vs_lr,warm,mask_ns,mean,1950.334419484901,1846.4680161277051,-5.325568903441069,-5.786265843823479,-4.725387676794668
o2-panel20-reloaded,readshift4_vs_lr,warm,mask_ns,p50,1875.0,1791.5,-4.453333333333331,-4.479999999999995,-2.3446019629225767
o2-panel20-reloaded,readshift4_vs_lr,warm,mask_ns,p90,2709.0,2583.5,-4.632705795496495,-6.072727272727274,-3.100775193798455
o2-panel20-reloaded,readshift4_vs_lr,warm,mask_ns,p99,6916.5,6312.5,-8.732740547965012,-10.34218919701152,-6.058622445268746
o2-panel20-reloaded,readshift4_vs_lr,warm,mask_ns,p999,19583.118,17296.57399999994,-11.67609774909215,-15.389907734197775,-8.3475192866581
o2-panel20-reloaded,readshift4_vs_lr,warm,mask_ns,max,50396.0,52062.5,3.3068100642908105,-17.701941232003783,33.083071472256776
o2-panel20-reloaded,readshift4_vs_lr,warm,tbm_ns,mean,6863.818637373488,4578.393795770591,-33.29669623201814,-33.709965698572745,-32.554196881893326
o2-panel20-reloaded,readshift4_vs_lr,warm,tbm_ns,p50,6062.5,3812.5,-37.11340206185567,-37.66233766233766,-36.213174445547835
o2-panel20-reloaded,readshift4_vs_lr,warm,tbm_ns,p90,10854.5,8209.0,-24.372380118844717,-24.805349454978476,-23.751724137931028
o2-panel20-reloaded,readshift4_vs_lr,warm,tbm_ns,p99,25014.940000000024,15812.5,-36.787775625286386,-37.92523867687818,-34.85569963642997
o2-panel20-reloaded,readshift4_vs_lr,warm,tbm_ns,p999,46101.911999999524,27801.41199999988,-39.695750579715295,-42.232113274400454,-36.046902109671464
o2-panel20-reloaded,readshift4_vs_lr,warm,tbm_ns,max,96729.5,79771.0,-17.531880139977986,-43.11957295373665,3.294935844445246
o2-panel20-reloaded,readshift4_vs_integrated3279,cold,commit_ns,mean,3094.5589977783266,3063.3829177980742,-1.0074482342277036,-2.5972776171976686,1.387254611212696
o2-panel20-reloaded,readshift4_vs_integrated3279,cold,commit_ns,p50,2396.0,2375.0,-0.8764607679465741,-2.58585022755482,0.8631578947368324
o2-panel20-reloaded,readshift4_vs_integrated3279,cold,commit_ns,p90,6375.0,6354.5,-0.32156862745098547,-2.245543637626357,0.9757632987094755
o2-panel20-reloaded,readshift4_vs_integrated3279,cold,commit_ns,p99,12687.5,12759.429999999982,0.5669359605909863,-3.8297859288760505,2.867485148514426
o2-panel20-reloaded,readshift4_vs_integrated3279,cold,commit_ns,p999,25364.249999999898,25473.001999999848,0.4287609529158187,-7.252227572883929,11.03379382413079
o2-panel20-reloaded,readshift4_vs_integrated3279,cold,commit_ns,max,62021.0,58604.0,-5.50942422727786,-21.66685477499557,29.551270437081357
o2-panel20-reloaded,readshift4_vs_integrated3279,cold,mask_ns,mean,8164.171365095039,8139.447988151074,-0.30282775603739376,-2.1495691808498973,0.7867096359832182
o2-panel20-reloaded,readshift4_vs_integrated3279,cold,mask_ns,p50,1979.5,1958.0,-1.0861328618337995,-2.100000000000002,2.092904543134244
o2-panel20-reloaded,readshift4_vs_integrated3279,cold,mask_ns,p90,21608.40000000009,21449.800000000047,-0.7339738249941719,-2.402258150110659,1.4986982248524905
o2-panel20-reloaded,readshift4_vs_integrated3279,cold,mask_ns,p99,55193.60999999991,54129.42999999988,-1.9280855156965426,-4.836060526290142,1.302762737185249
o2-panel20-reloaded,readshift4_vs_integrated3279,cold,mask_ns,p999,265294.62499999953,265330.9179999995,0.013680262085946637,-1.7243743924139854,1.157538357929542
o2-panel20-reloaded,readshift4_vs_integrated3279,cold,mask_ns,max,331708.5,325458.5,-1.8841844571363064,-8.054089504485022,24.044098977448456
o2-panel20-reloaded,readshift4_vs_integrated3279,cold,tbm_ns,mean,11262.026511972352,11217.854036040484,-0.3922249329186833,-2.242854526483673,0.8840296781614934
o2-panel20-reloaded,readshift4_vs_integrated3279,cold,tbm_ns,p50,5187.5,5145.5,-0.8096385542168627,-3.112694543408967,0.3984063745019917
o2-panel20-reloaded,readshift4_vs_integrated3279,cold,tbm_ns,p90,26137.300000000047,26241.800000000047,0.399811763265534,-2.3460058650146665,2.126362025775541
o2-panel20-reloaded,readshift4_vs_integrated3279,cold,tbm_ns,p99,63395.92999999976,62533.409999999814,-1.3605289803303555,-4.039771912456924,1.4260447884125504
o2-panel20-reloaded,readshift4_vs_integrated3279,cold,tbm_ns,p999,270404.74999999965,269949.37499999924,-0.16840495590422222,-1.63372442486438,1.1820795675737905
o2-panel20-reloaded,readshift4_vs_integrated3279,cold,tbm_ns,max,336938.0,337438.0,0.14839525372620788,-7.848299529911064,23.421648746701386
o2-panel20-reloaded,readshift4_vs_integrated3279,warm1,commit_ns,mean,2776.1595161688474,2776.742088373241,0.020984824575132066,-2.0016748377053806,1.2475004044826488
o2-panel20-reloaded,readshift4_vs_integrated3279,warm1,commit_ns,p50,1958.5,1959.0,0.025529742149599244,-1.0835913312693513,3.2603025560772103
o2-panel20-reloaded,readshift4_vs_integrated3279,warm1,commit_ns,p90,6083.0,6063.0,-0.3287851389117247,-1.6979591836734698,1.0463378176382765
o2-panel20-reloaded,readshift4_vs_integrated3279,warm1,commit_ns,p99,11521.0,11426.159999999982,-0.823192431212727,-1.8107780280713914,1.4377396736381165
o2-panel20-reloaded,readshift4_vs_integrated3279,warm1,commit_ns,p999,20588.49799999995,21441.333999999813,4.142293430049482,-3.0937279619353997,13.239798662422974
o2-panel20-reloaded,readshift4_vs_integrated3279,warm1,commit_ns,max,48562.0,50979.5,4.978172233433553,-26.83775045528854,56.02176343851419
o2-panel20-reloaded,readshift4_vs_integrated3279,warm1,mask_ns,mean,1986.9509010120958,1977.3494692668478,-0.4832244088345261,-1.4461272486278154,1.0278435624538673
o2-panel20-reloaded,readshift4_vs_integrated3279,warm1,mask_ns,p50,1792.0,1792.0,0.0,-0.05580357142856984,0.027909572983531028
o2-panel20-reloaded,readshift4_vs_integrated3279,warm1,mask_ns,p90,2667.0,2667.0,0.0,-1.5748031496062964,1.5750984436527338
o2-panel20-reloaded,readshift4_vs_integrated3279,warm1,mask_ns,p99,11967.929999999982,11571.929999999982,-3.3088428826037686,-6.505568569432462,4.004945845786856
o2-panel20-reloaded,readshift4_vs_integrated3279,warm1,mask_ns,p999,21056.874999999847,22524.833999999813,6.97140007717183,-6.107819721746699,9.785782565500977
o2-panel20-reloaded,readshift4_vs_integrated3279,warm1,mask_ns,max,47604.0,52062.5,9.365809595832285,-5.570869715926907,17.78148420915826
o2-panel20-reloaded,readshift4_vs_integrated3279,warm1,tbm_ns,mean,4760.567983214021,4752.756504566773,-0.1640871147054579,-1.8572483876618362,1.1013997623425364
o2-panel20-reloaded,readshift4_vs_integrated3279,warm1,tbm_ns,p50,3875.0,3875.0,0.0,-1.08387096774194,1.6436211844508275
o2-panel20-reloaded,readshift4_vs_integrated3279,warm1,tbm_ns,p90,8449.800000000045,8458.0,0.09704371701051429,-2.1107805638197585,2.2227476944904234
o2-panel20-reloaded,readshift4_vs_integrated3279,warm1,tbm_ns,p99,18842.929999999982,18602.589999999964,-1.2754916565524521,-4.3229437689164545,2.0976127759926078
o2-panel20-reloaded,readshift4_vs_integrated3279,warm1,tbm_ns,p999,30600.126999999186,32299.37699999949,5.553081528061465,-6.095182860995041,13.689642109719985
o2-panel20-reloaded,readshift4_vs_integrated3279,warm1,tbm_ns,max,66687.5,75042.0,12.527835051546399,-4.650486159509038,48.95295220243674
o2-panel20-reloaded,readshift4_vs_integrated3279,warm,commit_ns,mean,2758.1456595079403,2734.9018102526124,-0.8427346530884283,-1.7395902483245296,0.23890985392915898
o2-panel20-reloaded,readshift4_vs_integrated3279,warm,commit_ns,p50,1937.5,1917.0,-1.0580645161290314,-2.093973442288044,2.1387584767866397
o2-panel20-reloaded,readshift4_vs_integrated3279,warm,commit_ns,p90,6083.0,6041.0,-0.6904487917146152,-1.035588066080384,0.008219628472794227
o2-panel20-reloaded,readshift4_vs_integrated3279,warm,commit_ns,p99,11452.760000000024,11229.18,-1.9521931831281147,-2.3162415807897574,1.5593442257600731
o2-panel20-reloaded,readshift4_vs_integrated3279,warm,commit_ns,p999,21311.087999999763,20880.33799999994,-2.021248281644872,-4.6563354647624955,4.943548066930892
o2-panel20-reloaded,readshift4_vs_integrated3279,warm,commit_ns,max,66979.0,61895.5,-7.589692291613792,-20.070688500292157,24.784890656063617
o2-panel20-reloaded,readshift4_vs_integrated3279,warm,mask_ns,mean,1854.543330864807,1846.4680161277051,-0.43543413641008444,-1.242032854128572,0.41331483077166237
o2-panel20-reloaded,readshift4_vs_integrated3279,warm,mask_ns,p50,1792.0,1791.5,-0.027901785714290472,-0.05580357142856984,0.0
o2-panel20-reloaded,readshift4_vs_integrated3279,warm,mask_ns,p90,2604.5,2583.5,-0.8062967940103638,-1.6000000000000014,1.5996878657822844
o2-panel20-reloaded,readshift4_vs_integrated3279,warm,mask_ns,p99,6291.5,6312.5,0.33378367638878803,-1.9709458392546897,2.6639999999999997
o2-panel20-reloaded,readshift4_vs_integrated3279,warm,mask_ns,p999,17186.205999999762,17296.57399999994,0.6421894396016148,-3.6200978722510713,3.311695905877099
o2-panel20-reloaded,readshift4_vs_integrated3279,warm,mask_ns,max,47604.0,52062.5,9.365809595832285,-5.570869715926907,17.78148420915826
o2-panel20-reloaded,readshift4_vs_integrated3279,warm,tbm_ns,mean,4611.9356208343615,4578.393795770591,-0.7272830286755405,-1.5456687944738867,0.3356137442865892
o2-panel20-reloaded,readshift4_vs_integrated3279,warm,tbm_ns,p50,3833.0,3812.5,-0.5348291155752638,-1.6129032258064502,1.0693792383933198
o2-panel20-reloaded,readshift4_vs_integrated3279,warm,tbm_ns,p90,8250.0,8209.0,-0.49696969696969573,-1.4998800095992304,0.5090909090909035
o2-panel20-reloaded,readshift4_vs_integrated3279,warm,tbm_ns,p99,15999.86,15812.5,-1.1710102463396543,-3.13346975785459,1.6994750161465788
o2-panel20-reloaded,readshift4_vs_integrated3279,warm,tbm_ns,p999,27707.205999999762,27801.41199999988,0.3400054123108509,-2.847050860882283,4.303181470223372
o2-panel20-reloaded,readshift4_vs_integrated3279,warm,tbm_ns,max,81354.0,79771.0,-1.9458170464881852,-21.614642323200293,31.20542082738944
o2-panel20-reloaded,lr_control,cold,commit_ns,mean,5290.714342137744,5324.017822759812,0.6294703979162763,-0.8718410154263112,1.726115294137509
o2-panel20-reloaded,lr_control,cold,commit_ns,p50,4500.0,4520.5,0.4555555555555646,-0.9247027741083214,1.8618214445939918
o2-panel20-reloaded,lr_control,cold,commit_ns,p90,8916.5,8979.0,0.7009476812650739,-0.9299476556409392,1.890637382542737
o2-panel20-reloaded,lr_control,cold,commit_ns,p99,21881.06999999991,22123.089999999964,1.1060702241711962,-0.8424875548821098,4.2169899632095165
o2-panel20-reloaded,lr_control,cold,commit_ns,p999,38780.956999998896,38987.749999999694,0.5332333598699002,-10.98822256907881,5.227295804092602
o2-panel20-reloaded,lr_control,cold,commit_ns,max,73896.0,83187.5,12.573752300530483,-21.740453938584782,35.77817531305902
o2-panel20-reloaded,lr_control,cold,mask_ns,mean,8930.07114292767,8929.933176993334,-0.0015449589608862446,-0.831333767593482,0.9565671109544427
o2-panel20-reloaded,lr_control,cold,mask_ns,p50,2062.5,2042.0,-0.9939393939393915,-1.9683149303888592,2.007835455435858
o2-panel20-reloaded,lr_control,cold,mask_ns,p90,25075.100000000046,25021.0,-0.21575188134861367,-1.043924324512087,0.7589673199975833
o2-panel20-reloaded,lr_control,cold,mask_ns,p99,62608.92999999988,62485.229999999676,-0.1975756493525771,-1.2543113328346012,3.304414012883239
o2-panel20-reloaded,lr_control,cold,mask_ns,p999,273420.8339999998,273723.8299999999,0.11081671998707243,-1.2218683406983621,0.7721060094362242
o2-panel20-reloaded,lr_control,cold,mask_ns,max,329625.0,348375.0,5.688282138794087,-4.382761139517899,17.070941224825308
o2-panel20-reloaded,lr_control,cold,tbm_ns,mean,14239.62572204394,14248.678573191804,0.0635750638715793,-0.5995829659406926,1.0481284661004262
o2-panel20-reloaded,lr_control,cold,tbm_ns,p50,7750.0,7729.5,-0.2645161290322551,-1.8561187916026678,1.8964164268898687
o2-panel20-reloaded,lr_control,cold,tbm_ns,p90,32304.100000000046,32291.5,-0.03900433691094163,-1.1576663720478941,0.4285000936272487
o2-panel20-reloaded,lr_control,cold,tbm_ns,p99,74467.92999999998,74319.1099999999,-0.1998444162474744,-2.6123607227811707,2.7149362685018996
o2-panel20-reloaded,lr_control,cold,tbm_ns,p999,281614.2499999999,281090.12299999926,-0.18611522676875714,-1.3200938073386514,0.8512055888316938
o2-panel20-reloaded,lr_control,cold,tbm_ns,max,358229.0,356229.0,-0.5583020916787862,-12.361220109312343,16.841033734464396
o2-panel20-reloaded,lr_control,warm1,commit_ns,mean,4938.987583312763,4958.55067884473,0.396095256405693,-0.2423701186818339,0.9878875682278743
o2-panel20-reloaded,lr_control,warm1,commit_ns,p50,4083.0,4083.0,0.0,0.0,1.0286554004408588
o2-panel20-reloaded,lr_control,warm1,commit_ns,p90,8541.300000000001,8500.0,-0.48353295165842747,-1.2116975416521014,0.9822515687927025
o2-panel20-reloaded,lr_control,warm1,commit_ns,p99,20113.429999999982,20248.089999999964,0.6695029142218978,-1.7222245287075666,2.7469003634914113
o2-panel20-reloaded,lr_control,warm1,commit_ns,p999,36222.37499999964,36624.45499999986,1.110032127932592,-1.577523360945643,6.8282771928035
o2-panel20-reloaded,lr_control,warm1,commit_ns,max,82729.5,67812.5,-18.031053010111265,-32.888533333333335,37.716776882253896
o2-panel20-reloaded,lr_control,warm1,mask_ns,mean,2089.753468279437,2099.994445815848,0.4900567311819204,0.07964431076885603,1.3871847297279416
o2-panel20-reloaded,lr_control,warm1,mask_ns,p50,1875.0,1875.0,0.0,0.0,0.0
o2-panel20-reloaded,lr_control,warm1,mask_ns,p90,2791.5,2791.5,0.0,-0.03581661891117749,1.4684813753581771
o2-panel20-reloaded,lr_control,warm1,mask_ns,p99,12291.5,12706.589999999964,3.3770491803275737,-0.16770747037060385,8.35395941521233
o2-panel20-reloaded,lr_control,warm1,mask_ns,p999,23504.75199999995,23665.163999999728,0.6824662519297364,-5.437386619622398,10.369242730686867
o2-panel20-reloaded,lr_control,warm1,mask_ns,max,45791.5,50396.0,10.0553596191433,-4.765082189459413,50.787948886195046
o2-panel20-reloaded,lr_control,warm1,tbm_ns,mean,7028.876499629721,7050.10246852629,0.3019823850609171,-0.16572284447453622,1.3193922394954205
o2-panel20-reloaded,lr_control,warm1,tbm_ns,p50,6125.0,6125.0,0.0,-0.6729911619232976,1.0122448979591914
o2-panel20-reloaded,lr_control,warm1,tbm_ns,p90,11229.0,11250.0,0.18701576275714782,-1.1084444444444341,1.4921348314606675
o2-panel20-reloaded,lr_control,warm1,tbm_ns,p99,25966.289999999946,26685.819999999963,2.771015805492505,0.308139409693986,4.411467376625233
o2-panel20-reloaded,lr_control,warm1,tbm_ns,p999,46240.4569999991,47444.958999999355,2.6048661240529736,-1.8281482592870657,5.917132932727509
o2-panel20-reloaded,lr_control,warm1,tbm_ns,max,91479.5,92146.0,0.7285785339884887,-16.157608312144053,43.16901408450704
o2-panel20-reloaded,lr_control,warm,commit_ns,mean,4903.258701555172,4913.030445157574,0.19929080224347917,-0.46145615060882994,0.9646552005577513
o2-panel20-reloaded,lr_control,warm,commit_ns,p50,4041.0,4041.5,0.012373174956703537,-0.02474022761009831,0.02474634991338487
o2-panel20-reloaded,lr_control,warm,commit_ns,p90,8500.0,8458.0,-0.49411764705882266,-0.9764705882352898,0.9910447761193986
o2-panel20-reloaded,lr_control,warm,commit_ns,p99,19939.000000000036,20354.18,2.082250865138491,-1.5195527055287372,3.164556962025311
o2-panel20-reloaded,lr_control,warm,commit_ns,p999,35539.29399999953,36534.45599999958,2.800173801989625,-1.3484394724956328,4.52741853743186
o2-panel20-reloaded,lr_control,warm,commit_ns,max,112541.0,87188.0,-22.527789872135486,-38.00974567353612,19.48656424612034
o2-panel20-reloaded,lr_control,warm,mask_ns,mean,1946.9469102279272,1950.334419484901,0.17399083863962606,-0.3232873562683425,0.9852544189656642
o2-panel20-reloaded,lr_control,warm,mask_ns,p50,1875.0,1875.0,0.0,-2.18666666666667,0.0
o2-panel20-reloaded,lr_control,warm,mask_ns,p90,2708.5,2709.0,0.01846040243678182,-0.036913990402365204,1.5509601181683985
o2-panel20-reloaded,lr_control,warm,mask_ns,p99,6624.68,6916.5,4.4050429605656305,0.31294665945226563,8.3286153846154
o2-panel20-reloaded,lr_control,warm,mask_ns,p999,18713.33799999994,19583.118,4.647914765393857,1.0618806044508045,6.424005387205067
o2-panel20-reloaded,lr_control,warm,mask_ns,max,48104.0,50396.0,4.76467653417596,-15.95311291752325,42.64643811846363
o2-panel20-reloaded,lr_control,warm,tbm_ns,mean,6845.847733070024,6863.818637373488,0.2625080925573675,-0.42428191981921565,0.9123233619416693
o2-panel20-reloaded,lr_control,warm,tbm_ns,p50,6042.0,6062.5,0.3392916252896283,-0.6740095347690267,0.6892542766982146
o2-panel20-reloaded,lr_control,warm,tbm_ns,p90,10895.5,10854.5,-0.37630214308659315,-0.7602821287899575,0.5884533407469084
o2-panel20-reloaded,lr_control,warm,tbm_ns,p99,24666.0,25014.940000000024,1.4146598556718626,-0.5207613144195822,2.709824034419306
o2-panel20-reloaded,lr_control,warm,tbm_ns,p999,45013.573999999586,46101.911999999524,2.417799573079771,-2.0640330164587883,4.843830666560778
o2-panel20-reloaded,lr_control,warm,tbm_ns,max,124562.5,96729.5,-22.34460612142499,-30.192609565754335,25.29520947058852
o2-js-fresh,readshift4_vs_lr,cold,commit_ns,mean,11399.944742620151,5316.191632105391,-53.36651403028184,-54.52982904492391,-52.437901935877846
o2-js-fresh,readshift4_vs_lr,cold,commit_ns,p50,9542.0,4375.0,-54.150073359882626,-54.90196078431373,-53.40471543857799
o2-js-fresh,readshift4_vs_lr,cold,commit_ns,p90,22292.0,9541.5,-57.19764938094384,-57.783689446926665,-56.44090909090909
o2-js-fresh,readshift4_vs_lr,cold,commit_ns,p99,40376.59,23940.769999999997,-40.706310265428556,-44.213504000719,-38.31820210449385
o2-js-fresh,readshift4_vs_lr,cold,commit_ns,p999,62651.07600000007,36599.74100000004,-41.581624232598976,-45.575129754086696,-32.20080993357165
o2-js-fresh,readshift4_vs_lr,cold,commit_ns,max,90833.5,49791.5,-45.18377030500862,-53.401574359888535,-11.944833455612581
o2-js-fresh,readshift4_vs_lr,cold,mask_ns,mean,285596.34971944377,195480.52305440351,-31.553563886081083,-32.30345673778926,-31.036848994238063
o2-js-fresh,readshift4_vs_lr,cold,mask_ns,p50,3083.5,2979.0,-3.3890059996756983,-4.085603112840463,-2.054907118198257
o2-js-fresh,readshift4_vs_lr,cold,mask_ns,p90,1032758.3,687004.0,-33.478723918268194,-33.91849669319097,-32.45625438604345
o2-js-fresh,readshift4_vs_lr,cold,mask_ns,p99,1666560.8199999998,1023849.3499999999,-38.56513739474566,-39.62006839857269,-36.70798279221831
o2-js-fresh,readshift4_vs_lr,cold,mask_ns,p999,2144481.8570000012,1383633.6160000009,-35.47935080525141,-37.41289882916424,-33.38475553874282
o2-js-fresh,readshift4_vs_lr,cold,mask_ns,max,2379604.0,1564979.0,-34.233637193415376,-37.43820831243051,-31.045385562714333
o2-js-fresh,readshift4_vs_lr,cold,tbm_ns,mean,296960.8502073677,200796.7146865089,-32.382765423020366,-33.110360094901445,-31.847396454853914
o2-js-fresh,readshift4_vs_lr,cold,tbm_ns,p50,15583.5,8291.5,-46.79308242692591,-47.87132188676837,-46.09612523449124
o2-js-fresh,readshift4_vs_lr,cold,tbm_ns,p90,1046779.3000000002,694558.5,-33.64804787408387,-34.11945223867367,-32.89887695582038
o2-js-fresh,readshift4_vs_lr,cold,tbm_ns,p99,1691813.1600000001,1038118.8499999999,-38.638682181665985,-40.24193160206529,-37.251621804384115
o2-js-fresh,readshift4_vs_lr,cold,tbm_ns,p999,2169821.0400000014,1396792.549000001,-35.62637087342465,-38.05374301465899,-33.96162053991332
o2-js-fresh,readshift4_vs_lr,cold,tbm_ns,max,2398646.0,1570479.0,-34.52643699820649,-37.5810209082851,-30.970939607457602
o2-js-fresh,readshift4_vs_lr,warm1,commit_ns,mean,9050.908636252745,3603.0818492315198,-60.19093779380733,-60.911471069645096,-59.75409485177061
o2-js-fresh,readshift4_vs_lr,warm1,commit_ns,p50,8021.0,3166.5,-60.52237875576611,-61.141507087789115,-60.109425516040794
o2-js-fresh,readshift4_vs_lr,warm1,commit_ns,p90,16567.100000000006,6125.0,-63.02913605881537,-64.23044371901825,-62.26723688833431
o2-js-fresh,readshift4_vs_lr,warm1,commit_ns,p99,33257.579999999994,12063.33,-63.727577292154145,-67.50308046432674,-62.75376439570854
o2-js-fresh,readshift4_vs_lr,warm1,commit_ns,p999,55531.5580000001,28371.567000000017,-48.90911038368495,-53.193671788453806,-40.658283737003906
o2-js-fresh,readshift4_vs_lr,warm1,commit_ns,max,84020.5,49896.0,-40.61449289161574,-57.507360157016684,-25.11369599440266
o2-js-fresh,readshift4_vs_lr,warm1,mask_ns,mean,12759.712490851427,9586.732617711637,-24.867173734633763,-25.308380255067576,-24.19665569967975
o2-js-fresh,readshift4_vs_lr,warm1,mask_ns,p50,2417.0,2333.0,-3.475382705833674,-5.17170045510964,-3.435430463576161
o2-js-fresh,readshift4_vs_lr,warm1,mask_ns,p90,3416.5,3208.5,-6.088101858627248,-7.345624817091013,-3.7119856887298797
o2-js-fresh,readshift4_vs_lr,warm1,mask_ns,p99,200231.50999999698,201061.91999999696,0.4147249351513116,-7.6385349221370085,4.313044926390885
o2-js-fresh,readshift4_vs_lr,warm1,mask_ns,p999,1872868.9820000036,1063098.9330000016,-43.236876513127086,-45.85006907237794,-41.167668129396176
o2-js-fresh,readshift4_vs_lr,warm1,mask_ns,max,2451021.0,1428749.5,-41.70798618208493,-44.72389201095615,-36.32874903275729
o2-js-fresh,readshift4_vs_lr,warm1,tbm_ns,mean,21804.63210539156,13178.125640400098,-39.5627242105975,-40.00235442694285,-39.17780493388724
o2-js-fresh,readshift4_vs_lr,warm1,tbm_ns,p50,10645.5,5520.5,-48.14240759006153,-48.72722149164005,-47.82773667235819
o2-js-fresh,readshift4_vs_lr,warm1,tbm_ns,p90,20441.600000000006,9417.0,-53.93217752035066,-54.85278615380844,-53.3714930827202
o2-js-fresh,readshift4_vs_lr,warm1,tbm_ns,p99,236771.6699999972,206069.09999999698,-12.967163681364656,-17.36144784551327,-6.813993146928421
o2-js-fresh,readshift4_vs_lr,warm1,tbm_ns,p999,1899637.3080000035,1074387.0580000016,-43.44251644903998,-45.07465500527241,-41.51613541773166
o2-js-fresh,readshift4_vs_lr,warm1,tbm_ns,max,2463187.5,1434291.5,-41.77091674913095,-44.609751805937805,-35.78745634869793
o2-js-fresh,readshift4_vs_lr,warm,commit_ns,mean,8988.427868585833,3605.7625843701717,-59.88439094035392,-60.58082906934252,-59.57382426619971
o2-js-fresh,readshift4_vs_lr,warm,commit_ns,p50,7979.0,3166.5,-60.314575761373604,-60.9375,-59.84251968503938
o2-js-fresh,readshift4_vs_lr,warm,commit_ns,p90,16583.5,6112.1999999999925,-63.14288298610069,-63.841373222635724,-62.375757575757575
o2-js-fresh,readshift4_vs_lr,warm,commit_ns,p99,32523.49999999994,12150.979999999883,-62.639383830153875,-65.51559428454091,-61.242658375757706
o2-js-fresh,readshift4_vs_lr,warm,commit_ns,p999,56306.57999999984,28401.283999999752,-49.55956479686774,-57.492013362569196,-42.75619295920933
o2-js-fresh,readshift4_vs_lr,warm,commit_ns,max,126708.5,69021.0,-45.52772702699504,-56.89245463228272,-30.11100854684503
o2-js-fresh,readshift4_vs_lr,warm,mask_ns,mean,12682.640847361145,9538.95429779621,-24.787318251774327,-25.70006566367027,-24.281599472058012
o2-js-fresh,readshift4_vs_lr,warm,mask_ns,p50,2416.0,2333.0,-3.435430463576161,-5.17170045510964,-1.7684210526315747
o2-js-fresh,readshift4_vs_lr,warm,mask_ns,p90,3354.5,3229.0,-3.7412431062751494,-5.555555555555558,-1.2758201701093541
o2-js-fresh,readshift4_vs_lr,warm,mask_ns,p99,215316.49999985605,208998.63999985618,-2.9342200899624915,-8.8830720051572,1.1970985139340362
o2-js-fresh,readshift4_vs_lr,warm,mask_ns,p999,1909451.6359999941,1060133.067999998,-44.47971092785503,-45.80013359986586,-42.743562007339044
o2-js-fresh,readshift4_vs_lr,warm,mask_ns,max,2606999.5,1537125.5,-41.03851957010348,-44.27653101135493,-35.575362644496046
o2-js-fresh,readshift4_vs_lr,warm,tbm_ns,mean,21662.2806782142,13158.909449459217,-39.25427500026274,-40.12363703199085,-38.90707875816485
o2-js-fresh,readshift4_vs_lr,warm,tbm_ns,p50,10542.0,5520.5,-47.63327641813697,-48.23529411764705,-47.04040978941377
o2-js-fresh,readshift4_vs_lr,warm,tbm_ns,p90,20291.4,9458.5,-53.38665641601861,-54.31315729816573,-52.57912551216326
o2-js-fresh,readshift4_vs_lr,warm,tbm_ns,p99,263049.1799998983,218186.4599998631,-17.054879243513533,-23.95469154551425,-3.646212811667149
o2-js-fresh,readshift4_vs_lr,warm,tbm_ns,p999,1938395.3519999941,1070297.2159999982,-44.7843694581867,-46.11762795921942,-43.03313217416929
o2-js-fresh,readshift4_vs_lr,warm,tbm_ns,max,2615979.0,1551146.0,-40.704952142199915,-44.14753727747504,-35.438236334605165
o2-js-fresh,readshift4_vs_integrated3279,cold,commit_ns,mean,5400.653452061479,5316.191632105391,-1.5639185277449563,-6.062523565609079,1.0961252933217036
o2-js-fresh,readshift4_vs_integrated3279,cold,commit_ns,p50,4542.0,4375.0,-3.676794363716429,-6.246651666130932,-2.76487502764875
o2-js-fresh,readshift4_vs_integrated3279,cold,commit_ns,p90,9687.0,9541.5,-1.5020130071229487,-6.824096385542166,1.53527849365685
o2-js-fresh,readshift4_vs_integrated3279,cold,commit_ns,p99,24001.25,23940.769999999997,-0.25198687568357414,-6.361067493698947,8.006702920245923
o2-js-fresh,readshift4_vs_integrated3279,cold,commit_ns,p999,35515.241000000104,36599.74100000004,3.0536185858908604,-17.161773274043725,19.69214380440636
o2-js-fresh,readshift4_vs_integrated3279,cold,commit_ns,max,55833.0,49791.5,-10.820661615890248,-32.143608798833014,49.380673034999404
o2-js-fresh,readshift4_vs_integrated3279,cold,mask_ns,mean,206387.60051232006,195480.52305440351,-5.284754234673827,-6.659090018031488,-4.00182658156804
o2-js-fresh,readshift4_vs_integrated3279,cold,mask_ns,p50,2979.5,2979.0,-0.016781339150861996,-2.692182938696075,1.4027378739225993
o2-js-fresh,readshift4_vs_integrated3279,cold,mask_ns,p90,736637.1000000001,687004.0,-6.737795313323225,-7.444356654939222,-5.170844105246929
o2-js-fresh,readshift4_vs_integrated3279,cold,mask_ns,p99,1064753.4999999998,1023849.3499999999,-3.8416544298750743,-9.230814409414434,-0.509278259569157
o2-js-fresh,readshift4_vs_integrated3279,cold,mask_ns,p999,1498099.1920000007,1383633.6160000009,-7.640720762100228,-9.46947946150467,-4.847138420879904
o2-js-fresh,readshift4_vs_integrated3279,cold,mask_ns,max,1676603.5,1564979.0,-6.65777567564424,-13.9224417056653,-1.663061825814091
o2-js-fresh,readshift4_vs_integrated3279,cold,tbm_ns,mean,211788.25396438155,200796.7146865089,-5.189871993430383,-6.663407644884634,-3.859284409775801
o2-js-fresh,readshift4_vs_integrated3279,cold,tbm_ns,p50,8437.5,8291.5,-1.730370370370371,-4.602243012377249,0.5065733928355964
o2-js-fresh,readshift4_vs_integrated3279,cold,tbm_ns,p90,743408.5000000001,694558.5,-6.571084403796846,-7.361261445943212,-5.075397433653084
o2-js-fresh,readshift4_vs_integrated3279,cold,tbm_ns,p99,1077865.0,1038118.8499999999,-3.687488692925378,-9.609446391721155,-0.6611026667224351
o2-js-fresh,readshift4_vs_integrated3279,cold,tbm_ns,p999,1519198.009000001,1396792.549000001,-8.057241997083208,-9.915718489064373,-5.320439574534475
o2-js-fresh,readshift4_vs_integrated3279,cold,tbm_ns,max,1692562.0,1570479.0,-7.212911550655166,-14.249151729613152,-1.9669543532647005
o2-js-fresh,readshift4_vs_integrated3279,warm1,commit_ns,mean,3749.0020736765064,3603.0818492315198,-3.8922417640033014,-5.5402733471097925,-1.9882273123129734
o2-js-fresh,readshift4_vs_integrated3279,warm1,commit_ns,p50,3333.0,3166.5,-4.995499549954996,-6.799999999999995,-3.7503750375037503
o2-js-fresh,readshift4_vs_integrated3279,warm1,commit_ns,p90,6170.600000000006,6125.0,-0.7389881048845415,-4.0000000000000036,1.5619904780536764
o2-js-fresh,readshift4_vs_integrated3279,warm1,commit_ns,p99,12376.33,12063.33,-2.5290211233863324,-10.387161521966792,2.7025704826771246
o2-js-fresh,readshift4_vs_integrated3279,warm1,commit_ns,p999,27720.460000000032,28371.567000000017,2.3488318736412994,-6.775448374904791,14.044209983050848
o2-js-fresh,readshift4_vs_integrated3279,warm1,commit_ns,max,44416.5,49896.0,12.33663165715444,-10.600790246867719,22.32142857142858
o2-js-fresh,readshift4_vs_integrated3279,warm1,mask_ns,mean,9748.61319834106,9586.732617711637,-1.6605498375601768,-3.758918615114404,-0.7452007211146805
o2-js-fresh,readshift4_vs_integrated3279,warm1,mask_ns,p50,2334.0,2333.0,-0.04284490145672892,-1.7994858611825149,1.7888307155322858
o2-js-fresh,readshift4_vs_integrated3279,warm1,mask_ns,p90,3250.0,3208.5,-1.2769230769230755,-2.584615384615385,2.620776760341026
o2-js-fresh,readshift4_vs_integrated3279,warm1,mask_ns,p99,195021.90999999695,201061.91999999696,3.097093039443677,-4.253031922514761,16.677561597004175
o2-js-fresh,readshift4_vs_integrated3279,warm1,mask_ns,p999,1115904.8750000005,1063098.9330000016,-4.732118586720835,-8.699057544088728,1.1920288410598223
o2-js-fresh,readshift4_vs_integrated3279,warm1,mask_ns,max,1444687.0,1428749.5,-1.103180135212678,-6.081529412520281,8.474694907872404
o2-js-fresh,readshift4_vs_integrated3279,warm1,tbm_ns,mean,13526.83495974628,13178.125640400098,-2.577907695213888,-4.248823026223114,-1.0236467817060446
o2-js-fresh,readshift4_vs_integrated3279,warm1,tbm_ns,p50,5729.5,5520.5,-3.647787765075483,-5.070694365113815,-1.4933333333333354
o2-js-fresh,readshift4_vs_integrated3279,warm1,tbm_ns,p90,9479.5,9417.0,-0.6593174745503472,-3.8461538461538436,1.3109208161539376
o2-js-fresh,readshift4_vs_integrated3279,warm1,tbm_ns,p99,201759.7399999971,206069.09999999698,2.135886971305534,-6.17637342735039,27.84847216674575
o2-js-fresh,readshift4_vs_integrated3279,warm1,tbm_ns,p999,1128520.6830000004,1074387.0580000016,-4.7968660048031015,-7.460476986848608,1.5382882200865478
o2-js-fresh,readshift4_vs_integrated3279,warm1,tbm_ns,max,1452875.0,1434291.5,-1.2790845736900924,-6.1352895829799445,8.421087953249318
o2-js-fresh,readshift4_vs_integrated3279,warm,commit_ns,mean,3691.864153858665,3605.7625843701717,-2.3321976622162954,-4.077618144612371,-1.2650083302362947
o2-js-fresh,readshift4_vs_integrated3279,warm,commit_ns,p50,3292.0,3166.5,-3.812272174969622,-5.072904009720536,-2.5516403402187082
o2-js-fresh,readshift4_vs_integrated3279,warm,commit_ns,p90,6104.0,6112.1999999999925,0.13433813892518298,-2.020202020202022,1.7179023508137492
o2-js-fresh,readshift4_vs_integrated3279,warm,commit_ns,p99,11958.02,12150.979999999883,1.6136450683297276,-2.8603299058665765,6.097018628634121
o2-js-fresh,readshift4_vs_integrated3279,warm,commit_ns,p999,27424.635999999737,28401.283999999752,3.561206792316307,-8.845765402225847,22.087808568557655
o2-js-fresh,readshift4_vs_integrated3279,warm,commit_ns,max,50979.0,69021.0,35.39104337079975,-1.0228070175438586,65.99404788745096
o2-js-fresh,readshift4_vs_integrated3279,warm,mask_ns,mean,9753.683622021632,9538.95429779621,-2.201520292708814,-3.0775479415156406,-1.5576393846611691
o2-js-fresh,readshift4_vs_integrated3279,warm,mask_ns,p50,2333.0,2333.0,0.0,-1.7573939134162053,0.0
o2-js-fresh,readshift4_vs_integrated3279,warm,mask_ns,p90,3208.0,3229.0,0.6546134663341752,-1.9110227793915358,1.3092269326683281
o2-js-fresh,readshift4_vs_integrated3279,warm,mask_ns,p99,203699.99999985192,208998.63999985618,2.6011978399647084,-3.002020502141478,8.62198102995253
o2-js-fresh,readshift4_vs_integrated3279,warm,mask_ns,p999,1127429.9999999984,1060133.067999998,-5.9690563493964515,-8.099944216547083,-2.8091461674746077
o2-js-fresh,readshift4_vs_integrated3279,warm,mask_ns,max,1497333.0,1537125.5,2.6575584722970724,-3.1271172429375493,10.245288647887296
o2-js-fresh,readshift4_vs_integrated3279,warm,tbm_ns,mean,13465.567130194357,13158.909449459217,-2.2773469380840905,-3.1930635457725787,-1.4547616259835694
o2-js-fresh,readshift4_vs_integrated3279,warm,tbm_ns,p50,5667.0,5520.5,-2.585142050467615,-4.0351648351648395,-1.4789231314204732
o2-js-fresh,readshift4_vs_integrated3279,warm,tbm_ns,p90,9395.5,9458.5,0.6705337661646604,-1.7298701298701258,3.1383860343974
o2-js-fresh,readshift4_vs_integrated3279,warm,tbm_ns,p99,216802.83999986132,218186.4599998631,0.6381927469228055,-7.036585406820312,20.467009295419558
o2-js-fresh,readshift4_vs_integrated3279,warm,tbm_ns,p999,1136544.7039999976,1070297.2159999982,-5.828850177810474,-8.26864211431706,-3.0124132846212737
o2-js-fresh,readshift4_vs_integrated3279,warm,tbm_ns,max,1512750.0,1551146.0,2.538158981986438,-3.1607458763456497,10.086782867355124
o2-js-fresh,lr_control,cold,commit_ns,mean,11330.949987801903,11399.944742620151,0.6089052982541032,-2.4279822698844655,1.911088278690358
o2-js-fresh,lr_control,cold,commit_ns,p50,9542.0,9542.0,0.0,-1.9522099016086258,1.1048847536476947
o2-js-fresh,lr_control,cold,commit_ns,p90,22166.6,22292.0,0.5657159871157669,-1.3098869549614256,2.294419970631423
o2-js-fresh,lr_control,cold,commit_ns,p99,40336.0,40376.59,0.10062971043236502,-5.181433905549171,9.52975709799395
o2-js-fresh,lr_control,cold,commit_ns,p999,61013.04900000002,62651.07600000007,2.684715854800257,-5.798616930861655,9.046938940311922
o2-js-fresh,lr_control,cold,commit_ns,max,102125.0,90833.5,-11.056548347613216,-35.41620174068289,23.77807133421401
o2-js-fresh,lr_control,cold,mask_ns,mean,286847.09380336665,285596.34971944377,-0.4360316387867158,-1.5069924058043191,0.5554777178378822
o2-js-fresh,lr_control,cold,mask_ns,p50,3083.5,3083.5,0.0,-4.490554351192322,2.728468113083493
o2-js-fresh,lr_control,cold,mask_ns,p90,1036700.0000000001,1032758.3,-0.38021607022282744,-1.5983200912558226,0.7238386291878562
o2-js-fresh,lr_control,cold,mask_ns,p99,1666972.6599999997,1666560.8199999998,-0.02470586410217024,-2.4330482012754784,1.9334050923909496
o2-js-fresh,lr_control,cold,mask_ns,p999,2138206.4820000017,2144481.8570000012,0.2934877923543633,-3.750157559445655,3.5438753075652807
o2-js-fresh,lr_control,cold,mask_ns,max,2370666.5,2379604.0,0.3770036822977829,-5.956557206032387,2.563068202919605
o2-js-fresh,lr_control,cold,tbm_ns,mean,298178.0437911686,296960.8502073677,-0.4082103324325903,-1.520235610646604,0.6174214687711066
o2-js-fresh,lr_control,cold,tbm_ns,p50,15521.0,15583.5,0.4026802396752682,-1.5893702914905106,2.0357723577235864
o2-js-fresh,lr_control,cold,tbm_ns,p90,1052133.4000000004,1046779.3000000002,-0.5088803377974904,-1.7693480017083485,0.586583612841407
o2-js-fresh,lr_control,cold,tbm_ns,p99,1691050.67,1691813.1600000001,0.04508971928087746,-2.406615887092134,1.823262018635985
o2-js-fresh,lr_control,cold,tbm_ns,p999,2182222.174000002,2169821.0400000014,-0.5682800838408331,-3.1601228301292528,3.39630247591034
o2-js-fresh,lr_control,cold,tbm_ns,max,2411521.0,2398646.0,-0.5338954128950135,-5.83945071113291,2.173475150722415
o2-js-fresh,lr_control,warm1,commit_ns,mean,9100.378750914857,9050.908636252745,-0.5436050082765931,-3.1197365321639414,1.852365125594413
o2-js-fresh,lr_control,warm1,commit_ns,p50,8000.0,8021.0,0.26250000000000995,-1.7907692307692291,1.0375000000000023
o2-js-fresh,lr_control,warm1,commit_ns,p90,16941.600000000006,16567.100000000006,-2.210535014402415,-4.472251052465815,0.8112164110320119
o2-js-fresh,lr_control,warm1,commit_ns,p99,33794.909999999996,33257.579999999994,-1.5899731645978687,-9.100243183488931,9.500688607114016
o2-js-fresh,lr_control,warm1,commit_ns,p999,54131.500000000044,55531.5580000001,2.5864016330603423,-14.788387522490465,14.254090999254366
o2-js-fresh,lr_control,warm1,commit_ns,max,91479.0,84020.5,-8.15323735502137,-26.033821920097466,24.895048977144008
o2-js-fresh,lr_control,warm1,mask_ns,mean,12760.571114906075,12759.712490851427,-0.006728727475568963,-2.317773862858785,1.1276759482269139
o2-js-fresh,lr_control,warm1,mask_ns,p50,2417.0,2417.0,0.0,-3.3877797943133725,1.7173598179184735
o2-js-fresh,lr_control,warm1,mask_ns,p90,3358.600000000006,3416.5,1.7239325909603531,-6.896551724137934,2.9965934099060565
o2-js-fresh,lr_control,warm1,mask_ns,p99,193831.92999999673,200231.50999999698,3.301612897317985,0.13470899572528855,8.13768331151592
o2-js-fresh,lr_control,warm1,mask_ns,p999,1912520.817000001,1872868.9820000036,-2.07327599509195,-5.066187252493415,1.0756163475028613
o2-js-fresh,lr_control,warm1,mask_ns,max,2472312.5,2451021.0,-0.8611977652501435,-5.370599673846277,4.518477917149788
o2-js-fresh,lr_control,warm1,tbm_ns,mean,21797.510978287388,21804.63210539156,0.03266945070592442,-3.158539163689633,1.4835762329194813
o2-js-fresh,lr_control,warm1,tbm_ns,p50,10625.0,10645.5,0.19294117647059572,-2.4972253052164217,0.7842025699168476
o2-js-fresh,lr_control,warm1,tbm_ns,p90,20758.20000000001,20441.600000000006,-1.5251804106329314,-4.091323773655519,0.8045013536819079
o2-js-fresh,lr_control,warm1,tbm_ns,p99,233650.25999999733,236771.6699999972,1.335932602856893,-1.978545139980814,10.634862160949044
o2-js-fresh,lr_control,warm1,tbm_ns,p999,1935987.6920000007,1899637.3080000035,-1.8776144161559705,-5.154864103451384,1.2210546909602993
o2-js-fresh,lr_control,warm1,tbm_ns,max,2491604.5,2463187.5,-1.1405100608864682,-5.004452541320803,4.535469389861779
o2-js-fresh,lr_control,warm,commit_ns,mean,9024.202203789542,8988.427868585833,-0.3964265693058855,-1.115376969561288,1.1006870033310134
o2-js-fresh,lr_control,warm,commit_ns,p50,7958.5,7979.0,0.25758622856066893,-0.78125,0.5277707966825806
o2-js-fresh,lr_control,warm,commit_ns,p90,16667.0,16583.5,-0.5009899802003948,-1.394626865671722,0.596388072238474
o2-js-fresh,lr_control,warm,commit_ns,p99,32354.839999999982,32523.49999999994,0.5212821327503336,-5.1049076454061755,4.91317108964151
o2-js-fresh,lr_control,warm,commit_ns,p999,54457.71599999975,56306.57999999984,3.395045065790314,-7.102954021779407,14.253162377703605
o2-js-fresh,lr_control,warm,commit_ns,max,91979.0,126708.5,37.75807521282031,8.425048720866046,49.51890336328289
o2-js-fresh,lr_control,warm,mask_ns,mean,12688.54192079369,12682.640847361145,-0.04650710435747385,-1.555151106998054,1.4132574411111154
o2-js-fresh,lr_control,warm,mask_ns,p50,2417.0,2416.0,-0.04137360364088183,-0.9023789991796538,0.02069108214359794
o2-js-fresh,lr_control,warm,mask_ns,p90,3354.0,3354.5,0.014907573047118206,-1.851851851851849,2.5212636695018276
o2-js-fresh,lr_control,warm,mask_ns,p99,221009.3399998584,215316.49999985605,-2.5758368402014176,-16.45588549389876,7.7286876035937535
o2-js-fresh,lr_control,warm,mask_ns,p999,1935345.4999999907,1909451.6359999941,-1.337945291938658,-3.364666079764289,1.1182002140653013
o2-js-fresh,lr_control,warm,mask_ns,max,2580479.5,2606999.5,1.0277159729422447,-4.839609916729781,6.168545874786457
o2-js-fresh,lr_control,warm,tbm_ns,mean,21676.94108319102,21662.2806782142,-0.06763133654585918,-1.4707232460377084,1.3850552694248286
o2-js-fresh,lr_control,warm,tbm_ns,p50,10562.5,10542.0,-0.19408284023668676,-0.7811764705882407,0.7952380952380933
o2-js-fresh,lr_control,warm,tbm_ns,p90,20383.199999999993,20291.4,-0.45037089367711003,-2.0148647079317183,0.8995008237636659
o2-js-fresh,lr_control,warm,tbm_ns,p99,260630.5199998851,263049.1799998983,0.9280033666104304,-7.654119178443719,8.598705259538498
o2-js-fresh,lr_control,warm,tbm_ns,p999,1961014.431999994,1938395.3519999941,-1.1534377121809936,-2.9977112855923083,0.9438036857168042
o2-js-fresh,lr_control,warm,tbm_ns,max,2589979.5,2615979.0,1.0038496443697698,-5.223123693667442,6.191483225800121
o2-js-reloaded,readshift4_vs_lr,cold,commit_ns,mean,11303.798975359843,7941.430104903635,-29.745476523295757,-31.134657249783302,-29.083213899267825
o2-js-reloaded,readshift4_vs_lr,cold,commit_ns,p50,9562.5,7167.0,-25.050980392156863,-25.91376807837852,-24.390914473323242
o2-js-reloaded,readshift4_vs_lr,cold,commit_ns,p90,21916.5,14000.0,-36.121187233362996,-37.00245924036798,-35.17105621043996
o2-js-reloaded,readshift4_vs_lr,cold,commit_ns,p99,40922.81999999999,27899.749999999996,-31.82349114748201,-34.459516600591414,-27.970967259507805
o2-js-reloaded,readshift4_vs_lr,cold,commit_ns,p999,59859.817000000214,42576.25000000012,-28.87340434067821,-39.78801579949794,-19.706145651383224
o2-js-reloaded,readshift4_vs_lr,cold,commit_ns,max,106250.0,76791.5,-27.725647058823533,-46.27482352941177,-6.470694242735842
o2-js-reloaded,readshift4_vs_lr,cold,mask_ns,mean,283200.8887533545,199039.87289582827,-29.7177795691255,-30.161131365989434,-29.229627911642766
o2-js-reloaded,readshift4_vs_lr,cold,mask_ns,p50,3042.0,2958.5,-2.744904667981596,-4.7510204081632645,-1.3737173121482926
o2-js-reloaded,readshift4_vs_lr,cold,mask_ns,p90,1019591.8000000003,701720.8,-31.1763001624768,-31.888794977863,-30.795448222272658
o2-js-reloaded,readshift4_vs_lr,cold,mask_ns,p99,1654180.16,1045773.1699999999,-36.779971414963654,-38.40850445563769,-35.368083486142154
o2-js-reloaded,readshift4_vs_lr,cold,mask_ns,p999,2138804.576000002,1421438.6160000009,-33.54050987405408,-34.13066058932815,-32.07586609271905
o2-js-reloaded,readshift4_vs_lr,cold,mask_ns,max,2367646.0,1590666.5,-32.81654014155833,-36.12236439320541,-21.89472908891944
o2-js-reloaded,readshift4_vs_lr,cold,tbm_ns,mean,294436.33337399364,206958.15052451816,-29.710389966838946,-30.19874990531991,-29.20712727730851
o2-js-reloaded,readshift4_vs_lr,cold,tbm_ns,p50,15500.0,11458.5,-26.074193548387093,-27.419354838709676,-25.469918699186987
o2-js-reloaded,readshift4_vs_lr,cold,tbm_ns,p90,1037366.6,713958.2000000001,-31.175902520863875,-31.948932633301293,-30.55735466269407
o2-js-reloaded,readshift4_vs_lr,cold,tbm_ns,p99,1679830.0899999999,1063242.4899999998,-36.70535512314821,-38.50880843868081,-35.55238757333981
o2-js-reloaded,readshift4_vs_lr,cold,tbm_ns,p999,2165814.875000002,1434261.3840000005,-33.77728629738036,-34.83137176944792,-32.16189854279794
o2-js-reloaded,readshift4_vs_lr,cold,tbm_ns,max,2403792.0,1608562.5,-33.08229247788495,-36.34207352544443,-21.288394552655852
o2-js-reloaded,readshift4_vs_lr,warm1,commit_ns,mean,9052.62198097097,6191.41802878751,-31.606356237981025,-32.005049484282424,-30.90108147763381
o2-js-reloaded,readshift4_vs_lr,warm1,commit_ns,p50,8000.0,5729.0,-28.3875,-29.34355713484197,-27.371479095617023
o2-js-reloaded,readshift4_vs_lr,warm1,commit_ns,p90,16637.500000000015,10591.800000000012,-36.33779113448533,-36.845808463570314,-35.13117326015984
o2-js-reloaded,readshift4_vs_lr,warm1,commit_ns,p99,32566.239999999998,17690.07,-45.67972845498897,-48.090383357788276,-42.02902155010815
o2-js-reloaded,readshift4_vs_lr,warm1,commit_ns,p999,54692.058000000055,34039.134000000035,-37.76219940379644,-43.28433593068495,-32.678248047216194
o2-js-reloaded,readshift4_vs_lr,warm1,commit_ns,max,77125.0,57083.5,-25.985737439222046,-35.27402985074627,-10.994868530967816
o2-js-reloaded,readshift4_vs_lr,warm1,mask_ns,mean,12661.488533788728,9598.299341302758,-24.192962654521033,-24.906589595554003,-23.516204668583597
o2-js-reloaded,readshift4_vs_lr,warm1,mask_ns,p50,2417.0,2333.0,-3.475382705833674,-5.17277053589903,-1.7684210526315747
o2-js-reloaded,readshift4_vs_lr,warm1,mask_ns,p90,3312.5,3275.100000000006,-1.129056603773404,-3.703703703703709,2.6780800978295938
o2-js-reloaded,readshift4_vs_lr,warm1,mask_ns,p99,198407.91999999696,194433.49999999683,-2.003155922404809,-8.113528649666055,0.18738521338397263
o2-js-reloaded,readshift4_vs_lr,warm1,mask_ns,p999,1884142.201000001,1066625.6160000016,-43.389325103280726,-44.713116217029224,-41.87387926432285
o2-js-reloaded,readshift4_vs_lr,warm1,mask_ns,max,2446250.0,1422375.0,-41.854879918242204,-45.74530700047345,-39.248183908045974
o2-js-reloaded,readshift4_vs_lr,warm1,tbm_ns,mean,21681.696267382285,15790.36374725543,-27.171917028418648,-27.782713617981468,-26.57850687800397
o2-js-reloaded,readshift4_vs_lr,warm1,tbm_ns,p50,10583.5,8062.5,-23.820097321302026,-24.407067939147687,-22.463299359616087
o2-js-reloaded,readshift4_vs_lr,warm1,tbm_ns,p90,20404.30000000001,13733.100000000006,-32.69506917659514,-33.64286683597311,-31.599865822295904
o2-js-reloaded,readshift4_vs_lr,warm1,tbm_ns,p99,241970.22999999742,208262.90999999698,-13.930358292423328,-18.075067565701385,-5.369545331979831
o2-js-reloaded,readshift4_vs_lr,warm1,tbm_ns,p999,1906883.2500000014,1091738.1250000019,-42.74751089244708,-44.8679902636213,-41.47409989570515
o2-js-reloaded,readshift4_vs_lr,warm1,tbm_ns,max,2455500.0,1431125.0,-41.71757279576461,-45.612792325966446,-39.16717572795765
o2-js-reloaded,readshift4_vs_lr,warm,commit_ns,mean,9015.480279743027,6160.624013987152,-31.666158398354895,-32.39997505789034,-30.877560948665273
o2-js-reloaded,readshift4_vs_lr,warm,commit_ns,p50,8000.0,5708.0,-28.65,-29.6875,-27.897429419566734
o2-js-reloaded,readshift4_vs_lr,warm,commit_ns,p90,16603.5,10583.5,-36.25741560514349,-37.12348493939758,-35.18355981961805
o2-js-reloaded,readshift4_vs_lr,warm,commit_ns,p99,32400.51999999988,17524.319999999923,-45.91346064816248,-48.16415644955128,-44.555839253788285
o2-js-reloaded,readshift4_vs_lr,warm,commit_ns,p999,55367.86399999949,34820.28399999974,-37.11102165689459,-44.83191372347066,-32.85110671209935
o2-js-reloaded,readshift4_vs_lr,warm,commit_ns,max,100000.0,73729.0,-26.271,-42.1156862745098,3.190920247972895
o2-js-reloaded,readshift4_vs_lr,warm,mask_ns,mean,12591.582418476051,9555.960844108318,-24.108340584051323,-24.991754830702316,-23.539599182446512
o2-js-reloaded,readshift4_vs_lr,warm,mask_ns,p50,2416.0,2333.0,-3.435430463576161,-5.9499384489125955,-2.609058651638485
o2-js-reloaded,readshift4_vs_lr,warm,mask_ns,p90,3333.5,3250.0,-2.5048747562621876,-6.068501170960195,-0.01518833535844033
o2-js-reloaded,readshift4_vs_lr,warm,mask_ns,p99,216031.1399998584,199511.1999998475,-7.647017925296195,-9.287635290812467,-2.252350461301722
o2-js-reloaded,readshift4_vs_lr,warm,mask_ns,p999,1887902.079999995,1063124.079999995,-43.68754125213964,-44.48506798826804,-42.7158461402077
o2-js-reloaded,readshift4_vs_lr,warm,mask_ns,max,2501563.0,1487500.0,-40.53717615746635,-43.046704065537064,-35.68787984283281
o2-js-reloaded,readshift4_vs_lr,warm,tbm_ns,mean,21545.53082052533,15731.018825729852,-26.987090934219594,-28.09413182981664,-26.576060649885836
o2-js-reloaded,readshift4_vs_lr,warm,tbm_ns,p50,10583.0,8000.0,-24.407067939147687,-24.9976377208731,-23.470933535315286
o2-js-reloaded,readshift4_vs_lr,warm,tbm_ns,p90,20279.199999999993,13583.5,-33.0175746577774,-34.07169412061619,-31.74980205859066
o2-js-reloaded,readshift4_vs_lr,warm,tbm_ns,p99,250511.13999988692,217714.31999985946,-13.091960700846384,-20.545334311613196,-7.720985032204508
o2-js-reloaded,readshift4_vs_lr,warm,tbm_ns,p999,1911595.431999994,1076121.3519999993,-43.705590943261754,-44.37991069472893,-42.27505628346595
o2-js-reloaded,readshift4_vs_lr,warm,tbm_ns,max,2509458.5,1494687.0,-40.43786737258257,-42.828821086031475,-35.52487106304141
o2-js-reloaded,readshift4_vs_integrated3279,cold,commit_ns,mean,7768.763478897292,7941.430104903635,2.2225754005172904,0.05947852731820191,3.803112823403265
o2-js-reloaded,readshift4_vs_integrated3279,cold,commit_ns,p50,7062.5,7167.0,1.479646017699121,0.5894736842105175,2.9817502514729144
o2-js-reloaded,readshift4_vs_integrated3279,cold,commit_ns,p90,13737.700000000012,14000.0,1.909344358953735,-1.0921554990988236,3.154884966560396
o2-js-reloaded,readshift4_vs_integrated3279,cold,commit_ns,p99,27794.01,27899.749999999996,0.38044168509689946,-2.312076876460889,4.297402217419166
o2-js-reloaded,readshift4_vs_integrated3279,cold,commit_ns,p999,39611.37500000002,42576.25000000012,7.484908059869411,-2.2606817505261168,21.7396111632548
o2-js-reloaded,readshift4_vs_integrated3279,cold,commit_ns,max,53854.0,76791.5,42.59200802168828,-33.53893289794602,82.38552971576227
o2-js-reloaded,readshift4_vs_integrated3279,cold,mask_ns,mean,208847.68711880947,199039.87289582827,-4.696156494853454,-5.600566332674184,-3.778637911547944
o2-js-reloaded,readshift4_vs_integrated3279,cold,mask_ns,p50,2979.5,2958.5,-0.7048162443362926,-2.7237354085603127,0.0
o2-js-reloaded,readshift4_vs_integrated3279,cold,mask_ns,p90,741120.7000000002,701720.8,-5.3162595512445066,-6.466063455594151,-4.317579145852425
o2-js-reloaded,readshift4_vs_integrated3279,cold,mask_ns,p99,1079148.5899999999,1045773.1699999999,-3.0927548170173624,-5.367572448943669,0.5470784890248437
o2-js-reloaded,readshift4_vs_integrated3279,cold,mask_ns,p999,1490329.0760000008,1421438.6160000009,-4.622499896794596,-9.374208997638467,-2.8554782308792492
o2-js-reloaded,readshift4_vs_integrated3279,cold,mask_ns,max,1740666.5,1590666.5,-8.617388799060588,-14.287361769265539,13.37158107211076
o2-js-reloaded,readshift4_vs_integrated3279,cold,tbm_ns,mean,216616.45059770677,206958.15052451816,-4.458710336421168,-5.3723201925606645,-3.4983891934963096
o2-js-reloaded,readshift4_vs_integrated3279,cold,tbm_ns,p50,11208.5,11458.5,2.230450104831161,0.3733333333333366,3.572878603329266
o2-js-reloaded,readshift4_vs_integrated3279,cold,tbm_ns,p90,751516.7,713958.2000000001,-4.997693331365738,-6.065562342187087,-4.131532501050206
o2-js-reloaded,readshift4_vs_integrated3279,cold,tbm_ns,p99,1093663.68,1063242.4899999998,-2.781585468761305,-5.502576441049978,0.8645854126576591
o2-js-reloaded,readshift4_vs_integrated3279,cold,tbm_ns,p999,1507480.0670000007,1434261.3840000005,-4.857024951959121,-9.077052970518118,-3.227408180379321
o2-js-reloaded,readshift4_vs_integrated3279,cold,tbm_ns,max,1749062.5,1608562.5,-8.032874754332674,-14.113350021451476,14.613693872865063
o2-js-reloaded,readshift4_vs_integrated3279,warm1,commit_ns,mean,5894.242254208344,6191.41802878751,5.041797770815903,2.384857450429423,6.27526449530631
o2-js-reloaded,readshift4_vs_integrated3279,warm1,commit_ns,p50,5417.0,5729.0,5.759645560273219,1.871753537524623,6.166912850812412
o2-js-reloaded,readshift4_vs_integrated3279,warm1,commit_ns,p90,9875.0,10591.800000000012,7.25873417721532,3.7558777429468337,9.835897435897433
o2-js-reloaded,readshift4_vs_integrated3279,warm1,commit_ns,p99,16653.499999999993,17690.07,6.224337226408916,-1.4227112379537554,14.51563975770746
o2-js-reloaded,readshift4_vs_integrated3279,warm1,commit_ns,p999,35080.808000000165,34039.134000000035,-2.969355779947047,-14.135602241951961,9.712771716287683
o2-js-reloaded,readshift4_vs_integrated3279,warm1,commit_ns,max,53229.0,57083.5,7.241353397584027,-22.122548599811598,44.98555350838982
o2-js-reloaded,readshift4_vs_integrated3279,warm1,mask_ns,mean,9764.785069529153,9598.299341302758,-1.7049604987815936,-2.9587144309569657,-0.8316339942549322
o2-js-reloaded,readshift4_vs_integrated3279,warm1,mask_ns,p50,2333.0,2333.0,0.0,-2.631578947368418,1.7888307155322858
o2-js-reloaded,readshift4_vs_integrated3279,warm1,mask_ns,p90,3208.0,3275.100000000006,2.0916458852869635,-1.260823332826977,6.514962593516205
o2-js-reloaded,readshift4_vs_integrated3279,warm1,mask_ns,p99,192581.65999999698,194433.49999999683,0.9615868925420434,-11.078900878259358,5.068361374781771
o2-js-reloaded,readshift4_vs_integrated3279,warm1,mask_ns,p999,1095913.509000001,1066625.6160000016,-2.6724639088283597,-7.792102105911381,0.03797905160365378
o2-js-reloaded,readshift4_vs_integrated3279,warm1,mask_ns,max,1387791.5,1422375.0,2.491980963999274,-9.750422000731218,7.54799982562222
o2-js-reloaded,readshift4_vs_integrated3279,warm1,tbm_ns,mean,15707.689192485972,15790.36374725543,0.5263317459133665,-0.823123415895044,1.9290144498716577
o2-js-reloaded,readshift4_vs_integrated3279,warm1,tbm_ns,p50,7791.5,8062.5,3.478149265224917,0.0,5.102631748278741
o2-js-reloaded,readshift4_vs_integrated3279,warm1,tbm_ns,p90,13063.0,13733.100000000006,5.129755798821134,2.1629629629629665,6.774018735000387
o2-js-reloaded,readshift4_vs_integrated3279,warm1,tbm_ns,p99,203490.56999999704,208262.90999999698,2.345238897311064,-14.713254228529848,9.240940885830785
o2-js-reloaded,readshift4_vs_integrated3279,warm1,tbm_ns,p999,1113274.049000001,1091738.1250000019,-1.934467440370491,-7.286100035672516,-0.1754293336696522
o2-js-reloaded,readshift4_vs_integrated3279,warm1,tbm_ns,max,1401770.5,1431125.0,2.0941017092312997,-9.711507402422615,6.988353702372385
o2-js-reloaded,readshift4_vs_integrated3279,warm,commit_ns,mean,5909.889729202245,6160.624013987152,4.242622050052236,2.933997196811562,5.377038954355529
o2-js-reloaded,readshift4_vs_integrated3279,warm,commit_ns,p50,5458.0,5708.0,4.58043239281789,2.6361239887283006,5.3499450348112765
o2-js-reloaded,readshift4_vs_integrated3279,warm,commit_ns,p90,9916.7,10583.5,6.724011011727682,4.696932515337426,8.649270455044904
o2-js-reloaded,readshift4_vs_integrated3279,warm,commit_ns,p99,16710.15999999996,17524.319999999923,4.872245388434138,1.8234917267616169,6.925065783602347
o2-js-reloaded,readshift4_vs_integrated3279,warm,commit_ns,p999,35979.21599999913,34820.28399999974,-3.221115212736758,-15.701751986111578,4.738181602656377
o2-js-reloaded,readshift4_vs_integrated3279,warm,commit_ns,max,77354.0,73729.0,-4.686247640716701,-34.80047562425683,39.81862101114548
o2-js-reloaded,readshift4_vs_integrated3279,warm,mask_ns,mean,9835.128039359193,9555.960844108318,-2.838470370021373,-4.341473578086418,-1.2094977230672987
o2-js-reloaded,readshift4_vs_integrated3279,warm,mask_ns,p50,2333.5,2333.0,-0.021427040925647844,-1.7994858611825149,0.021431633090451818
o2-js-reloaded,readshift4_vs_integrated3279,warm,mask_ns,p90,3209.0,3250.0,1.277656590838272,-1.904616325282793,2.6024622097553296
o2-js-reloaded,readshift4_vs_integrated3279,warm,mask_ns,p99,202051.659999851,199511.1999998475,-1.2573319120493087,-11.231202316680966,4.088950187576024
o2-js-reloaded,readshift4_vs_integrated3279,warm,mask_ns,p999,1128160.2839999984,1063124.079999995,-5.764801768185935,-8.709303427634996,-2.65474420085402
o2-js-reloaded,readshift4_vs_integrated3279,warm,mask_ns,max,1533854.0,1487500.0,-3.022060769799473,-10.430110619164735,4.113112330698643
o2-js-reloaded,readshift4_vs_integrated3279,warm,tbm_ns,mean,15767.721232821013,15731.018825729852,-0.23276925402996307,-1.567932190578003,1.3335848977703124
o2-js-reloaded,readshift4_vs_integrated3279,warm,tbm_ns,p50,7833.0,8000.0,2.132005617260302,1.0483769104458807,3.191625175539392
o2-js-reloaded,readshift4_vs_integrated3279,warm,tbm_ns,p90,13083.0,13583.5,3.8255751738897725,2.209233657879195,5.931814004778646
o2-js-reloaded,readshift4_vs_integrated3279,warm,tbm_ns,p99,227476.33999987098,217714.31999985946,-4.291444112392984,-11.528328075684913,2.5568934650457287
o2-js-reloaded,readshift4_vs_integrated3279,warm,tbm_ns,p999,1143785.851999997,1076121.3519999993,-5.915836420050235,-8.918174282247815,-2.0442850788858102
o2-js-reloaded,readshift4_vs_integrated3279,warm,tbm_ns,max,1550667.0,1494687.0,-3.610059413142863,-10.385001603189481,3.3060004672206045
o2-js-reloaded,lr_control,cold,commit_ns,mean,11360.699194925592,11303.798975359843,-0.5008513876607501,-3.77539626741088,1.7316364910858084
o2-js-reloaded,lr_control,cold,commit_ns,p50,9562.5,9562.5,0.0,-1.9354838709677469,1.7473684210526308
o2-js-reloaded,lr_control,cold,commit_ns,p90,22021.0,21916.5,-0.4745470232959459,-3.6186222115870637,1.5485732606604907
o2-js-reloaded,lr_control,cold,commit_ns,p99,41793.67,40922.81999999999,-2.0836887499949275,-8.51714319699064,5.113051275163358
o2-js-reloaded,lr_control,cold,commit_ns,p999,62518.50900000008,59859.817000000214,-4.252647803868548,-15.553228082387703,10.162708035000545
o2-js-reloaded,lr_control,cold,commit_ns,max,97688.0,106250.0,8.76463844075015,-15.843177873579306,41.77722549127103
o2-js-reloaded,lr_control,cold,mask_ns,mean,283963.4344962186,283200.8887533545,-0.268536596698421,-1.6926249369101642,0.7069039784008968
o2-js-reloaded,lr_control,cold,mask_ns,p50,3062.5,3042.0,-0.6693877551020355,-3.3279999999999976,0.7070042749095728
o2-js-reloaded,lr_control,cold,mask_ns,p90,1025862.4000000001,1019591.8000000003,-0.6112515674616681,-1.7309006509022118,0.4715447217872537
o2-js-reloaded,lr_control,cold,mask_ns,p99,1671727.08,1654180.16,-1.049628268269731,-1.7383545298354175,2.202430336950756
o2-js-reloaded,lr_control,cold,mask_ns,p999,2145762.393000001,2138804.576000002,-0.3242585023717881,-4.05818335750695,2.4422163364904437
o2-js-reloaded,lr_control,cold,mask_ns,max,2427500.5,2367646.0,-2.4656843531031147,-7.972164570870466,7.711857495439434
o2-js-reloaded,lr_control,cold,tbm_ns,mean,295289.13613076357,294436.33337399364,-0.2888026183233139,-1.775854354058427,0.7457509468605128
o2-js-reloaded,lr_control,cold,tbm_ns,p50,15458.0,15500.0,0.27170397205331653,-1.7266141129160917,1.0825616277553074
o2-js-reloaded,lr_control,cold,tbm_ns,p90,1039303.7000000001,1037366.6,-0.18638440332696682,-1.8200581062641996,0.6928955664719081
o2-js-reloaded,lr_control,cold,tbm_ns,p99,1694635.0699999998,1679830.0899999999,-0.8736382400017284,-2.656839653072629,2.37519914160651
o2-js-reloaded,lr_control,cold,tbm_ns,p999,2175974.1340000015,2165814.875000002,-0.46688326121433477,-4.500104215700085,2.1708984422049937
o2-js-reloaded,lr_control,cold,tbm_ns,max,2462042.0,2403792.0,-2.3659222710254335,-7.366512873500685,7.266600618267494
o2-js-reloaded,lr_control,warm1,commit_ns,mean,9008.801536960234,9052.62198097097,0.48641813043559523,-3.5583999400217947,1.3369552971560283
o2-js-reloaded,lr_control,warm1,commit_ns,p50,8000.0,8000.0,0.0,-2.0430769230769252,0.7916561950238821
o2-js-reloaded,lr_control,warm1,commit_ns,p90,16562.5,16637.500000000015,0.4528301886793429,-4.069587184934253,2.5888474738901213
o2-js-reloaded,lr_control,warm1,commit_ns,p99,32086.0,32566.239999999998,1.4967275447235417,-5.045959043932036,4.126166007905097
o2-js-reloaded,lr_control,warm1,commit_ns,p999,55494.241000000286,54692.058000000055,-1.445524770759954,-14.238061056837868,13.58662091863241
o2-js-reloaded,lr_control,warm1,commit_ns,max,88249.5,77125.0,-12.605737142986651,-39.78399937841548,-1.688836483781031
o2-js-reloaded,lr_control,warm1,mask_ns,mean,12702.143449621859,12661.488533788728,-0.3200634286203208,-4.3426521364356425,0.29776084986086193
o2-js-reloaded,lr_control,warm1,mask_ns,p50,2417.0,2417.0,0.0,-3.3200000000000007,2.610526315789463
o2-js-reloaded,lr_control,warm1,mask_ns,p90,3333.5,3312.5,-0.6299685015749179,-6.052909448931409,3.7192561487702447
o2-js-reloaded,lr_control,warm1,mask_ns,p99,200581.66999999684,198407.91999999696,-1.0837231537657033,-17.58157217842321,8.444544261874176
o2-js-reloaded,lr_control,warm1,mask_ns,p999,1918037.1430000048,1884142.201000001,-1.7671681762631897,-4.437802548397219,2.774336466330385
o2-js-reloaded,lr_control,warm1,mask_ns,max,2594166.5,2446250.0,-5.701889219523881,-9.095251251271886,-1.3625575695895509
o2-js-reloaded,lr_control,warm1,tbm_ns,mean,21700.654671871187,21681.696267382285,-0.0873632836223881,-4.225457196995655,0.637275394201331
o2-js-reloaded,lr_control,warm1,tbm_ns,p50,10583.5,10583.5,0.0,-2.130622475978272,1.2048192771084265
o2-js-reloaded,lr_control,warm1,tbm_ns,p90,20462.600000000006,20404.30000000001,-0.2849100309833319,-4.263733373412437,2.229469844165055
o2-js-reloaded,lr_control,warm1,tbm_ns,p99,238500.92999999746,241970.22999999742,1.454627451557533,-3.3893887115431287,6.013524608766452
o2-js-reloaded,lr_control,warm1,tbm_ns,p999,1947284.7410000055,1906883.2500000014,-2.0747603136486603,-4.61007529876134,2.7398732244338087
o2-js-reloaded,lr_control,warm1,tbm_ns,max,2604666.0,2455500.0,-5.72687630582962,-9.31086378410322,-1.3789674331702417
o2-js-reloaded,lr_control,warm,commit_ns,mean,9021.758965601366,9015.480279743027,-0.06959491915354832,-2.862625237598726,1.5694081935123894
o2-js-reloaded,lr_control,warm,commit_ns,p50,8020.5,8000.0,-0.25559503771585,-1.5483148862081797,0.7727101394647606
o2-js-reloaded,lr_control,warm,commit_ns,p90,16604.0,16603.5,-0.003011322572876729,-3.648081185116059,2.0192249561695075
o2-js-reloaded,lr_control,warm,commit_ns,p99,32023.85999999992,32400.51999999988,1.1761855066814597,-6.72648872058943,7.4379015246326725
o2-js-reloaded,lr_control,warm,commit_ns,p999,53606.999999999825,55367.86399999949,3.284765049339966,-11.179778216258873,16.169714925052105
o2-js-reloaded,lr_control,warm,commit_ns,max,111645.5,100000.0,-10.430783148447542,-25.213664460827477,21.718490637852472
o2-js-reloaded,lr_control,warm,mask_ns,mean,12582.728145076035,12591.582418476051,0.0703684709542296,-3.042571888874568,1.055100640264972
o2-js-reloaded,lr_control,warm,mask_ns,p50,2437.5,2416.0,-0.8820512820512771,-3.3599999999999963,1.6963177492759662
o2-js-reloaded,lr_control,warm,mask_ns,p90,3333.5,3333.5,0.0,-4.800462695199537,3.1245283018867864
o2-js-reloaded,lr_control,warm,mask_ns,p99,211865.47999984655,216031.1399998584,1.9661815601176968,-11.053689700667658,6.160250046505866
o2-js-reloaded,lr_control,warm,mask_ns,p999,1876252.2839999944,1887902.079999995,0.6209077584792722,-3.54084640844754,1.7332797411305112
o2-js-reloaded,lr_control,warm,mask_ns,max,2634104.0,2501563.0,-5.031729954474084,-15.71874121522594,2.1807291973281018
o2-js-reloaded,lr_control,warm,tbm_ns,mean,21615.12246889485,21545.53082052533,-0.32195814976141435,-3.048522329234815,1.2061132511620443
o2-js-reloaded,lr_control,warm,tbm_ns,p50,10625.0,10583.0,-0.39529411764706035,-1.9327154432546334,0.5976960708680114
o2-js-reloaded,lr_control,warm,tbm_ns,p90,20438.0,20279.199999999993,-0.7769840493199287,-4.0050646408103185,1.6570438445370723
o2-js-reloaded,lr_control,warm,tbm_ns,p99,265649.99999990186,250511.13999988692,-5.698799171850377,-7.834903990464614,-1.1304921153371013
o2-js-reloaded,lr_control,warm,tbm_ns,p999,1900663.7159999935,1911595.431999994,0.5751525589706485,-3.6874049565193245,1.6562988197084794
o2-js-reloaded,lr_control,warm,tbm_ns,max,2645437.0,2509458.5,-5.140114846809807,-15.778129900768356,2.249105763677428
