condition,problem_id,phase,metric,statistic,lr_ns,template_ns,change_percent
static-panel20-fresh,jsb/data/Github_medium---o83131,cold,commit_ns,mean,1817.9952380952382,1542.4554421768707,-15.156244094844705
static-panel20-fresh,jsb/data/Github_medium---o83131,cold,commit_ns,p99,4282.239999999994,4166.655,-2.6991714616647955
static-panel20-fresh,jsb/data/Github_medium---o83131,cold,commit_ns,max,23312.0,16645.5,-28.59685998627316
static-panel20-fresh,jsb/data/Github_medium---o83131,cold,mask_ns,mean,2714.0673469387757,2659.6221088435373,-2.0060385810487635
static-panel20-fresh,jsb/data/Github_medium---o83131,cold,mask_ns,p99,4793.979999999989,4124.8099999999995,-13.958548012298566
static-panel20-fresh,jsb/data/Github_medium---o83131,cold,mask_ns,max,23812.5,20166.5,-15.311286089238841
static-panel20-fresh,jsb/data/Github_medium---o83131,cold,tbm_ns,mean,4528.522108843537,4228.076190476191,-6.634524711287582
static-panel20-fresh,jsb/data/Github_medium---o83131,cold,tbm_ns,p99,8439.479999999989,8179.519999999997,-3.0802845672955215
static-panel20-fresh,jsb/data/Github_medium---o83131,cold,tbm_ns,max,40167.0,29895.5,-25.57198695446511
static-panel20-fresh,jsb/data/Github_medium---o83131,warm1,commit_ns,mean,1727.3061224489795,1510.582993197279,-12.546885953511811
static-panel20-fresh,jsb/data/Github_medium---o83131,warm1,commit_ns,p99,3998.7199999999966,3142.749999999993,-21.406099951984736
static-panel20-fresh,jsb/data/Github_medium---o83131,warm1,commit_ns,max,13062.0,19124.5,46.413259837697126
static-panel20-fresh,jsb/data/Github_medium---o83131,warm1,mask_ns,mean,2698.3034013605443,2681.5285714285715,-0.6216806428630095
static-panel20-fresh,jsb/data/Github_medium---o83131,warm1,mask_ns,p99,4942.384999999996,4303.394999999995,-12.928778312494904
static-panel20-fresh,jsb/data/Github_medium---o83131,warm1,mask_ns,max,16562.5,19687.5,18.867924528301884
static-panel20-fresh,jsb/data/Github_medium---o83131,warm1,tbm_ns,mean,4400.7472789115645,4206.575510204082,-4.412245384731728
static-panel20-fresh,jsb/data/Github_medium---o83131,warm1,tbm_ns,p99,7944.519999999984,7169.759999999992,-9.752131028683841
static-panel20-fresh,jsb/data/Github_medium---o83131,warm1,tbm_ns,max,29729.0,37979.0,27.75068115308286
static-panel20-fresh,jsb/data/Github_medium---o83131,warm,commit_ns,mean,1703.9901360544218,1467.7777777777778,-13.862307843142341
static-panel20-fresh,jsb/data/Github_medium---o83131,warm,commit_ns,p99,3870.809999999994,3081.609999999997,-20.38849749793966
static-panel20-fresh,jsb/data/Github_medium---o83131,warm,commit_ns,max,34521.0,27541.5,-20.2181280959416
static-panel20-fresh,jsb/data/Github_medium---o83131,warm,mask_ns,mean,2681.1378684807255,2658.0502267573693,-0.8611135590889551
static-panel20-fresh,jsb/data/Github_medium---o83131,warm,mask_ns,p99,4912.809999999994,4100.264999999994,-16.53931253193185
static-panel20-fresh,jsb/data/Github_medium---o83131,warm,mask_ns,max,33000.0,29562.5,-10.416666666666663
static-panel20-fresh,jsb/data/Github_medium---o83131,warm,tbm_ns,mean,4382.533786848073,4123.096598639455,-5.919798929723841
static-panel20-fresh,jsb/data/Github_medium---o83131,warm,tbm_ns,p99,7829.719999999994,7369.374999999991,-5.87945673663941
static-panel20-fresh,jsb/data/Github_medium---o83131,warm,tbm_ns,max,59416.5,47250.0,-20.476635278079325
static-panel20-fresh,jsb/data/Github_hard---o63198,cold,commit_ns,mean,2905.0900493421054,1974.2117598684213,-32.04300980909329
static-panel20-fresh,jsb/data/Github_hard---o63198,cold,commit_ns,p99,15743.74999999992,13867.424999999908,-11.917903930131136
static-panel20-fresh,jsb/data/Github_hard---o63198,cold,commit_ns,max,48395.5,34208.5,-29.314709012201547
static-panel20-fresh,jsb/data/Github_hard---o63198,cold,mask_ns,mean,3074.90625,3052.559210526316,-0.7267551481832668
static-panel20-fresh,jsb/data/Github_hard---o63198,cold,mask_ns,p99,12681.274999999996,12504.974999999991,-1.3902387575382202
static-panel20-fresh,jsb/data/Github_hard---o63198,cold,mask_ns,max,20896.0,22375.5,7.080302450229703
static-panel20-fresh,jsb/data/Github_hard---o63198,cold,tbm_ns,mean,5992.520970394737,5025.911184210527,-16.13026956367143
static-panel20-fresh,jsb/data/Github_hard---o63198,cold,tbm_ns,p99,24484.424999999952,22435.774999999972,-8.367155855201759
static-panel20-fresh,jsb/data/Github_hard---o63198,cold,tbm_ns,max,62292.0,40500.0,-34.983625505682916
static-panel20-fresh,jsb/data/Github_hard---o63198,warm1,commit_ns,mean,2734.123355263158,1951.2689144736842,-28.632740336403895
static-panel20-fresh,jsb/data/Github_hard---o63198,warm1,commit_ns,p99,13356.674999999988,12454.024999999985,-6.75804419887438
static-panel20-fresh,jsb/data/Github_hard---o63198,warm1,commit_ns,max,29625.0,22000.0,-25.73839662447257
static-panel20-fresh,jsb/data/Github_hard---o63198,warm1,mask_ns,mean,3034.8071546052633,3066.1714638157896,1.0334860705376814
static-panel20-fresh,jsb/data/Github_hard---o63198,warm1,mask_ns,p99,12332.174999999987,12383.474999999991,0.41598501480886174
static-panel20-fresh,jsb/data/Github_hard---o63198,warm1,mask_ns,max,17938.0,20042.0,11.729289775894758
static-panel20-fresh,jsb/data/Github_hard---o63198,warm1,tbm_ns,mean,5776.94490131579,5034.552220394737,-12.850956580042194
static-panel20-fresh,jsb/data/Github_hard---o63198,warm1,tbm_ns,p99,21572.79999999998,20624.52499999996,-4.395697359638162
static-panel20-fresh,jsb/data/Github_hard---o63198,warm1,tbm_ns,max,38917.0,30646.0,-21.252922887170133
static-panel20-fresh,jsb/data/Github_hard---o63198,warm,commit_ns,mean,2716.34375,1820.304139254386,-32.986974153974955
static-panel20-fresh,jsb/data/Github_hard---o63198,warm,commit_ns,p99,13688.75999999999,12302.364999999994,-10.127980912807267
static-panel20-fresh,jsb/data/Github_hard---o63198,warm,commit_ns,max,35208.5,32750.0,-6.982688839342776
static-panel20-fresh,jsb/data/Github_hard---o63198,warm,mask_ns,mean,3028.137335526316,2994.8777412280706,-1.0983515809551148
static-panel20-fresh,jsb/data/Github_hard---o63198,warm,mask_ns,p99,12240.364999999994,12240.129999999994,-0.001919877389278124
static-panel20-fresh,jsb/data/Github_hard---o63198,warm,mask_ns,max,31166.5,28270.5,-9.292028299616572
static-panel20-fresh,jsb/data/Github_hard---o63198,warm,tbm_ns,mean,5753.328399122807,4811.958196271929,-16.362184418230076
static-panel20-fresh,jsb/data/Github_hard---o63198,warm,tbm_ns,p99,21605.759999999987,20244.11499999996,-6.3022314419859615
static-panel20-fresh,jsb/data/Github_hard---o63198,warm,tbm_ns,max,50437.5,40937.5,-18.835192069392814
static-panel20-fresh,jsb/data/Kubernetes---kb_204_Normalized,cold,commit_ns,mean,1773.7470119521913,1551.4103585657372,-12.534857106919084
static-panel20-fresh,jsb/data/Kubernetes---kb_204_Normalized,cold,commit_ns,p99,5095.590000000007,4726.505000000003,-7.243224042750773
static-panel20-fresh,jsb/data/Kubernetes---kb_204_Normalized,cold,commit_ns,max,10208.0,16583.5,62.45591692789969
static-panel20-fresh,jsb/data/Kubernetes---kb_204_Normalized,cold,mask_ns,mean,2744.8466135458166,2710.907370517928,-1.2364713882516587
static-panel20-fresh,jsb/data/Kubernetes---kb_204_Normalized,cold,mask_ns,p99,6332.740000000002,6331.750000000001,-0.01563304351671624
static-panel20-fresh,jsb/data/Kubernetes---kb_204_Normalized,cold,mask_ns,max,10687.5,19542.0,82.84912280701755
static-panel20-fresh,jsb/data/Kubernetes---kb_204_Normalized,cold,tbm_ns,mean,4541.722111553785,4262.317729083666,-6.151947996979745
static-panel20-fresh,jsb/data/Kubernetes---kb_204_Normalized,cold,tbm_ns,p99,9603.035000000002,11264.335000000006,17.29973909290141
static-panel20-fresh,jsb/data/Kubernetes---kb_204_Normalized,cold,tbm_ns,max,17792.0,30687.5,72.47920413669064
static-panel20-fresh,jsb/data/Kubernetes---kb_204_Normalized,warm1,commit_ns,mean,1527.0119521912352,1299.5019920318725,-14.8990294301816
static-panel20-fresh,jsb/data/Kubernetes---kb_204_Normalized,warm1,commit_ns,p99,3019.960000000001,2352.5400000000013,-22.10029271910884
static-panel20-fresh,jsb/data/Kubernetes---kb_204_Normalized,warm1,commit_ns,max,4062.5,2833.5,-30.25230769230769
static-panel20-fresh,jsb/data/Kubernetes---kb_204_Normalized,warm1,mask_ns,mean,2578.3675298804783,2478.1533864541834,-3.8867284149727177
static-panel20-fresh,jsb/data/Kubernetes---kb_204_Normalized,warm1,mask_ns,p99,4894.330000000002,4020.1700000000005,-17.860667343640515
static-panel20-fresh,jsb/data/Kubernetes---kb_204_Normalized,warm1,mask_ns,max,7250.0,6645.5,-8.337931034482759
static-panel20-fresh,jsb/data/Kubernetes---kb_204_Normalized,warm1,tbm_ns,mean,4106.316733067729,3768.4163346613545,-8.2287953017676
static-panel20-fresh,jsb/data/Kubernetes---kb_204_Normalized,warm1,tbm_ns,p99,7227.750000000002,6060.415000000002,-16.150738473245475
static-panel20-fresh,jsb/data/Kubernetes---kb_204_Normalized,warm1,tbm_ns,max,9812.5,8125.0,-17.19745222929936
static-panel20-fresh,jsb/data/Kubernetes---kb_204_Normalized,warm,commit_ns,mean,1586.004316069057,1353.769256308101,-14.642776025764881
static-panel20-fresh,jsb/data/Kubernetes---kb_204_Normalized,warm,commit_ns,p99,3680.200000000006,2727.975000000001,-25.874273137329595
static-panel20-fresh,jsb/data/Kubernetes---kb_204_Normalized,warm,commit_ns,max,14750.5,18521.0,25.561845361174207
static-panel20-fresh,jsb/data/Kubernetes---kb_204_Normalized,warm,mask_ns,mean,2589.257636122178,2504.0693891102255,-3.2900645275120377
static-panel20-fresh,jsb/data/Kubernetes---kb_204_Normalized,warm,mask_ns,p99,5957.450000000001,5212.800000000016,-12.49947544670933
static-panel20-fresh,jsb/data/Kubernetes---kb_204_Normalized,warm,mask_ns,max,20958.5,18542.0,-11.52992819142591
static-panel20-fresh,jsb/data/Kubernetes---kb_204_Normalized,warm,tbm_ns,mean,4163.842961487384,3853.610889774236,-7.450618925415197
static-panel20-fresh,jsb/data/Kubernetes---kb_204_Normalized,warm,tbm_ns,p99,8423.975000000013,7100.325000000004,-15.712890885834852
static-panel20-fresh,jsb/data/Kubernetes---kb_204_Normalized,warm,tbm_ns,max,28021.0,31416.0,12.1159130652011
static-panel20-fresh,jsb/data/Github_medium---o42217,cold,commit_ns,mean,2005.4138851802404,1436.0754339118826,-28.39007226765997
static-panel20-fresh,jsb/data/Github_medium---o42217,cold,commit_ns,p99,6243.499999999996,4775.159999999996,-23.51789861455916
static-panel20-fresh,jsb/data/Github_medium---o42217,cold,commit_ns,max,11896.0,14292.0,20.141223940820453
static-panel20-fresh,jsb/data/Github_medium---o42217,cold,mask_ns,mean,2654.4813084112147,2590.925901201602,-2.3942684022006833
static-panel20-fresh,jsb/data/Github_medium---o42217,cold,mask_ns,p99,7084.099999999999,6272.6799999999985,-11.454101438432563
static-panel20-fresh,jsb/data/Github_medium---o42217,cold,mask_ns,max,14958.5,10479.5,-29.942841862486212
static-panel20-fresh,jsb/data/Github_medium---o42217,cold,tbm_ns,mean,4646.523364485981,4039.545393858478,-13.063056462100665
static-panel20-fresh,jsb/data/Github_medium---o42217,cold,tbm_ns,p99,10991.579999999998,9517.559999999994,-13.410446905722416
static-panel20-fresh,jsb/data/Github_medium---o42217,cold,tbm_ns,max,24333.5,21750.0,-10.61705056814679
static-panel20-fresh,jsb/data/Github_medium---o42217,warm1,commit_ns,mean,1895.2757009345796,1282.7383177570096,-32.31917039170193
static-panel20-fresh,jsb/data/Github_medium---o42217,warm1,commit_ns,p99,3324.499999999999,2376.079999999999,-28.528199729282612
static-panel20-fresh,jsb/data/Github_medium---o42217,warm1,commit_ns,max,14374.5,4833.5,-66.3744825906988
static-panel20-fresh,jsb/data/Github_medium---o42217,warm1,mask_ns,mean,2590.8217623497994,2498.2363150867823,-3.573593853829793
static-panel20-fresh,jsb/data/Github_medium---o42217,warm1,mask_ns,p99,6816.919999999996,4183.259999999995,-38.63416322914165
static-panel20-fresh,jsb/data/Github_medium---o42217,warm1,mask_ns,max,15750.0,7896.0,-49.86666666666667
static-panel20-fresh,jsb/data/Github_medium---o42217,warm1,tbm_ns,mean,4472.1582109479305,3776.171562082777,-15.562657134118474
static-panel20-fresh,jsb/data/Github_medium---o42217,warm1,tbm_ns,p99,9223.339999999997,6428.259999999998,-30.304423343387533
static-panel20-fresh,jsb/data/Github_medium---o42217,warm1,tbm_ns,max,24896.0,9583.5,-61.50586439588689
static-panel20-fresh,jsb/data/Github_medium---o42217,warm,commit_ns,mean,1904.6210502892745,1345.5687583444592,-29.352415897110152
static-panel20-fresh,jsb/data/Github_medium---o42217,warm,commit_ns,p99,3815.819999999997,3192.7299999999955,-16.329124539417528
static-panel20-fresh,jsb/data/Github_medium---o42217,warm,commit_ns,max,21500.5,20916.0,-2.7185414292690835
static-panel20-fresh,jsb/data/Github_medium---o42217,warm,mask_ns,mean,2589.6059190031156,2547.8858477970625,-1.6110586904324542
static-panel20-fresh,jsb/data/Github_medium---o42217,warm,mask_ns,p99,6529.089999999993,5487.319999999992,-15.955822327460666
static-panel20-fresh,jsb/data/Github_medium---o42217,warm,mask_ns,max,20792.0,22646.0,8.916891111966141
static-panel20-fresh,jsb/data/Github_medium---o42217,warm,tbm_ns,mean,4487.650200267022,3890.9870939029815,-13.2956687740176
static-panel20-fresh,jsb/data/Github_medium---o42217,warm,tbm_ns,p99,9445.819999999992,7950.249999999998,-15.833141008403672
static-panel20-fresh,jsb/data/Github_medium---o42217,warm,tbm_ns,max,29208.5,31937.0,9.34145882191828
static-panel20-fresh,jsb/data/Github_ultra---o6353,cold,commit_ns,mean,1811.9663865546217,1578.451680672269,-12.887364115311827
static-panel20-fresh,jsb/data/Github_ultra---o6353,cold,commit_ns,p99,7597.124999999999,5487.274999999998,-27.771689948500278
static-panel20-fresh,jsb/data/Github_ultra---o6353,cold,commit_ns,max,12187.5,7604.0,-37.60820512820513
static-panel20-fresh,jsb/data/Github_ultra---o6353,cold,mask_ns,mean,2489.2268907563025,2393.3844537815125,-3.850289313951216
static-panel20-fresh,jsb/data/Github_ultra---o6353,cold,mask_ns,p99,7602.584999999999,6132.829999999997,-19.332306051165517
static-panel20-fresh,jsb/data/Github_ultra---o6353,cold,mask_ns,max,11708.5,7042.0,-39.855660417645296
static-panel20-fresh,jsb/data/Github_ultra---o6353,cold,tbm_ns,mean,4296.653361344538,3971.8361344537816,-7.559772678266796
static-panel20-fresh,jsb/data/Github_ultra---o6353,cold,tbm_ns,p99,12994.079999999996,9774.335,-24.77855300259809
static-panel20-fresh,jsb/data/Github_ultra---o6353,cold,tbm_ns,max,20583.5,11084.0,-46.1510433113902
static-panel20-fresh,jsb/data/Github_ultra---o6353,warm1,commit_ns,mean,1337.0,1235.892857142857,-7.562239555508066
static-panel20-fresh,jsb/data/Github_ultra---o6353,warm1,commit_ns,p99,2620.4349999999995,2354.5,-10.148505877840874
static-panel20-fresh,jsb/data/Github_ultra---o6353,warm1,commit_ns,max,4125.0,2437.0,-40.92121212121212
static-panel20-fresh,jsb/data/Github_ultra---o6353,warm1,mask_ns,mean,2207.8949579831933,2166.584033613445,-1.8710547900106511
static-panel20-fresh,jsb/data/Github_ultra---o6353,warm1,mask_ns,p99,5656.789999999999,3828.2299999999973,-32.32504653699363
static-panel20-fresh,jsb/data/Github_ultra---o6353,warm1,mask_ns,max,6167.0,5583.5,-9.461650721582615
static-panel20-fresh,jsb/data/Github_ultra---o6353,warm1,tbm_ns,mean,3543.78781512605,3398.186974789916,-4.108621845660798
static-panel20-fresh,jsb/data/Github_ultra---o6353,warm1,tbm_ns,p99,7178.184999999999,5367.23,-25.228591907285747
static-panel20-fresh,jsb/data/Github_ultra---o6353,warm1,tbm_ns,max,7687.5,7062.5,-8.130081300813007
static-panel20-fresh,jsb/data/Github_ultra---o6353,warm,commit_ns,mean,1302.3697478991596,1262.828431372549,-3.036105268138667
static-panel20-fresh,jsb/data/Github_ultra---o6353,warm,commit_ns,p99,2562.935,2590.4800000000005,1.0747443848556637
static-panel20-fresh,jsb/data/Github_ultra---o6353,warm,commit_ns,max,5208.0,6854.5,31.614823348694323
static-panel20-fresh,jsb/data/Github_ultra---o6353,warm,mask_ns,mean,2141.7296918767506,2200.9061624649858,2.76302237451731
static-panel20-fresh,jsb/data/Github_ultra---o6353,warm,mask_ns,p99,4822.940000000002,3942.2500000000005,-18.260438653601362
static-panel20-fresh,jsb/data/Github_ultra---o6353,warm,mask_ns,max,6333.5,6625.0,4.602510460251041
static-panel20-fresh,jsb/data/Github_ultra---o6353,warm,tbm_ns,mean,3444.1540616246502,3459.2394957983197,0.4380011434957032
static-panel20-fresh,jsb/data/Github_ultra---o6353,warm,tbm_ns,p99,6577.395,5895.290000000001,-10.370443009732567
static-panel20-fresh,jsb/data/Github_ultra---o6353,warm,tbm_ns,max,9167.0,11958.5,30.451619941093043
static-panel20-fresh,jsb/data/Kubernetes---kb_150_Normalized,cold,commit_ns,mean,2217.576530612245,2014.3494897959183,-9.164375524853618
static-panel20-fresh,jsb/data/Kubernetes---kb_150_Normalized,cold,commit_ns,p99,7897.6,7144.4500000000135,-9.53644145056709
static-panel20-fresh,jsb/data/Kubernetes---kb_150_Normalized,cold,commit_ns,max,12354.5,8646.0,-30.01740256586669
static-panel20-fresh,jsb/data/Kubernetes---kb_150_Normalized,cold,mask_ns,mean,2706.5255102040815,2791.9158163265306,3.1549788021769
static-panel20-fresh,jsb/data/Kubernetes---kb_150_Normalized,cold,mask_ns,p99,6712.35000000001,7189.400000000005,7.107048947089978
static-panel20-fresh,jsb/data/Kubernetes---kb_150_Normalized,cold,mask_ns,max,11375.0,8104.0,-28.756043956043953
static-panel20-fresh,jsb/data/Kubernetes---kb_150_Normalized,cold,tbm_ns,mean,4908.711734693878,4820.130102040816,-1.804580049526694
static-panel20-fresh,jsb/data/Kubernetes---kb_150_Normalized,cold,tbm_ns,p99,14051.925000000003,12118.575000000003,-13.758613143750765
static-panel20-fresh,jsb/data/Kubernetes---kb_150_Normalized,cold,tbm_ns,max,20042.0,13437.5,-32.953298074044504
static-panel20-fresh,jsb/data/Kubernetes---kb_150_Normalized,warm1,commit_ns,mean,1602.0229591836735,1370.2142857142858,-14.469747274253052
static-panel20-fresh,jsb/data/Kubernetes---kb_150_Normalized,warm1,commit_ns,p99,2708.05,2542.55,-6.111408578128175
static-panel20-fresh,jsb/data/Kubernetes---kb_150_Normalized,warm1,commit_ns,max,3021.0,2687.5,-11.03939093015558
static-panel20-fresh,jsb/data/Kubernetes---kb_150_Normalized,warm1,mask_ns,mean,2408.5051020408164,2389.0561224489793,-0.8075124929300403
static-panel20-fresh,jsb/data/Kubernetes---kb_150_Normalized,warm1,mask_ns,p99,6005.225000000001,5586.625000000001,-6.970596438934429
static-panel20-fresh,jsb/data/Kubernetes---kb_150_Normalized,warm1,mask_ns,max,6750.0,6146.0,-8.94814814814815
static-panel20-fresh,jsb/data/Kubernetes---kb_150_Normalized,warm1,tbm_ns,mean,4010.5280612244896,3757.8801020408164,-6.299618287835518
static-panel20-fresh,jsb/data/Kubernetes---kb_150_Normalized,warm1,tbm_ns,p99,7426.925000000003,7109.725000000001,-4.2709465896047405
static-panel20-fresh,jsb/data/Kubernetes---kb_150_Normalized,warm1,tbm_ns,max,8083.5,7687.5,-4.898868064575989
static-panel20-fresh,jsb/data/Kubernetes---kb_150_Normalized,warm,commit_ns,mean,1582.8052721088434,1383.783163265306,-12.574010988627249
static-panel20-fresh,jsb/data/Kubernetes---kb_150_Normalized,warm,commit_ns,p99,2692.8949999999995,2687.5,-0.2003420111069909
static-panel20-fresh,jsb/data/Kubernetes---kb_150_Normalized,warm,commit_ns,max,3166.5,4083.0,28.943628612032214
static-panel20-fresh,jsb/data/Kubernetes---kb_150_Normalized,warm,mask_ns,mean,2366.90731292517,2413.6896258503402,1.976516472347778
static-panel20-fresh,jsb/data/Kubernetes---kb_150_Normalized,warm,mask_ns,p99,5870.75,5171.019999999999,-11.91892006983778
static-panel20-fresh,jsb/data/Kubernetes---kb_150_Normalized,warm,mask_ns,max,6750.0,9208.5,36.422222222222224
static-panel20-fresh,jsb/data/Kubernetes---kb_150_Normalized,warm,tbm_ns,mean,3949.7125850340135,3796.0960884353744,-3.8893082291788117
static-panel20-fresh,jsb/data/Kubernetes---kb_150_Normalized,warm,tbm_ns,p99,7409.5199999999995,7234.83,-2.3576426003303785
static-panel20-fresh,jsb/data/Kubernetes---kb_150_Normalized,warm,tbm_ns,max,8375.0,11125.0,32.835820895522396
static-panel20-fresh,jsb/data/Glaiveai2K---create_invoice_85673ce7,cold,commit_ns,mean,1745.6049382716049,1503.3148148148148,-13.880009052717934
static-panel20-fresh,jsb/data/Glaiveai2K---create_invoice_85673ce7,cold,commit_ns,p99,5975.500000000007,4683.300000000001,-21.62496862187272
static-panel20-fresh,jsb/data/Glaiveai2K---create_invoice_85673ce7,cold,commit_ns,max,7896.0,4937.5,-37.46833839918946
static-panel20-fresh,jsb/data/Glaiveai2K---create_invoice_85673ce7,cold,mask_ns,mean,2347.70987654321,2284.259259259259,-2.7026600653644817
static-panel20-fresh,jsb/data/Glaiveai2K---create_invoice_85673ce7,cold,mask_ns,p99,7641.200000000012,5995.700000000003,-21.53457572109101
static-panel20-fresh,jsb/data/Glaiveai2K---create_invoice_85673ce7,cold,mask_ns,max,10645.5,6562.5,-38.354234183457805
static-panel20-fresh,jsb/data/Glaiveai2K---create_invoice_85673ce7,cold,tbm_ns,mean,4096.938271604939,3770.617283950617,-7.964996444198025
static-panel20-fresh,jsb/data/Glaiveai2K---create_invoice_85673ce7,cold,tbm_ns,p99,11704.300000000003,8729.100000000002,-25.41971753970763
static-panel20-fresh,jsb/data/Glaiveai2K---create_invoice_85673ce7,cold,tbm_ns,max,12958.5,9083.0,-29.90701084230428
static-panel20-fresh,jsb/data/Glaiveai2K---create_invoice_85673ce7,warm1,commit_ns,mean,1339.7654320987654,1119.8827160493827,-16.412030851171664
static-panel20-fresh,jsb/data/Glaiveai2K---create_invoice_85673ce7,warm1,commit_ns,p99,2587.1000000000004,2083.1000000000017,-19.48127246724126
static-panel20-fresh,jsb/data/Glaiveai2K---create_invoice_85673ce7,warm1,commit_ns,max,2646.0,2583.5,-2.362055933484508
static-panel20-fresh,jsb/data/Glaiveai2K---create_invoice_85673ce7,warm1,mask_ns,mean,2104.685185185185,2101.8333333333335,-0.13550016277615873
static-panel20-fresh,jsb/data/Glaiveai2K---create_invoice_85673ce7,warm1,mask_ns,p99,5637.4000000000015,5578.700000000001,-1.0412601553907996
static-panel20-fresh,jsb/data/Glaiveai2K---create_invoice_85673ce7,warm1,mask_ns,max,5979.0,5750.0,-3.830071918380995
static-panel20-fresh,jsb/data/Glaiveai2K---create_invoice_85673ce7,warm1,tbm_ns,mean,3442.135802469136,3223.0123456790125,-6.36591550609189
static-panel20-fresh,jsb/data/Glaiveai2K---create_invoice_85673ce7,warm1,tbm_ns,p99,7050.300000000001,6957.9000000000015,-1.310582528403037
static-panel20-fresh,jsb/data/Glaiveai2K---create_invoice_85673ce7,warm1,tbm_ns,max,7354.0,7333.0,-0.2855588795213526
static-panel20-fresh,jsb/data/Glaiveai2K---create_invoice_85673ce7,warm,commit_ns,mean,1340.9485596707818,1173.8148148148148,-12.46384461585911
static-panel20-fresh,jsb/data/Glaiveai2K---create_invoice_85673ce7,warm,commit_ns,p99,2586.5699999999997,2774.459999999993,7.264060125958061
static-panel20-fresh,jsb/data/Glaiveai2K---create_invoice_85673ce7,warm,commit_ns,max,2729.0,6687.5,145.05313301575669
static-panel20-fresh,jsb/data/Glaiveai2K---create_invoice_85673ce7,warm,mask_ns,mean,2093.0205761316874,2153.559670781893,2.892427114218532
static-panel20-fresh,jsb/data/Glaiveai2K---create_invoice_85673ce7,warm,mask_ns,p99,5777.4299999999985,5935.999999999992,2.7446459758057262
static-panel20-fresh,jsb/data/Glaiveai2K---create_invoice_85673ce7,warm,mask_ns,max,6416.5,7333.5,14.291280292994625
static-panel20-fresh,jsb/data/Glaiveai2K---create_invoice_85673ce7,warm,tbm_ns,mean,3423.01646090535,3314.748971193416,-3.162926353071016
static-panel20-fresh,jsb/data/Glaiveai2K---create_invoice_85673ce7,warm,tbm_ns,p99,7193.9299999999985,8244.609999999982,14.605090680615241
static-panel20-fresh,jsb/data/Glaiveai2K---create_invoice_85673ce7,warm,tbm_ns,max,8333.5,11146.0,33.74932501349972
static-panel20-fresh,jsb/data/Glaiveai2K---calculate_area_423b749e,cold,commit_ns,mean,1906.0350877192982,1641.4561403508774,-13.881116306468822
static-panel20-fresh,jsb/data/Glaiveai2K---calculate_area_423b749e,cold,commit_ns,p99,6786.519999999993,5509.98,-18.809934988771783
static-panel20-fresh,jsb/data/Glaiveai2K---calculate_area_423b749e,cold,commit_ns,max,8645.5,5708.5,-33.97143022381586
static-panel20-fresh,jsb/data/Glaiveai2K---calculate_area_423b749e,cold,mask_ns,mean,2540.982456140351,2534.0526315789475,-0.2727222513739691
static-panel20-fresh,jsb/data/Glaiveai2K---calculate_area_423b749e,cold,mask_ns,p99,8459.739999999989,6070.019999999999,-28.24814947031461
static-panel20-fresh,jsb/data/Glaiveai2K---calculate_area_423b749e,cold,mask_ns,max,10896.0,6354.0,-41.68502202643172
static-panel20-fresh,jsb/data/Glaiveai2K---calculate_area_423b749e,cold,tbm_ns,mean,4435.008771929824,4175.508771929824,-5.851172192542986
static-panel20-fresh,jsb/data/Glaiveai2K---calculate_area_423b749e,cold,tbm_ns,p99,12658.259999999997,9233.499999999998,-27.05553527894039
static-panel20-fresh,jsb/data/Glaiveai2K---calculate_area_423b749e,cold,tbm_ns,max,13125.0,9583.5,-26.982857142857142
static-panel20-fresh,jsb/data/Glaiveai2K---calculate_area_423b749e,warm1,commit_ns,mean,1468.9649122807018,1194.859649122807,-18.659755646057018
static-panel20-fresh,jsb/data/Glaiveai2K---calculate_area_423b749e,warm1,commit_ns,p99,2512.7799999999993,1848.5199999999995,-26.43526293587182
static-panel20-fresh,jsb/data/Glaiveai2K---calculate_area_423b749e,warm1,commit_ns,max,2687.5,2000.0,-25.581395348837212
static-panel20-fresh,jsb/data/Glaiveai2K---calculate_area_423b749e,warm1,mask_ns,mean,2331.8859649122805,2313.6315789473683,-0.782816408674547
static-panel20-fresh,jsb/data/Glaiveai2K---calculate_area_423b749e,warm1,mask_ns,p99,5998.499999999999,5901.5,-1.6170709344002554
static-panel20-fresh,jsb/data/Glaiveai2K---calculate_area_423b749e,warm1,mask_ns,max,6208.5,6020.5,-3.0281066280099855
static-panel20-fresh,jsb/data/Glaiveai2K---calculate_area_423b749e,warm1,tbm_ns,mean,3799.7105263157896,3496.333333333333,-7.984218557738709
static-panel20-fresh,jsb/data/Glaiveai2K---calculate_area_423b749e,warm1,tbm_ns,p99,7287.48,7148.759999999999,-1.9035386718042502
static-panel20-fresh,jsb/data/Glaiveai2K---calculate_area_423b749e,warm1,tbm_ns,max,7521.0,7312.0,-2.778885786464569
static-panel20-fresh,jsb/data/Glaiveai2K---calculate_area_423b749e,warm,commit_ns,mean,1473.798245614035,1179.8654970760235,-19.943893230484132
static-panel20-fresh,jsb/data/Glaiveai2K---calculate_area_423b749e,warm,commit_ns,p99,2751.850000000004,1887.4500000000005,-31.411595835528907
static-panel20-fresh,jsb/data/Glaiveai2K---calculate_area_423b749e,warm,commit_ns,max,3562.5,2125.0,-40.35087719298246
static-panel20-fresh,jsb/data/Glaiveai2K---calculate_area_423b749e,warm,mask_ns,mean,2248.023391812865,2236.4912280701756,-0.512991269783436
static-panel20-fresh,jsb/data/Glaiveai2K---calculate_area_423b749e,warm,mask_ns,p99,5946.000000000004,5789.300000000003,-2.6353851328624445
static-panel20-fresh,jsb/data/Glaiveai2K---calculate_area_423b749e,warm,mask_ns,max,6646.0,6062.0,-8.787240445380684
static-panel20-fresh,jsb/data/Glaiveai2K---calculate_area_423b749e,warm,tbm_ns,mean,3716.733918128655,3423.0116959064326,-7.902697063934816
static-panel20-fresh,jsb/data/Glaiveai2K---calculate_area_423b749e,warm,tbm_ns,p99,7216.550000000007,7070.850000000004,-2.018970283584298
static-panel20-fresh,jsb/data/Glaiveai2K---calculate_area_423b749e,warm,tbm_ns,max,7875.0,7354.0,-6.615873015873019
static-panel20-fresh,jsb/data/Glaiveai2K---search_hotels_487ba3e4,cold,commit_ns,mean,1931.9038461538462,1744.7596153846152,-9.68703650245375
static-panel20-fresh,jsb/data/Glaiveai2K---search_hotels_487ba3e4,cold,commit_ns,p99,7512.005000000001,4600.25,-38.76135598951279
static-panel20-fresh,jsb/data/Glaiveai2K---search_hotels_487ba3e4,cold,commit_ns,max,7833.0,4791.5,-38.82931188561215
static-panel20-fresh,jsb/data/Glaiveai2K---search_hotels_487ba3e4,cold,mask_ns,mean,2486.721153846154,2371.7884615384614,-4.621856862798168
static-panel20-fresh,jsb/data/Glaiveai2K---search_hotels_487ba3e4,cold,mask_ns,p99,8284.880000000008,5398.415000000004,-34.84015459487647
static-panel20-fresh,jsb/data/Glaiveai2K---search_hotels_487ba3e4,cold,mask_ns,max,10187.0,6375.0,-37.42024148424462
static-panel20-fresh,jsb/data/Glaiveai2K---search_hotels_487ba3e4,cold,tbm_ns,mean,4407.1057692307695,4116.548076923077,-6.592936669146631
static-panel20-fresh,jsb/data/Glaiveai2K---search_hotels_487ba3e4,cold,tbm_ns,p99,12951.210000000005,8640.170000000002,-33.28677397710331
static-panel20-fresh,jsb/data/Glaiveai2K---search_hotels_487ba3e4,cold,tbm_ns,max,13833.0,8916.5,-35.541820284826144
static-panel20-fresh,jsb/data/Glaiveai2K---search_hotels_487ba3e4,warm1,commit_ns,mean,1312.5,1155.0865384615386,-11.993406593406586
static-panel20-fresh,jsb/data/Glaiveai2K---search_hotels_487ba3e4,warm1,commit_ns,p99,2863.88,2046.7900000000009,-28.530874198639577
static-panel20-fresh,jsb/data/Glaiveai2K---search_hotels_487ba3e4,warm1,commit_ns,max,2895.5,2334.0,-19.392160248661718
static-panel20-fresh,jsb/data/Glaiveai2K---search_hotels_487ba3e4,warm1,mask_ns,mean,2151.0576923076924,2179.0673076923076,1.3021322247552591
static-panel20-fresh,jsb/data/Glaiveai2K---search_hotels_487ba3e4,warm1,mask_ns,p99,4392.595000000005,4440.790000000005,1.0971874256561431
static-panel20-fresh,jsb/data/Glaiveai2K---search_hotels_487ba3e4,warm1,mask_ns,max,5624.5,5708.0,1.4845764067917155
static-panel20-fresh,jsb/data/Glaiveai2K---search_hotels_487ba3e4,warm1,tbm_ns,mean,3483.163461538462,3334.153846153846,-4.277996626629754
static-panel20-fresh,jsb/data/Glaiveai2K---search_hotels_487ba3e4,warm1,tbm_ns,p99,6574.085000000002,6040.255000000005,-8.120217490342718
static-panel20-fresh,jsb/data/Glaiveai2K---search_hotels_487ba3e4,warm1,tbm_ns,max,7166.5,7249.5,1.1581664689876536
static-panel20-fresh,jsb/data/Glaiveai2K---search_hotels_487ba3e4,warm,commit_ns,mean,1295.8076923076924,1214.7339743589744,-6.256616504902402
static-panel20-fresh,jsb/data/Glaiveai2K---search_hotels_487ba3e4,warm,commit_ns,p99,2810.6749999999993,2729.149999999995,-2.9005488005551805
static-panel20-fresh,jsb/data/Glaiveai2K---search_hotels_487ba3e4,warm,commit_ns,max,3041.5,3271.0,7.545618938024012
static-panel20-fresh,jsb/data/Glaiveai2K---search_hotels_487ba3e4,warm,mask_ns,mean,2129.1346153846152,2207.7820512820513,3.693868641707687
static-panel20-fresh,jsb/data/Glaiveai2K---search_hotels_487ba3e4,warm,mask_ns,p99,5514.749999999998,6073.924999999996,10.139625549662235
static-panel20-fresh,jsb/data/Glaiveai2K---search_hotels_487ba3e4,warm,mask_ns,max,6104.0,8166.5,33.78931847968545
static-panel20-fresh,jsb/data/Glaiveai2K---search_hotels_487ba3e4,warm,tbm_ns,mean,3418.0320512820513,3395.6923076923076,-0.6535849651077563
static-panel20-fresh,jsb/data/Glaiveai2K---search_hotels_487ba3e4,warm,tbm_ns,p99,6910.524999999998,7442.724999999994,7.701296211214004
static-panel20-fresh,jsb/data/Glaiveai2K---search_hotels_487ba3e4,warm,tbm_ns,max,7521.0,9333.5,24.09918893764127
static-panel20-fresh,jsb/data/Github_hard---o77317,cold,commit_ns,mean,2467.5073529411766,1559.997549019608,-36.778403227040066
static-panel20-fresh,jsb/data/Github_hard---o77317,cold,commit_ns,p99,5572.465000000005,4092.345000000001,-26.56131532454672
static-panel20-fresh,jsb/data/Github_hard---o77317,cold,commit_ns,max,22521.0,5125.0,-77.24346165800809
static-panel20-fresh,jsb/data/Github_hard---o77317,cold,mask_ns,mean,2477.5698529411766,2379.1335784313724,-3.973097847996021
static-panel20-fresh,jsb/data/Github_hard---o77317,cold,mask_ns,p99,6687.630000000002,4973.1900000000005,-25.635987636875857
static-panel20-fresh,jsb/data/Github_hard---o77317,cold,mask_ns,max,10958.5,7312.5,-33.27097686727198
static-panel20-fresh,jsb/data/Github_hard---o77317,cold,tbm_ns,mean,4937.230392156863,3935.7279411764703,-20.284701572188112
static-panel20-fresh,jsb/data/Github_hard---o77317,cold,tbm_ns,p99,10737.005000000005,8789.750000000004,-18.135923379005604
static-panel20-fresh,jsb/data/Github_hard---o77317,cold,tbm_ns,max,32625.0,11750.0,-63.98467432950192
static-panel20-fresh,jsb/data/Github_hard---o77317,warm1,commit_ns,mean,2251.219362745098,1387.7071078431372,-38.35753499601251
static-panel20-fresh,jsb/data/Github_hard---o77317,warm1,commit_ns,p99,4422.9400000000005,3120.6250000000005,-29.444554979267178
static-panel20-fresh,jsb/data/Github_hard---o77317,warm1,commit_ns,max,7583.0,3708.0,-51.101147303178166
static-panel20-fresh,jsb/data/Github_hard---o77317,warm1,mask_ns,mean,2361.0649509803925,2277.879901960784,-3.523200367066026
static-panel20-fresh,jsb/data/Github_hard---o77317,warm1,mask_ns,p99,5281.3150000000005,4120.720000000003,-21.975492846005164
static-panel20-fresh,jsb/data/Github_hard---o77317,warm1,mask_ns,max,7416.5,6666.0,-10.119328524236504
static-panel20-fresh,jsb/data/Github_hard---o77317,warm1,tbm_ns,mean,4612.2843137254895,3665.5882352941176,-20.525536025915436
static-panel20-fresh,jsb/data/Github_hard---o77317,warm1,tbm_ns,p99,8266.125,7378.630000000003,-10.736530115380505
static-panel20-fresh,jsb/data/Github_hard---o77317,warm1,tbm_ns,max,14124.5,8604.0,-39.08456936528727
static-panel20-fresh,jsb/data/Github_hard---o77317,warm,commit_ns,mean,2252.0731209150326,1433.3999183006536,-36.35198142597371
static-panel20-fresh,jsb/data/Github_hard---o77317,warm,commit_ns,p99,4162.054999999999,3469.0699999999993,-16.65006829558956
static-panel20-fresh,jsb/data/Github_hard---o77317,warm,commit_ns,max,18416.5,13021.0,-29.29709771129151
static-panel20-fresh,jsb/data/Github_hard---o77317,warm,mask_ns,mean,2363.7446895424837,2336.674836601307,-1.1452105238326737
static-panel20-fresh,jsb/data/Github_hard---o77317,warm,mask_ns,p99,5603.044999999991,4482.204999999996,-20.00412275825014
static-panel20-fresh,jsb/data/Github_hard---o77317,warm,mask_ns,max,22000.0,9625.0,-56.25
static-panel20-fresh,jsb/data/Github_hard---o77317,warm,tbm_ns,mean,4615.691176470588,3770.0747549019607,-18.320472259481456
static-panel20-fresh,jsb/data/Github_hard---o77317,warm,tbm_ns,p99,8619.044999999996,7787.169999999999,-9.651591330594023
static-panel20-fresh,jsb/data/Github_hard---o77317,warm,tbm_ns,max,29875.0,21250.5,-28.868619246861925
static-panel20-fresh,jsb/data/JsonSchemaStore---pyrseas-0.8,cold,commit_ns,mean,2871.2196327683614,1832.4435028248586,-36.17891568057926
static-panel20-fresh,jsb/data/JsonSchemaStore---pyrseas-0.8,cold,commit_ns,p99,6170.429999999988,4742.719999999995,-23.13793366102518
static-panel20-fresh,jsb/data/JsonSchemaStore---pyrseas-0.8,cold,commit_ns,max,14291.5,13749.5,-3.7924640520589192
static-panel20-fresh,jsb/data/JsonSchemaStore---pyrseas-0.8,cold,mask_ns,mean,2558.279661016949,2673.333333333333,4.497306298039705
static-panel20-fresh,jsb/data/JsonSchemaStore---pyrseas-0.8,cold,mask_ns,p99,6490.8049999999785,6503.499999999987,0.19558436896516262
static-panel20-fresh,jsb/data/JsonSchemaStore---pyrseas-0.8,cold,mask_ns,max,11958.5,14895.5,24.559936446878794
static-panel20-fresh,jsb/data/JsonSchemaStore---pyrseas-0.8,cold,tbm_ns,mean,5429.499293785311,4505.776836158193,-17.013032098271474
static-panel20-fresh,jsb/data/JsonSchemaStore---pyrseas-0.8,cold,tbm_ns,p99,10743.149999999994,10970.249999999995,2.113905139554051
static-panel20-fresh,jsb/data/JsonSchemaStore---pyrseas-0.8,cold,tbm_ns,max,26604.0,25229.0,-5.168395729965414
static-panel20-fresh,jsb/data/JsonSchemaStore---pyrseas-0.8,warm1,commit_ns,mean,2698.2831920903955,1604.3891242937852,-40.5403728935196
static-panel20-fresh,jsb/data/JsonSchemaStore---pyrseas-0.8,warm1,commit_ns,p99,4530.344999999992,3622.0599999999977,-20.048914597011837
static-panel20-fresh,jsb/data/JsonSchemaStore---pyrseas-0.8,warm1,commit_ns,max,12854.0,14875.0,15.72273222343239
static-panel20-fresh,jsb/data/JsonSchemaStore---pyrseas-0.8,warm1,mask_ns,mean,2528.435734463277,2455.0642655367233,-2.9018522371947464
static-panel20-fresh,jsb/data/JsonSchemaStore---pyrseas-0.8,warm1,mask_ns,p99,7188.059999999985,5006.40499999999,-30.351096123293342
static-panel20-fresh,jsb/data/JsonSchemaStore---pyrseas-0.8,warm1,mask_ns,max,12208.0,11416.5,-6.483453473132372
static-panel20-fresh,jsb/data/JsonSchemaStore---pyrseas-0.8,warm1,tbm_ns,mean,5248.44209039548,4059.453389830509,-22.654126311897215
static-panel20-fresh,jsb/data/JsonSchemaStore---pyrseas-0.8,warm1,tbm_ns,p99,10595.284999999994,8275.564999999975,-21.893889593342898
static-panel20-fresh,jsb/data/JsonSchemaStore---pyrseas-0.8,warm1,tbm_ns,max,22458.5,21875.5,-2.5958991027895895
static-panel20-fresh,jsb/data/JsonSchemaStore---pyrseas-0.8,warm,commit_ns,mean,2756.6906779661017,1671.4284369114878,-39.368299451548374
static-panel20-fresh,jsb/data/JsonSchemaStore---pyrseas-0.8,warm,commit_ns,p99,5115.07,4890.785,-4.384788477968038
static-panel20-fresh,jsb/data/JsonSchemaStore---pyrseas-0.8,warm,commit_ns,max,19083.5,33167.0,73.79935546414443
static-panel20-fresh,jsb/data/JsonSchemaStore---pyrseas-0.8,warm,mask_ns,mean,2547.291902071563,2528.7431732580035,-0.7281744506185128
static-panel20-fresh,jsb/data/JsonSchemaStore---pyrseas-0.8,warm,mask_ns,p99,7257.009999999998,6429.534999999993,-11.402423312080401
static-panel20-fresh,jsb/data/JsonSchemaStore---pyrseas-0.8,warm,mask_ns,max,18229.0,20083.0,10.170607274123643
static-panel20-fresh,jsb/data/JsonSchemaStore---pyrseas-0.8,warm,tbm_ns,mean,5302.7565913371,4200.171610169491,-20.792675699443897
static-panel20-fresh,jsb/data/JsonSchemaStore---pyrseas-0.8,warm,tbm_ns,p99,11046.999999999996,10234.114999999994,-7.358423101294487
static-panel20-fresh,jsb/data/JsonSchemaStore---pyrseas-0.8,warm,tbm_ns,max,34541.5,44979.0,30.217274872255118
static-panel20-fresh,jsb/data/Github_hard---o12335,cold,commit_ns,mean,2156.307535641548,1228.6013238289206,-43.02290821131016
static-panel20-fresh,jsb/data/Github_hard---o12335,cold,commit_ns,p99,4613.795000000001,4092.795000000001,-11.29222256298773
static-panel20-fresh,jsb/data/Github_hard---o12335,cold,commit_ns,max,25645.5,17104.0,-33.30603809635219
static-panel20-fresh,jsb/data/Github_hard---o12335,cold,mask_ns,mean,1832.1154531568227,1810.8882382892057,-1.1586177514654739
static-panel20-fresh,jsb/data/Github_hard---o12335,cold,mask_ns,p99,4191.625000000001,4083.365,-2.582769212417646
static-panel20-fresh,jsb/data/Github_hard---o12335,cold,mask_ns,max,24229.0,20166.5,-16.76709728011887
static-panel20-fresh,jsb/data/Github_hard---o12335,cold,tbm_ns,mean,3988.422988798371,3036.271639511202,-23.872877875825115
static-panel20-fresh,jsb/data/Github_hard---o12335,cold,tbm_ns,p99,8405.295,7821.930000000001,-6.940446468565343
static-panel20-fresh,jsb/data/Github_hard---o12335,cold,tbm_ns,max,47042.0,31021.0,-34.05680030610944
static-panel20-fresh,jsb/data/Github_hard---o12335,warm1,commit_ns,mean,2194.673879837067,1216.6482942973523,-44.563595280603764
static-panel20-fresh,jsb/data/Github_hard---o12335,warm1,commit_ns,p99,5242.785000000002,4036.3300000000004,-23.01171991603701
static-panel20-fresh,jsb/data/Github_hard---o12335,warm1,commit_ns,max,20687.5,19375.0,-6.344410876132933
static-panel20-fresh,jsb/data/Github_hard---o12335,warm1,mask_ns,mean,1872.4787423625255,1812.1005600814665,-3.2245056200146394
static-panel20-fresh,jsb/data/Github_hard---o12335,warm1,mask_ns,p99,4598.83,4035.8300000000004,-12.242244222987143
static-panel20-fresh,jsb/data/Github_hard---o12335,warm1,mask_ns,max,18146.0,23500.0,29.50512509643999
static-panel20-fresh,jsb/data/Github_hard---o12335,warm1,tbm_ns,mean,4062.7906059063134,3024.4310081466397,-25.5577926228871
static-panel20-fresh,jsb/data/Github_hard---o12335,warm1,tbm_ns,p99,9056.965,7916.73,-12.589592650518144
static-panel20-fresh,jsb/data/Github_hard---o12335,warm1,tbm_ns,max,33604.0,33312.5,-0.8674562552077103
static-panel20-fresh,jsb/data/Github_hard---o12335,warm,commit_ns,mean,2170.8518329938897,1231.725093346911,-43.26074794113423
static-panel20-fresh,jsb/data/Github_hard---o12335,warm,commit_ns,p99,5229.0,4229.0,-19.12411550965768
static-panel20-fresh,jsb/data/Github_hard---o12335,warm,commit_ns,max,31854.0,26063.0,-18.179820430715132
static-panel20-fresh,jsb/data/Github_hard---o12335,warm,mask_ns,mean,1860.7811014935505,1815.5617362525459,-2.430128143751542
static-panel20-fresh,jsb/data/Github_hard---o12335,warm,mask_ns,p99,4690.655000000002,4125.0,-12.059190027831967
static-panel20-fresh,jsb/data/Github_hard---o12335,warm,mask_ns,max,23229.5,24729.5,6.4573064422393855
static-panel20-fresh,jsb/data/Github_hard---o12335,warm,tbm_ns,mean,4035.9361846571624,3045.894263408011,-24.5306634186351
static-panel20-fresh,jsb/data/Github_hard---o12335,warm,tbm_ns,p99,9107.485,8086.9850000000015,-11.205069237006693
static-panel20-fresh,jsb/data/Github_hard---o12335,warm,tbm_ns,max,44583.0,41500.0,-6.915191889285155
static-panel20-fresh,jsb/data/Github_trivial---o48162,cold,commit_ns,mean,3106.875,1841.1875,-40.738282035807686
static-panel20-fresh,jsb/data/Github_trivial---o48162,cold,commit_ns,p99,9787.499999999996,2412.125,-75.35504469987228
static-panel20-fresh,jsb/data/Github_trivial---o48162,cold,commit_ns,max,10312.5,2416.5,-76.56727272727272
static-panel20-fresh,jsb/data/Github_trivial---o48162,cold,mask_ns,mean,4731.9375,3747.3125,-20.808072803159384
static-panel20-fresh,jsb/data/Github_trivial---o48162,cold,mask_ns,p99,11668.969999999998,7909.754999999999,-32.215482600435166
static-panel20-fresh,jsb/data/Github_trivial---o48162,cold,mask_ns,max,12000.0,8249.5,-31.25416666666667
static-panel20-fresh,jsb/data/Github_trivial---o48162,cold,tbm_ns,mean,7840.9375,5549.375,-29.225618747758165
static-panel20-fresh,jsb/data/Github_trivial---o48162,cold,tbm_ns,p99,17357.345,10273.064999999999,-40.81430656589474
static-panel20-fresh,jsb/data/Github_trivial---o48162,cold,tbm_ns,max,17666.5,10624.5,-39.860753403333995
static-panel20-fresh,jsb/data/Github_trivial---o48162,warm1,commit_ns,mean,1190.1875,929.625,-21.892558945544295
static-panel20-fresh,jsb/data/Github_trivial---o48162,warm1,commit_ns,p99,1618.2799999999997,1345.8449999999998,-16.83484934621944
static-panel20-fresh,jsb/data/Github_trivial---o48162,warm1,commit_ns,max,1646.0,1375.0,-16.46415552855407
static-panel20-fresh,jsb/data/Github_trivial---o48162,warm1,mask_ns,mean,3101.8125,2950.6875,-4.872151363114307
static-panel20-fresh,jsb/data/Github_trivial---o48162,warm1,mask_ns,p99,5725.504999999999,5866.349999999999,2.4599576805888868
static-panel20-fresh,jsb/data/Github_trivial---o48162,warm1,mask_ns,max,5916.0,6104.0,3.177822853279233
static-panel20-fresh,jsb/data/Github_trivial---o48162,warm1,tbm_ns,mean,4273.5,3883.0,-9.137709137709138
static-panel20-fresh,jsb/data/Github_trivial---o48162,warm1,tbm_ns,p99,7336.504999999999,7151.094999999999,-2.527225156937807
static-panel20-fresh,jsb/data/Github_trivial---o48162,warm1,tbm_ns,max,7562.5,7416.5,-1.9305785123966968
static-panel20-fresh,jsb/data/Github_trivial---o48162,warm,commit_ns,mean,1157.125,929.7291666666666,-19.651795037989274
static-panel20-fresh,jsb/data/Github_trivial---o48162,warm,commit_ns,p99,1593.2149999999997,1336.705,-16.10014969731014
static-panel20-fresh,jsb/data/Github_trivial---o48162,warm,commit_ns,max,1646.0,1375.0,-16.46415552855407
static-panel20-fresh,jsb/data/Github_trivial---o48162,warm,mask_ns,mean,2982.708333333333,2902.854166666667,-2.677236851295639
static-panel20-fresh,jsb/data/Github_trivial---o48162,warm,mask_ns,p99,6037.965,6291.67,4.2018295899363345
static-panel20-fresh,jsb/data/Github_trivial---o48162,warm,mask_ns,max,6187.5,6375.0,3.0303030303030276
static-panel20-fresh,jsb/data/Github_trivial---o48162,warm,tbm_ns,mean,4136.270833333334,3824.791666666667,-7.530434519822105
static-panel20-fresh,jsb/data/Github_trivial---o48162,warm,tbm_ns,p99,7615.009999999999,7567.115,-0.628955181936719
static-panel20-fresh,jsb/data/Github_trivial---o48162,warm,tbm_ns,max,7875.0,7624.5,-3.1809523809523843
static-panel20-fresh,jsb/data/Github_hard---o61026,cold,commit_ns,mean,2535.135386819484,1681.3078438395414,-33.67976114487254
static-panel20-fresh,jsb/data/Github_hard---o61026,cold,commit_ns,p99,5795.235000000006,5858.235000000006,1.087100005435504
static-panel20-fresh,jsb/data/Github_hard---o61026,cold,commit_ns,max,25166.5,29042.0,15.399439731388952
static-panel20-fresh,jsb/data/Github_hard---o61026,cold,mask_ns,mean,2486.426755014327,2499.0143266475643,0.5062514553405784
static-panel20-fresh,jsb/data/Github_hard---o61026,cold,mask_ns,p99,5397.845000000003,5585.390000000003,3.47444211532566
static-panel20-fresh,jsb/data/Github_hard---o61026,cold,mask_ns,max,18208.0,23500.0,29.064147627416514
static-panel20-fresh,jsb/data/Github_hard---o61026,cold,tbm_ns,mean,5019.528474212035,4188.1994985673355,-16.5618938096611
static-panel20-fresh,jsb/data/Github_hard---o61026,cold,tbm_ns,p99,10629.235000000006,10649.735000000006,0.19286430302838387
static-panel20-fresh,jsb/data/Github_hard---o61026,cold,tbm_ns,max,41125.0,49146.0,19.50395136778116
static-panel20-fresh,jsb/data/Github_hard---o61026,warm1,commit_ns,mean,2484.9541547277936,1630.085064469914,-34.40180530620387
static-panel20-fresh,jsb/data/Github_hard---o61026,warm1,commit_ns,p99,5708.045,5128.780000000006,-10.148220625450467
static-panel20-fresh,jsb/data/Github_hard---o61026,warm1,commit_ns,max,21541.5,24292.0,12.768377318199754
static-panel20-fresh,jsb/data/Github_hard---o61026,warm1,mask_ns,mean,2449.996239255014,2499.1746060171918,2.0072833571830984
static-panel20-fresh,jsb/data/Github_hard---o61026,warm1,mask_ns,p99,5358.235000000006,5484.670000000009,2.359638948273135
static-panel20-fresh,jsb/data/Github_hard---o61026,warm1,mask_ns,max,19959.0,22604.5,13.25467207775941
static-panel20-fresh,jsb/data/Github_hard---o61026,warm1,tbm_ns,mean,4934.950393982808,4129.259670487107,-16.32621727014888
static-panel20-fresh,jsb/data/Github_hard---o61026,warm1,tbm_ns,p99,10231.345000000003,10149.235000000006,-0.8025337822153089
static-panel20-fresh,jsb/data/Github_hard---o61026,warm1,tbm_ns,max,41500.0,33625.0,-18.975903614457835
static-panel20-fresh,jsb/data/Github_hard---o61026,warm,commit_ns,mean,2532.5328915950336,1656.4226957975166,-34.59422772770889
static-panel20-fresh,jsb/data/Github_hard---o61026,warm,commit_ns,p99,6255.25,5734.25,-8.329003636944964
static-panel20-fresh,jsb/data/Github_hard---o61026,warm,commit_ns,max,30020.5,36104.0,20.264485934611344
static-panel20-fresh,jsb/data/Github_hard---o61026,warm,mask_ns,mean,2470.4437679083094,2505.2710124164278,1.4097566178406185
static-panel20-fresh,jsb/data/Github_hard---o61026,warm,mask_ns,p99,5443.125,5646.0,3.727178780571827
static-panel20-fresh,jsb/data/Github_hard---o61026,warm,mask_ns,max,30437.5,36166.5,18.822176591375772
static-panel20-fresh,jsb/data/Github_hard---o61026,warm,tbm_ns,mean,5002.9766595033425,4161.693708213945,-16.815648134023352
static-panel20-fresh,jsb/data/Github_hard---o61026,warm,tbm_ns,p99,11166.5,10776.125,-3.4959477007119544
static-panel20-fresh,jsb/data/Github_hard---o61026,warm,tbm_ns,max,47833.5,50959.0,6.534123574482309
static-panel20-fresh,jsb/data/JsonSchemaStore---codecov,cold,commit_ns,mean,4497.517403373906,1798.8844757633997,-60.00272340438462
static-panel20-fresh,jsb/data/JsonSchemaStore---codecov,cold,commit_ns,p99,11471.160000000054,5857.780000000006,-48.93471976678925
static-panel20-fresh,jsb/data/JsonSchemaStore---codecov,cold,commit_ns,max,42209.0,24708.5,-41.461536639105404
static-panel20-fresh,jsb/data/JsonSchemaStore---codecov,cold,mask_ns,mean,3106.033739056161,2940.3334401024986,-5.3347874773573505
static-panel20-fresh,jsb/data/JsonSchemaStore---codecov,cold,mask_ns,p99,6549.470000000012,6024.780000000006,-8.011182584239718
static-panel20-fresh,jsb/data/JsonSchemaStore---codecov,cold,mask_ns,max,29708.5,27000.0,-9.116919400171664
static-panel20-fresh,jsb/data/JsonSchemaStore---codecov,cold,tbm_ns,mean,7606.494554772582,4741.343903480675,-37.667162326359794
static-panel20-fresh,jsb/data/JsonSchemaStore---codecov,cold,tbm_ns,p99,16757.060000000012,11194.560000000012,-33.19496379436486
static-panel20-fresh,jsb/data/JsonSchemaStore---codecov,cold,tbm_ns,max,59167.0,40292.0,-31.901228725471963
static-panel20-fresh,jsb/data/JsonSchemaStore---codecov,warm1,commit_ns,mean,4453.896327140721,1776.896754217382,-60.10466738101869
static-panel20-fresh,jsb/data/JsonSchemaStore---codecov,warm1,commit_ns,p99,11376.500000000036,5691.190000000006,-49.974157253988594
static-panel20-fresh,jsb/data/JsonSchemaStore---codecov,warm1,commit_ns,max,36979.5,26917.0,-27.21102232317906
static-panel20-fresh,jsb/data/JsonSchemaStore---codecov,warm1,mask_ns,mean,3091.693679265428,2905.0874439461886,-6.035728460769629
static-panel20-fresh,jsb/data/JsonSchemaStore---codecov,warm1,mask_ns,p99,6639.940000000024,6128.690000000006,-7.699617767630674
static-panel20-fresh,jsb/data/JsonSchemaStore---codecov,warm1,mask_ns,max,30854.0,25000.0,-18.97322875478058
static-panel20-fresh,jsb/data/JsonSchemaStore---codecov,warm1,tbm_ns,mean,7525.899850523168,4673.357356395472,-37.90300895286827
static-panel20-fresh,jsb/data/JsonSchemaStore---codecov,warm1,tbm_ns,p99,16886.25000000002,10556.850000000024,-37.48256717743719
static-panel20-fresh,jsb/data/JsonSchemaStore---codecov,warm1,tbm_ns,max,47646.0,40125.0,-15.78516559627251
static-panel20-fresh,jsb/data/JsonSchemaStore---codecov,warm,commit_ns,mean,4396.64819560111,1759.1671293330487,-59.98844913056467
static-panel20-fresh,jsb/data/JsonSchemaStore---codecov,warm,commit_ns,p99,11041.5,5468.920000000009,-50.46941085903175
static-panel20-fresh,jsb/data/JsonSchemaStore---codecov,warm,commit_ns,max,47187.0,40166.5,-14.878038442791441
static-panel20-fresh,jsb/data/JsonSchemaStore---codecov,warm,mask_ns,mean,3049.8740835646663,2907.0725674425225,-4.682210222765615
static-panel20-fresh,jsb/data/JsonSchemaStore---codecov,warm,mask_ns,p99,6375.0,5885.660000000009,-7.675921568627309
static-panel20-fresh,jsb/data/JsonSchemaStore---codecov,warm,mask_ns,max,36604.0,33937.5,-7.28472298109496
static-panel20-fresh,jsb/data/JsonSchemaStore---codecov,warm,tbm_ns,mean,7446.175030251264,4666.239696775571,-37.33373607498838
static-panel20-fresh,jsb/data/JsonSchemaStore---codecov,warm,tbm_ns,p99,16167.320000000018,10375.0,-35.82733563757018
static-panel20-fresh,jsb/data/JsonSchemaStore---codecov,warm,tbm_ns,max,66187.5,58583.5,-11.488574126534468
static-panel20-fresh,jsb/data/Github_easy---o37787,cold,commit_ns,mean,1975.2953216374267,1439.7380952380954,-27.112767419272753
static-panel20-fresh,jsb/data/Github_easy---o37787,cold,commit_ns,p99,5689.1799999999985,4229.0,-25.665913189598477
static-panel20-fresh,jsb/data/Github_easy---o37787,cold,commit_ns,max,17813.0,14708.5,-17.42828271487116
static-panel20-fresh,jsb/data/Github_easy---o37787,cold,mask_ns,mean,2265.9235588972433,2231.269005847953,-1.5293787344775045
static-panel20-fresh,jsb/data/Github_easy---o37787,cold,mask_ns,p99,6087.179999999997,5613.999999999991,-7.773386034255703
static-panel20-fresh,jsb/data/Github_easy---o37787,cold,mask_ns,max,12937.5,13562.5,4.8309178743961345
static-panel20-fresh,jsb/data/Github_easy---o37787,cold,tbm_ns,mean,4240.619465329992,3694.5363408521307,-12.877437575865269
static-panel20-fresh,jsb/data/Github_easy---o37787,cold,tbm_ns,p99,10678.659999999989,8971.339999999987,-15.988148325726293
static-panel20-fresh,jsb/data/Github_easy---o37787,cold,tbm_ns,max,26146.0,25563.0,-2.2297865830337327
static-panel20-fresh,jsb/data/Github_easy---o37787,warm1,commit_ns,mean,1942.5551378446116,1366.282790309106,-29.66568805737563
static-panel20-fresh,jsb/data/Github_easy---o37787,warm1,commit_ns,p99,5171.499999999995,3733.6399999999962,-27.80353862515712
static-panel20-fresh,jsb/data/Github_easy---o37787,warm1,commit_ns,max,14854.5,13041.5,-12.205055707024803
static-panel20-fresh,jsb/data/Github_easy---o37787,warm1,mask_ns,mean,2231.8654970760235,2218.250626566416,-0.6100219985229582
static-panel20-fresh,jsb/data/Github_easy---o37787,warm1,mask_ns,p99,6314.519999999998,5529.319999999992,-12.434832734713098
static-panel20-fresh,jsb/data/Github_easy---o37787,warm1,mask_ns,max,15625.0,14458.5,-7.465599999999995
static-panel20-fresh,jsb/data/Github_easy---o37787,warm1,tbm_ns,mean,4174.683375104428,3586.9277360066835,-14.079047110561815
static-panel20-fresh,jsb/data/Github_easy---o37787,warm1,tbm_ns,p99,9967.659999999993,8357.819999999996,-16.150631141110328
static-panel20-fresh,jsb/data/Github_easy---o37787,warm1,tbm_ns,max,21229.0,24667.0,16.194827829855395
static-panel20-fresh,jsb/data/Github_easy---o37787,warm,commit_ns,mean,1909.2472848788639,1367.2230576441102,-28.389419826732578
static-panel20-fresh,jsb/data/Github_easy---o37787,warm,commit_ns,p99,5001.649999999998,3879.149999999996,-22.442593943998524
static-panel20-fresh,jsb/data/Github_easy---o37787,warm,commit_ns,max,21625.5,14562.5,-32.660516519849246
static-panel20-fresh,jsb/data/Github_easy---o37787,warm,mask_ns,mean,2225.3053467000836,2205.655806182122,-0.8830042379172842
static-panel20-fresh,jsb/data/Github_easy---o37787,warm,mask_ns,p99,5583.0,5137.499999999989,-7.979580870499925
static-panel20-fresh,jsb/data/Github_easy---o37787,warm,mask_ns,max,27229.5,26166.5,-3.903854275693641
static-panel20-fresh,jsb/data/Github_easy---o37787,warm,tbm_ns,mean,4139.140211640211,3581.4363686995266,-13.473905555851761
static-panel20-fresh,jsb/data/Github_easy---o37787,warm,tbm_ns,p99,9327.099999999988,8545.699999999997,-8.377737989299906
static-panel20-fresh,jsb/data/Github_easy---o37787,warm,tbm_ns,max,45771.0,28667.0,-37.368639531581124
static-panel20-fresh,jsb/data/JsonSchemaStore---jscsrc,cold,commit_ns,mean,3306.517441860465,2968.764534883721,-10.214762598884164
static-panel20-fresh,jsb/data/JsonSchemaStore---jscsrc,cold,commit_ns,p99,12085.275000000012,11803.975000000008,-2.3276259745848127
static-panel20-fresh,jsb/data/JsonSchemaStore---jscsrc,cold,commit_ns,max,18750.0,21145.5,12.77600000000001
static-panel20-fresh,jsb/data/JsonSchemaStore---jscsrc,cold,mask_ns,mean,32672.05910852713,32649.725775193798,-0.06835606307868947
static-panel20-fresh,jsb/data/JsonSchemaStore---jscsrc,cold,mask_ns,p99,96479.1,95770.95000000001,-0.7339931653591258
static-panel20-fresh,jsb/data/JsonSchemaStore---jscsrc,cold,mask_ns,max,109895.5,105583.5,-3.9237275411641015
static-panel20-fresh,jsb/data/JsonSchemaStore---jscsrc,cold,tbm_ns,mean,35937.11531007752,35579.06589147287,-0.9963220907278636
static-panel20-fresh,jsb/data/JsonSchemaStore---jscsrc,cold,tbm_ns,p99,99208.50000000003,97895.00000000003,-1.3239792961288632
static-panel20-fresh,jsb/data/JsonSchemaStore---jscsrc,cold,tbm_ns,max,119750.0,112312.5,-6.210855949895611
static-panel20-fresh,jsb/data/JsonSchemaStore---jscsrc,warm1,commit_ns,mean,3098.897286821705,2784.5813953488373,-10.1428302515711
static-panel20-fresh,jsb/data/JsonSchemaStore---jscsrc,warm1,commit_ns,p99,9558.025000000003,9395.100000000004,-1.7045885525513782
static-panel20-fresh,jsb/data/JsonSchemaStore---jscsrc,warm1,commit_ns,max,19187.0,21604.0,12.59707093344451
static-panel20-fresh,jsb/data/JsonSchemaStore---jscsrc,warm1,mask_ns,mean,32742.647286821702,32626.95639534884,-0.3533339575735095
static-panel20-fresh,jsb/data/JsonSchemaStore---jscsrc,warm1,mask_ns,p99,96481.77500000001,95087.90000000002,-1.4447028985525856
static-panel20-fresh,jsb/data/JsonSchemaStore---jscsrc,warm1,mask_ns,max,110520.5,104521.0,-5.428404685103672
static-panel20-fresh,jsb/data/JsonSchemaStore---jscsrc,warm1,tbm_ns,mean,35927.016472868214,35347.07945736434,-1.614208672022166
static-panel20-fresh,jsb/data/JsonSchemaStore---jscsrc,warm1,tbm_ns,p99,98567.475,97387.05000000002,-1.1975806420931323
static-panel20-fresh,jsb/data/JsonSchemaStore---jscsrc,warm1,tbm_ns,max,115812.0,115146.0,-0.5750699409387661
static-panel20-fresh,jsb/data/JsonSchemaStore---jscsrc,warm,commit_ns,mean,3011.565568475452,2937.4166666666665,-2.462138051549112
static-panel20-fresh,jsb/data/JsonSchemaStore---jscsrc,warm,commit_ns,p99,9909.619999999997,10528.264999999992,6.242873086959899
static-panel20-fresh,jsb/data/JsonSchemaStore---jscsrc,warm,commit_ns,max,32521.0,23812.5,-26.778081854801517
static-panel20-fresh,jsb/data/JsonSchemaStore---jscsrc,warm,mask_ns,mean,32640.863049095606,32577.227713178298,-0.19495604580550552
static-panel20-fresh,jsb/data/JsonSchemaStore---jscsrc,warm,mask_ns,p99,96207.125,96307.875,0.10472197355444468
static-panel20-fresh,jsb/data/JsonSchemaStore---jscsrc,warm,mask_ns,max,119458.0,129583.5,8.476200840462766
static-panel20-fresh,jsb/data/JsonSchemaStore---jscsrc,warm,tbm_ns,mean,35675.93152454781,35482.12629198967,-0.5432380439030271
static-panel20-fresh,jsb/data/JsonSchemaStore---jscsrc,warm,tbm_ns,p99,98190.02,98964.50499999999,0.7887614240225105
static-panel20-fresh,jsb/data/JsonSchemaStore---jscsrc,warm,tbm_ns,max,127104.0,132146.0,3.966830312185299
static-panel20-fresh,jsb/data/Github_medium---o90755,cold,commit_ns,mean,1545.4426910299003,1192.670265780731,-22.82662613740002
static-panel20-fresh,jsb/data/Github_medium---o90755,cold,commit_ns,p99,5032.960000000008,3021.0,-39.97568031536124
static-panel20-fresh,jsb/data/Github_medium---o90755,cold,commit_ns,max,11479.0,5104.0,-55.53619653279902
static-panel20-fresh,jsb/data/Github_medium---o90755,cold,mask_ns,mean,2053.9393687707643,2000.2416943521594,-2.614374856193624
static-panel20-fresh,jsb/data/Github_medium---o90755,cold,mask_ns,p99,5929.585000000007,4308.960000000003,-27.331170731172627
static-panel20-fresh,jsb/data/Github_medium---o90755,cold,mask_ns,max,11729.0,9312.5,-20.602779435587003
static-panel20-fresh,jsb/data/Github_medium---o90755,cold,tbm_ns,mean,3614.4651162790697,3186.4086378737543,-11.842872033192576
static-panel20-fresh,jsb/data/Github_medium---o90755,cold,tbm_ns,p99,8644.875000000002,7410.8750000000055,-14.274353301811725
static-panel20-fresh,jsb/data/Github_medium---o90755,cold,tbm_ns,max,20645.5,11979.0,-41.977670678840425
static-panel20-fresh,jsb/data/Github_medium---o90755,warm1,commit_ns,mean,1312.3222591362126,1047.2001661129568,-20.20251437309023
static-panel20-fresh,jsb/data/Github_medium---o90755,warm1,commit_ns,p99,2312.295,2062.99,-10.781712541003651
static-panel20-fresh,jsb/data/Github_medium---o90755,warm1,commit_ns,max,2541.5,2479.5,-2.4395042297855607
static-panel20-fresh,jsb/data/Github_medium---o90755,warm1,mask_ns,mean,1923.2948504983387,1899.7383720930234,-1.2247980801909697
static-panel20-fresh,jsb/data/Github_medium---o90755,warm1,mask_ns,p99,3749.3750000000005,3727.960000000001,-0.5711618603100432
static-panel20-fresh,jsb/data/Github_medium---o90755,warm1,mask_ns,max,7104.0,6750.0,-4.9831081081081035
static-panel20-fresh,jsb/data/Github_medium---o90755,warm1,tbm_ns,mean,3235.6171096345515,2946.93853820598,-8.921901499685681
static-panel20-fresh,jsb/data/Github_medium---o90755,warm1,tbm_ns,p99,5540.665000000001,5333.08,-3.746571936762122
static-panel20-fresh,jsb/data/Github_medium---o90755,warm1,tbm_ns,max,8417.0,8187.5,-2.726624688131163
static-panel20-fresh,jsb/data/Github_medium---o90755,warm,commit_ns,mean,1354.1536544850499,1108.105481727575,-18.16988581336738
static-panel20-fresh,jsb/data/Github_medium---o90755,warm,commit_ns,p99,2623.975000000001,2561.4500000000007,-2.3828352023171018
static-panel20-fresh,jsb/data/Github_medium---o90755,warm,commit_ns,max,15458.0,13687.5,-11.453616250485188
static-panel20-fresh,jsb/data/Github_medium---o90755,warm,mask_ns,mean,1972.6298449612405,1989.4645625692137,0.8534149298701443
static-panel20-fresh,jsb/data/Github_medium---o90755,warm,mask_ns,p99,5582.60000000002,4325.700000000006,-22.514598932397266
static-panel20-fresh,jsb/data/Github_medium---o90755,warm,mask_ns,max,20875.0,19833.0,-4.991616766467066
static-panel20-fresh,jsb/data/Github_medium---o90755,warm,tbm_ns,mean,3333.1589147286822,3094.715946843854,-7.153663356139061
static-panel20-fresh,jsb/data/Github_medium---o90755,warm,tbm_ns,p99,7933.925000000003,7117.725000000007,-10.287468056478932
static-panel20-fresh,jsb/data/Github_medium---o90755,warm,tbm_ns,max,29812.5,28937.5,-2.935010482180289
static-panel20-fresh,jsb/data/Github_hard---o35186,cold,commit_ns,mean,1702.4622252747254,1485.2046703296703,-12.761373011374532
static-panel20-fresh,jsb/data/Github_hard---o35186,cold,commit_ns,p99,5205.275000000003,3820.6150000000025,-26.60109216131712
static-panel20-fresh,jsb/data/Github_hard---o35186,cold,commit_ns,max,12562.5,8604.0,-31.510447761194026
static-panel20-fresh,jsb/data/Github_hard---o35186,cold,mask_ns,mean,2492.65521978022,2493.785027472528,0.04532546993833986
static-panel20-fresh,jsb/data/Github_hard---o35186,cold,mask_ns,p99,6015.330000000001,5261.645000000004,-12.529404039346081
static-panel20-fresh,jsb/data/Github_hard---o35186,cold,mask_ns,max,12646.0,7167.0,-43.325952870472875
static-panel20-fresh,jsb/data/Github_hard---o35186,cold,tbm_ns,mean,4183.7760989010985,3978.989697802198,-4.894774391791412
static-panel20-fresh,jsb/data/Github_hard---o35186,cold,tbm_ns,p99,10191.28500000001,8546.295000000006,-16.14114412461238
static-panel20-fresh,jsb/data/Github_hard---o35186,cold,tbm_ns,max,22104.0,13500.5,-38.92281939920377
static-panel20-fresh,jsb/data/Github_hard---o35186,warm1,commit_ns,mean,1491.4017857142858,1351.2081043956046,-9.400128299533817
static-panel20-fresh,jsb/data/Github_hard---o35186,warm1,commit_ns,p99,2738.9300000000007,3062.865,11.827063853402574
static-panel20-fresh,jsb/data/Github_hard---o35186,warm1,commit_ns,max,4791.5,5312.5,10.873421684232486
static-panel20-fresh,jsb/data/Github_hard---o35186,warm1,mask_ns,mean,2318.2994505494507,2450.599587912088,5.706775167948264
static-panel20-fresh,jsb/data/Github_hard---o35186,warm1,mask_ns,p99,4474.135000000005,5536.865000000004,23.75274773783085
static-panel20-fresh,jsb/data/Github_hard---o35186,warm1,mask_ns,max,9395.5,16062.0,70.95418019264541
static-panel20-fresh,jsb/data/Github_hard---o35186,warm1,tbm_ns,mean,3804.631868131868,3809.024725274725,0.11546076716784093
static-panel20-fresh,jsb/data/Github_hard---o35186,warm1,tbm_ns,p99,6415.090000000002,7572.160000000002,18.036691613056078
static-panel20-fresh,jsb/data/Github_hard---o35186,warm1,tbm_ns,max,12000.5,20291.5,69.08878796716805
static-panel20-fresh,jsb/data/Github_hard---o35186,warm,commit_ns,mean,1548.8120421245421,1397.2994505494505,-9.782503457763546
static-panel20-fresh,jsb/data/Github_hard---o35186,warm,commit_ns,p99,3225.7650000000076,4003.5700000000015,24.112264842602983
static-panel20-fresh,jsb/data/Github_hard---o35186,warm,commit_ns,max,18250.0,19624.5,7.531506849315073
static-panel20-fresh,jsb/data/Github_hard---o35186,warm,mask_ns,mean,2377.9906135531137,2446.5899725274726,2.884761553867543
static-panel20-fresh,jsb/data/Github_hard---o35186,warm,mask_ns,p99,5625.0,5548.640000000003,-1.3575111111110538
static-panel20-fresh,jsb/data/Github_hard---o35186,warm,mask_ns,max,16979.0,23604.5,39.02173272866483
static-panel20-fresh,jsb/data/Github_hard---o35186,warm,tbm_ns,mean,3919.951694139194,3846.0244963369964,-1.885921143179592
static-panel20-fresh,jsb/data/Github_hard---o35186,warm,tbm_ns,p99,8041.750000000009,8337.32000000001,3.6754437777847038
static-panel20-fresh,jsb/data/Github_hard---o35186,warm,tbm_ns,max,31291.5,33354.5,6.592844702235423
static-panel20-fresh,jsb/data/Kubernetes---kb_151_Normalized,cold,commit_ns,mean,2215.0040322580644,2024.7016129032259,-8.591515707573528
static-panel20-fresh,jsb/data/Kubernetes---kb_151_Normalized,cold,commit_ns,p99,7579.364999999994,6627.18,-12.562859817412075
static-panel20-fresh,jsb/data/Kubernetes---kb_151_Normalized,cold,commit_ns,max,11312.5,7083.5,-37.383425414364645
static-panel20-fresh,jsb/data/Kubernetes---kb_151_Normalized,cold,mask_ns,mean,2757.5806451612907,2844.907258064516,3.1667836462537124
static-panel20-fresh,jsb/data/Kubernetes---kb_151_Normalized,cold,mask_ns,p99,7529.9999999999945,7569.294999999998,0.5218459495352379
static-panel20-fresh,jsb/data/Kubernetes---kb_151_Normalized,cold,mask_ns,max,11833.0,8104.0,-31.513563762359496
static-panel20-fresh,jsb/data/Kubernetes---kb_151_Normalized,cold,tbm_ns,mean,4972.572580645161,4864.612903225807,-2.1711030994211677
static-panel20-fresh,jsb/data/Kubernetes---kb_151_Normalized,cold,tbm_ns,p99,13788.37499999999,12238.73999999999,-11.238706519078578
static-panel20-fresh,jsb/data/Kubernetes---kb_151_Normalized,cold,tbm_ns,max,19354.0,14104.5,-27.123592022320963
static-panel20-fresh,jsb/data/Kubernetes---kb_151_Normalized,warm1,commit_ns,mean,1555.4556451612902,1358.842741935484,-12.640212778643322
static-panel20-fresh,jsb/data/Kubernetes---kb_151_Normalized,warm1,commit_ns,p99,2452.4299999999994,2567.499999999999,4.6920809156632215
static-panel20-fresh,jsb/data/Kubernetes---kb_151_Normalized,warm1,commit_ns,max,2563.0,2729.0,6.476785017557551
static-panel20-fresh,jsb/data/Kubernetes---kb_151_Normalized,warm1,mask_ns,mean,2367.915322580645,2412.1532258064517,1.8682215028531735
static-panel20-fresh,jsb/data/Kubernetes---kb_151_Normalized,warm1,mask_ns,p99,5303.649999999994,4476.249999999998,-15.600576961149336
static-panel20-fresh,jsb/data/Kubernetes---kb_151_Normalized,warm1,mask_ns,max,6375.0,5791.5,-9.152941176470586
static-panel20-fresh,jsb/data/Kubernetes---kb_151_Normalized,warm1,tbm_ns,mean,3929.6209677419356,3770.9959677419356,-4.036648860084591
static-panel20-fresh,jsb/data/Kubernetes---kb_151_Normalized,warm1,tbm_ns,p99,7077.499999999996,6386.455,-9.763970328505778
static-panel20-fresh,jsb/data/Kubernetes---kb_151_Normalized,warm1,tbm_ns,max,8125.0,7458.5,-8.203076923076924
static-panel20-fresh,jsb/data/Kubernetes---kb_151_Normalized,warm,commit_ns,mean,1559.3655913978496,1361.5524193548388,-12.685490377255714
static-panel20-fresh,jsb/data/Kubernetes---kb_151_Normalized,warm,commit_ns,p99,2554.0350000000008,2631.09,3.0169907616770963
static-panel20-fresh,jsb/data/Kubernetes---kb_151_Normalized,warm,commit_ns,max,4083.5,4521.0,10.713848414350435
static-panel20-fresh,jsb/data/Kubernetes---kb_151_Normalized,warm,mask_ns,mean,2349.3252688172042,2402.1397849462364,2.248071683816777
static-panel20-fresh,jsb/data/Kubernetes---kb_151_Normalized,warm,mask_ns,p99,5714.930000000004,5643.965000000004,-1.2417474929701688
static-panel20-fresh,jsb/data/Kubernetes---kb_151_Normalized,warm,mask_ns,max,6791.5,6792.0,0.0073621438562820884
static-panel20-fresh,jsb/data/Kubernetes---kb_151_Normalized,warm,tbm_ns,mean,3901.4973118279568,3752.342741935484,-3.823008398347194
static-panel20-fresh,jsb/data/Kubernetes---kb_151_Normalized,warm,tbm_ns,p99,7176.160000000002,7221.715000000007,0.6348102606408723
static-panel20-fresh,jsb/data/Kubernetes---kb_151_Normalized,warm,tbm_ns,max,12145.5,9416.5,-22.469227285826022
static-panel20-reloaded,jsb/data/Github_medium---o83131,cold,commit_ns,mean,1756.2731292517005,1453.665306122449,-17.230111768445965
static-panel20-reloaded,jsb/data/Github_medium---o83131,cold,commit_ns,p99,3960.4799999999886,2713.3849999999957,-31.48848119419859
static-panel20-reloaded,jsb/data/Github_medium---o83131,cold,commit_ns,max,24645.5,15208.5,-38.29096589641111
static-panel20-reloaded,jsb/data/Github_medium---o83131,cold,mask_ns,mean,2889.8112244897957,2836.994217687075,-1.8276974757078013
static-panel20-reloaded,jsb/data/Github_medium---o83131,cold,mask_ns,p99,4378.604999999992,3943.8549999999987,-9.928961392954939
static-panel20-reloaded,jsb/data/Github_medium---o83131,cold,mask_ns,max,37354.0,16041.0,-57.05680783851796
static-panel20-reloaded,jsb/data/Github_medium---o83131,cold,tbm_ns,mean,4653.526530612245,4286.154081632652,-7.8944956381554965
static-panel20-reloaded,jsb/data/Github_medium---o83131,cold,tbm_ns,p99,8306.654999999986,6807.62499999999,-18.0461328898335
static-panel20-reloaded,jsb/data/Github_medium---o83131,cold,tbm_ns,max,46375.0,31249.5,-32.61563342318059
static-panel20-reloaded,jsb/data/Github_medium---o83131,warm1,commit_ns,mean,1709.6098639455781,1487.97074829932,-12.96430959603504
static-panel20-reloaded,jsb/data/Github_medium---o83131,warm1,commit_ns,p99,4040.0299999999966,2998.8749999999964,-25.770971997732715
static-panel20-reloaded,jsb/data/Github_medium---o83131,warm1,commit_ns,max,15125.0,16625.0,9.917355371900815
static-panel20-reloaded,jsb/data/Github_medium---o83131,warm1,mask_ns,mean,2871.6085034013604,2887.4017006802724,0.5499773823696819
static-panel20-reloaded,jsb/data/Github_medium---o83131,warm1,mask_ns,p99,4800.489999999987,4240.739999999994,-11.660268014306752
static-panel20-reloaded,jsb/data/Github_medium---o83131,warm1,mask_ns,max,23292.0,19104.5,-17.978275802850764
static-panel20-reloaded,jsb/data/Github_medium---o83131,warm1,tbm_ns,mean,4588.18231292517,4371.094557823129,-4.731454425655491
static-panel20-reloaded,jsb/data/Github_medium---o83131,warm1,tbm_ns,p99,8551.61499999999,7492.019999999999,-12.390583533051869
static-panel20-reloaded,jsb/data/Github_medium---o83131,warm1,tbm_ns,max,34084.0,28062.5,-17.66664710714705
static-panel20-reloaded,jsb/data/Github_medium---o83131,warm,commit_ns,mean,1681.8572562358277,1469.4519274376416,-12.629212616626651
static-panel20-reloaded,jsb/data/Github_medium---o83131,warm,commit_ns,p99,3893.654999999997,3243.919999999991,-16.68702029327217
static-panel20-reloaded,jsb/data/Github_medium---o83131,warm,commit_ns,max,22750.0,27458.0,20.69450549450549
static-panel20-reloaded,jsb/data/Github_medium---o83131,warm,mask_ns,mean,2831.4065759637188,2877.6421768707482,1.6329551997064318
static-panel20-reloaded,jsb/data/Github_medium---o83131,warm,mask_ns,p99,4331.609999999997,4167.0,-3.8002036194393574
static-panel20-reloaded,jsb/data/Github_medium---o83131,warm,mask_ns,max,34666.5,25646.0,-26.02079817691432
static-panel20-reloaded,jsb/data/Github_medium---o83131,warm,tbm_ns,mean,4507.699319727892,4354.121768707483,-3.40700521767896
static-panel20-reloaded,jsb/data/Github_medium---o83131,warm,tbm_ns,p99,8019.109999999997,7600.264999999994,-5.2230858536670866
static-panel20-reloaded,jsb/data/Github_medium---o83131,warm,tbm_ns,max,43625.0,39854.5,-8.642979942693408
static-panel20-reloaded,jsb/data/Github_hard---o63198,cold,commit_ns,mean,3006.5879934210525,2045.3079769736842,-31.972455772151665
static-panel20-reloaded,jsb/data/Github_hard---o63198,cold,commit_ns,p99,15868.74999999992,13975.44999999996,-11.93099645529716
static-panel20-reloaded,jsb/data/Github_hard---o63198,cold,commit_ns,max,45000.0,33145.5,-26.34333333333333
static-panel20-reloaded,jsb/data/Github_hard---o63198,cold,mask_ns,mean,3259.2993421052633,3233.2754934210525,-0.7984491742756394
static-panel20-reloaded,jsb/data/Github_hard---o63198,cold,mask_ns,p99,14502.249999999989,14237.049999999992,-1.8286817562791824
static-panel20-reloaded,jsb/data/Github_hard---o63198,cold,mask_ns,max,23541.5,20188.0,-14.245056602170635
static-panel20-reloaded,jsb/data/Github_hard---o63198,cold,tbm_ns,mean,6296.782894736842,5280.059210526316,-16.14671652504255
static-panel20-reloaded,jsb/data/Github_hard---o63198,cold,tbm_ns,p99,25121.024999999983,23168.77499999995,-7.771378755445024
static-panel20-reloaded,jsb/data/Github_hard---o63198,cold,tbm_ns,max,60896.0,41750.0,-31.440488702049397
static-panel20-reloaded,jsb/data/Github_hard---o63198,warm1,commit_ns,mean,2893.9140625,2002.2175164473683,-30.812820519014007
static-panel20-reloaded,jsb/data/Github_hard---o63198,warm1,commit_ns,p99,14166.949999999963,12934.29999999996,-8.700884805833342
static-panel20-reloaded,jsb/data/Github_hard---o63198,warm1,commit_ns,max,29958.0,33375.0,11.405968355697983
static-panel20-reloaded,jsb/data/Github_hard---o63198,warm1,mask_ns,mean,3244.7553453947367,3205.386513157895,-1.2133066455292996
static-panel20-reloaded,jsb/data/Github_hard---o63198,warm1,mask_ns,p99,14150.824999999992,14058.524999999985,-0.6522587905652633
static-panel20-reloaded,jsb/data/Github_hard---o63198,warm1,mask_ns,max,22020.5,26291.5,19.39556322517655
static-panel20-reloaded,jsb/data/Github_hard---o63198,warm1,tbm_ns,mean,6132.618421052632,5190.526726973684,-15.361981284288717
static-panel20-reloaded,jsb/data/Github_hard---o63198,warm1,tbm_ns,p99,23846.874999999985,22657.574999999957,-4.987236273096707
static-panel20-reloaded,jsb/data/Github_hard---o63198,warm1,tbm_ns,max,37396.0,46375.5,24.011926409241635
static-panel20-reloaded,jsb/data/Github_hard---o63198,warm,commit_ns,mean,2827.6929824561403,1949.9443530701756,-31.041157396923282
static-panel20-reloaded,jsb/data/Github_hard---o63198,warm,commit_ns,p99,13743.879999999963,12679.884999999973,-7.741591166395468
static-panel20-reloaded,jsb/data/Github_hard---o63198,warm,commit_ns,max,43374.5,39479.5,-8.979930604387365
static-panel20-reloaded,jsb/data/Github_hard---o63198,warm,mask_ns,mean,3213.487801535088,3182.60430372807,-0.9610585044780517
static-panel20-reloaded,jsb/data/Github_hard---o63198,warm,mask_ns,p99,14125.994999999988,13855.229999999989,-1.916785330874038
static-panel20-reloaded,jsb/data/Github_hard---o63198,warm,mask_ns,max,29103.5,29521.0,1.4345353651622705
static-panel20-reloaded,jsb/data/Github_hard---o63198,warm,tbm_ns,mean,6036.953262061404,5134.579358552632,-14.947505212267343
static-panel20-reloaded,jsb/data/Github_hard---o63198,warm,tbm_ns,p99,23701.119999999974,21535.61499999996,-9.13672012124328
static-panel20-reloaded,jsb/data/Github_hard---o63198,warm,tbm_ns,max,57646.0,55354.5,-3.975124032890398
static-panel20-reloaded,jsb/data/Kubernetes---kb_204_Normalized,cold,commit_ns,mean,1670.4412350597609,1505.5617529880478,-9.87041499043302
static-panel20-reloaded,jsb/data/Kubernetes---kb_204_Normalized,cold,commit_ns,p99,3559.715000000002,3476.920000000002,-2.325888448934821
static-panel20-reloaded,jsb/data/Kubernetes---kb_204_Normalized,cold,commit_ns,max,12271.5,10563.0,-13.922503361447259
static-panel20-reloaded,jsb/data/Kubernetes---kb_204_Normalized,cold,mask_ns,mean,2730.6513944223107,2743.5766932270917,0.4733412266092474
static-panel20-reloaded,jsb/data/Kubernetes---kb_204_Normalized,cold,mask_ns,p99,5874.380000000001,5893.915000000002,0.33254573248582275
static-panel20-reloaded,jsb/data/Kubernetes---kb_204_Normalized,cold,mask_ns,max,10042.0,8208.0,-18.26329416450906
static-panel20-reloaded,jsb/data/Kubernetes---kb_204_Normalized,cold,tbm_ns,mean,4406.296812749004,4249.13844621514,-3.56667680849706
static-panel20-reloaded,jsb/data/Kubernetes---kb_204_Normalized,cold,tbm_ns,p99,8288.375000000004,7936.385,-4.246791439817854
static-panel20-reloaded,jsb/data/Kubernetes---kb_204_Normalized,cold,tbm_ns,max,17750.5,20062.5,13.024985211684182
static-panel20-reloaded,jsb/data/Kubernetes---kb_204_Normalized,warm1,commit_ns,mean,1645.6284860557769,1327.2798804780878,-19.34510785849991
static-panel20-reloaded,jsb/data/Kubernetes---kb_204_Normalized,warm1,commit_ns,p99,3475.120000000004,2519.955000000001,-27.485813439535956
static-panel20-reloaded,jsb/data/Kubernetes---kb_204_Normalized,warm1,commit_ns,max,8062.5,3062.0,-62.02170542635659
static-panel20-reloaded,jsb/data/Kubernetes---kb_204_Normalized,warm1,mask_ns,mean,2790.696215139442,2639.8525896414344,-5.4052327401200255
static-panel20-reloaded,jsb/data/Kubernetes---kb_204_Normalized,warm1,mask_ns,p99,6161.715000000004,4498.67,-26.989969513357938
static-panel20-reloaded,jsb/data/Kubernetes---kb_204_Normalized,warm1,mask_ns,max,11124.5,7021.0,-36.887051103420376
static-panel20-reloaded,jsb/data/Kubernetes---kb_204_Normalized,warm1,tbm_ns,mean,4436.324701195219,3967.1324701195217,-10.57614720918172
static-panel20-reloaded,jsb/data/Kubernetes---kb_204_Normalized,warm1,tbm_ns,p99,8665.460000000001,6541.785000000001,-24.507354485509136
static-panel20-reloaded,jsb/data/Kubernetes---kb_204_Normalized,warm1,tbm_ns,max,17999.5,8729.5,-51.50143059529431
static-panel20-reloaded,jsb/data/Kubernetes---kb_204_Normalized,warm,commit_ns,mean,1650.3027888446215,1425.3230411686586,-13.63263451996415
static-panel20-reloaded,jsb/data/Kubernetes---kb_204_Normalized,warm,commit_ns,p99,3872.925000000002,3246.3750000000027,-16.177695152888294
static-panel20-reloaded,jsb/data/Kubernetes---kb_204_Normalized,warm,commit_ns,max,18812.5,23354.5,24.14352159468438
static-panel20-reloaded,jsb/data/Kubernetes---kb_204_Normalized,warm,mask_ns,mean,2775.6148738379816,2702.796812749004,-2.623492969984287
static-panel20-reloaded,jsb/data/Kubernetes---kb_204_Normalized,warm,mask_ns,p99,6271.0,5427.075000000009,-13.45758252272351
static-panel20-reloaded,jsb/data/Kubernetes---kb_204_Normalized,warm,mask_ns,max,19521.0,18458.5,-5.442856411044517
static-panel20-reloaded,jsb/data/Kubernetes---kb_204_Normalized,warm,tbm_ns,mean,4431.998671978752,4123.487715803452,-6.960989364140735
static-panel20-reloaded,jsb/data/Kubernetes---kb_204_Normalized,warm,tbm_ns,p99,9515.775000000005,8037.525000000023,-15.534730487006899
static-panel20-reloaded,jsb/data/Kubernetes---kb_204_Normalized,warm,tbm_ns,max,33041.5,40417.0,22.32192848387633
static-panel20-reloaded,jsb/data/Github_medium---o42217,cold,commit_ns,mean,2045.0293724966623,1485.070093457944,-27.381478553293114
static-panel20-reloaded,jsb/data/Github_medium---o42217,cold,commit_ns,p99,5539.899999999982,4506.679999999994,-18.650517157349267
static-panel20-reloaded,jsb/data/Github_medium---o42217,cold,commit_ns,max,13271.0,14396.0,8.477130585487158
static-panel20-reloaded,jsb/data/Github_medium---o42217,cold,mask_ns,mean,2698.941922563418,2696.142189586115,-0.10373446549171161
static-panel20-reloaded,jsb/data/Github_medium---o42217,cold,mask_ns,p99,6293.419999999998,5660.739999999987,-10.053039523820296
static-panel20-reloaded,jsb/data/Github_medium---o42217,cold,mask_ns,max,12062.0,15770.5,30.745315868015254
static-panel20-reloaded,jsb/data/Github_medium---o42217,cold,tbm_ns,mean,4743.971295060081,4180.3317757009345,-11.881174743744062
static-panel20-reloaded,jsb/data/Github_medium---o42217,cold,tbm_ns,p99,10018.339999999984,9000.599999999999,-10.158768817987685
static-panel20-reloaded,jsb/data/Github_medium---o42217,cold,tbm_ns,max,25124.5,24292.0,-3.3134987760950474
static-panel20-reloaded,jsb/data/Github_medium---o42217,warm1,commit_ns,mean,1946.543391188251,1322.2523364485983,-32.07177695425323
static-panel20-reloaded,jsb/data/Github_medium---o42217,warm1,commit_ns,p99,3672.3399999999947,2541.76,-30.78636509691358
static-panel20-reloaded,jsb/data/Github_medium---o42217,warm1,commit_ns,max,18458.5,3729.5,-79.79521629601538
static-panel20-reloaded,jsb/data/Github_medium---o42217,warm1,mask_ns,mean,2666.8845126835777,2566.357810413885,-3.769443400776906
static-panel20-reloaded,jsb/data/Github_medium---o42217,warm1,mask_ns,p99,5982.3399999999965,4021.8399999999992,-32.77145732271984
static-panel20-reloaded,jsb/data/Github_medium---o42217,warm1,mask_ns,max,19604.0,7083.5,-63.86706794531728
static-panel20-reloaded,jsb/data/Github_medium---o42217,warm1,tbm_ns,mean,4609.820427236315,3871.3744993324435,-16.018973831190753
static-panel20-reloaded,jsb/data/Github_medium---o42217,warm1,tbm_ns,p99,8887.339999999998,6376.919999999998,-28.247147065376144
static-panel20-reloaded,jsb/data/Github_medium---o42217,warm1,tbm_ns,max,27625.0,9687.0,-64.9339366515837
static-panel20-reloaded,jsb/data/Github_medium---o42217,warm,commit_ns,mean,1986.1019136626614,1388.2429906542056,-30.10212713132715
static-panel20-reloaded,jsb/data/Github_medium---o42217,warm,commit_ns,p99,4128.049999999997,3336.819999999997,-19.167161250469377
static-panel20-reloaded,jsb/data/Github_medium---o42217,warm,commit_ns,max,20771.0,19062.5,-8.225410428000579
static-panel20-reloaded,jsb/data/Github_medium---o42217,warm,mask_ns,mean,2676.074098798398,2639.884512683578,-1.3523387162959977
static-panel20-reloaded,jsb/data/Github_medium---o42217,warm,mask_ns,p99,6380.229999999996,5923.639999999994,-7.156325085459336
static-panel20-reloaded,jsb/data/Github_medium---o42217,warm,mask_ns,max,21603.5,21500.0,-0.47908903649871437
static-panel20-reloaded,jsb/data/Github_medium---o42217,warm,tbm_ns,mean,4663.339341344014,4025.2425456163774,-13.683258905703655
static-panel20-reloaded,jsb/data/Github_medium---o42217,warm,tbm_ns,p99,9418.409999999998,8419.819999999998,-10.60253269925604
static-panel20-reloaded,jsb/data/Github_medium---o42217,warm,tbm_ns,max,37604.0,32375.5,-13.904105946175937
static-panel20-reloaded,jsb/data/Github_ultra---o6353,cold,commit_ns,mean,1553.0672268907563,1441.4642857142858,-7.1859697535373135
static-panel20-reloaded,jsb/data/Github_ultra---o6353,cold,commit_ns,p99,6954.184999999994,4241.709999999998,-39.00493012480971
static-panel20-reloaded,jsb/data/Github_ultra---o6353,cold,commit_ns,max,12479.0,6042.0,-51.582658866896395
static-panel20-reloaded,jsb/data/Github_ultra---o6353,cold,mask_ns,mean,2332.02731092437,2345.5252100840335,0.578805363746504
static-panel20-reloaded,jsb/data/Github_ultra---o6353,cold,mask_ns,p99,6053.499999999999,5467.354999999996,-9.682745519121227
static-panel20-reloaded,jsb/data/Github_ultra---o6353,cold,mask_ns,max,10166.5,6917.0,-31.962819062607583
static-panel20-reloaded,jsb/data/Github_ultra---o6353,cold,tbm_ns,mean,3856.0987394957983,3828.016806722689,-0.728247243398672
static-panel20-reloaded,jsb/data/Github_ultra---o6353,cold,tbm_ns,p99,11088.604999999985,8618.31,-22.277779756786252
static-panel20-reloaded,jsb/data/Github_ultra---o6353,cold,tbm_ns,max,19187.0,9958.0,-48.100276228696515
static-panel20-reloaded,jsb/data/Github_ultra---o6353,warm1,commit_ns,mean,1294.1029411764707,1246.4873949579833,-3.6794249285300396
static-panel20-reloaded,jsb/data/Github_ultra---o6353,warm1,commit_ns,p99,2657.1849999999986,2500.0,-5.915470695491609
static-panel20-reloaded,jsb/data/Github_ultra---o6353,warm1,commit_ns,max,3187.5,2625.0,-17.647058823529417
static-panel20-reloaded,jsb/data/Github_ultra---o6353,warm1,mask_ns,mean,2195.1092436974786,2248.6827731092435,2.440586023934044
static-panel20-reloaded,jsb/data/Github_ultra---o6353,warm1,mask_ns,p99,5251.084999999997,5048.104999999994,-3.8654868470040626
static-panel20-reloaded,jsb/data/Github_ultra---o6353,warm1,mask_ns,max,6333.5,5771.0,-8.881345227757166
static-panel20-reloaded,jsb/data/Github_ultra---o6353,warm1,tbm_ns,mean,3485.7331932773113,3499.11974789916,0.3840384183065426
static-panel20-reloaded,jsb/data/Github_ultra---o6353,warm1,tbm_ns,p99,6886.499999999999,6896.2499999999945,0.14158135482458256
static-panel20-reloaded,jsb/data/Github_ultra---o6353,warm1,tbm_ns,max,8104.0,7458.5,-7.965202369200397
static-panel20-reloaded,jsb/data/Github_ultra---o6353,warm,commit_ns,mean,1356.5413165266107,1270.3340336134454,-6.35493234617408
static-panel20-reloaded,jsb/data/Github_ultra---o6353,warm,commit_ns,p99,3051.71,2515.6050000000005,-17.56736387140323
static-panel20-reloaded,jsb/data/Github_ultra---o6353,warm,commit_ns,max,7499.5,4958.5,-33.88225881725448
static-panel20-reloaded,jsb/data/Github_ultra---o6353,warm,mask_ns,mean,2229.333333333333,2277.921568627451,2.17949620039406
static-panel20-reloaded,jsb/data/Github_ultra---o6353,warm,mask_ns,p99,5381.335000000001,4724.545000000001,-12.204964009860008
static-panel20-reloaded,jsb/data/Github_ultra---o6353,warm,mask_ns,max,12271.0,8625.0,-29.71232988346508
static-panel20-reloaded,jsb/data/Github_ultra---o6353,warm,tbm_ns,mean,3589.9285714285716,3548.255602240896,-1.1608300376598324
static-panel20-reloaded,jsb/data/Github_ultra---o6353,warm,tbm_ns,p99,7682.105,6709.375000000001,-12.66228462120732
static-panel20-reloaded,jsb/data/Github_ultra---o6353,warm,tbm_ns,max,18750.5,10500.0,-44.00149329351217
static-panel20-reloaded,jsb/data/Kubernetes---kb_150_Normalized,cold,commit_ns,mean,2003.612244897959,1806.3341836734694,-9.846119763284678
static-panel20-reloaded,jsb/data/Kubernetes---kb_150_Normalized,cold,commit_ns,p99,7236.300000000001,5124.850000000005,-29.17858574133184
static-panel20-reloaded,jsb/data/Kubernetes---kb_150_Normalized,cold,commit_ns,max,13166.5,6604.5,-49.83860555196902
static-panel20-reloaded,jsb/data/Kubernetes---kb_150_Normalized,cold,mask_ns,mean,2647.8698979591836,2670.4132653061224,0.8513774549238073
static-panel20-reloaded,jsb/data/Kubernetes---kb_150_Normalized,cold,mask_ns,p99,6649.975000000006,6053.450000000003,-8.970334474941676
static-panel20-reloaded,jsb/data/Kubernetes---kb_150_Normalized,cold,mask_ns,max,10771.0,6375.0,-40.813294958685354
static-panel20-reloaded,jsb/data/Kubernetes---kb_150_Normalized,cold,tbm_ns,mean,4641.459183673469,4476.747448979591,-3.5487058740763744
static-panel20-reloaded,jsb/data/Kubernetes---kb_150_Normalized,cold,tbm_ns,p99,12920.550000000007,10165.650000000009,-21.32184775415904
static-panel20-reloaded,jsb/data/Kubernetes---kb_150_Normalized,cold,tbm_ns,max,20499.5,11896.0,-41.96931632478841
static-panel20-reloaded,jsb/data/Kubernetes---kb_150_Normalized,warm1,commit_ns,mean,1609.170918367347,1371.1862244897961,-14.789273852836493
static-panel20-reloaded,jsb/data/Kubernetes---kb_150_Normalized,warm1,commit_ns,p99,2632.2750000000015,2692.700000000001,2.2955428289217483
static-panel20-reloaded,jsb/data/Kubernetes---kb_150_Normalized,warm1,commit_ns,max,2812.5,2834.0,0.7644444444444343
static-panel20-reloaded,jsb/data/Kubernetes---kb_150_Normalized,warm1,mask_ns,mean,2406.140306122449,2440.3852040816328,1.423229471367371
static-panel20-reloaded,jsb/data/Kubernetes---kb_150_Normalized,warm1,mask_ns,p99,4687.350000000004,5660.575000000004,20.762797742861096
static-panel20-reloaded,jsb/data/Kubernetes---kb_150_Normalized,warm1,mask_ns,max,5666.5,6750.0,19.12115062207711
static-panel20-reloaded,jsb/data/Kubernetes---kb_150_Normalized,warm1,tbm_ns,mean,4006.298469387755,3811.5714285714284,-4.860522557274294
static-panel20-reloaded,jsb/data/Kubernetes---kb_150_Normalized,warm1,tbm_ns,p99,6605.350000000006,7453.125000000004,12.834671894751937
static-panel20-reloaded,jsb/data/Kubernetes---kb_150_Normalized,warm1,tbm_ns,max,7312.5,8541.5,16.80683760683761
static-panel20-reloaded,jsb/data/Kubernetes---kb_150_Normalized,warm,commit_ns,mean,1647.2278911564626,1491.628401360544,-9.446142250947286
static-panel20-reloaded,jsb/data/Kubernetes---kb_150_Normalized,warm,commit_ns,p99,3372.9799999999996,3962.3099999999995,17.472086997254642
static-panel20-reloaded,jsb/data/Kubernetes---kb_150_Normalized,warm,commit_ns,max,7604.5,10645.5,39.989479913209294
static-panel20-reloaded,jsb/data/Kubernetes---kb_150_Normalized,warm,mask_ns,mean,2465.1003401360545,2537.482993197279,2.9362964209898923
static-panel20-reloaded,jsb/data/Kubernetes---kb_150_Normalized,warm,mask_ns,p99,6146.0,6297.164999999997,2.459567198177637
static-panel20-reloaded,jsb/data/Kubernetes---kb_150_Normalized,warm,mask_ns,max,9354.0,13042.0,39.42698310883044
static-panel20-reloaded,jsb/data/Kubernetes---kb_150_Normalized,warm,tbm_ns,mean,4112.328231292517,4029.1113945578236,-2.023594228239356
static-panel20-reloaded,jsb/data/Kubernetes---kb_150_Normalized,warm,tbm_ns,p99,8499.604999999996,9734.229999999998,14.525675016662575
static-panel20-reloaded,jsb/data/Kubernetes---kb_150_Normalized,warm,tbm_ns,max,18208.5,19458.5,6.864925721503701
static-panel20-reloaded,jsb/data/Glaiveai2K---create_invoice_85673ce7,cold,commit_ns,mean,1723.2592592592594,1484.820987654321,-13.836471228794133
static-panel20-reloaded,jsb/data/Glaiveai2K---create_invoice_85673ce7,cold,commit_ns,p99,8012.400000000005,4382.8,-45.2997853327343
static-panel20-reloaded,jsb/data/Glaiveai2K---create_invoice_85673ce7,cold,commit_ns,max,9458.0,4604.5,-51.316345950518084
static-panel20-reloaded,jsb/data/Glaiveai2K---create_invoice_85673ce7,cold,mask_ns,mean,2422.0308641975307,2373.2530864197533,-2.0139205696678264
static-panel20-reloaded,jsb/data/Glaiveai2K---create_invoice_85673ce7,cold,mask_ns,p99,6979.300000000016,6037.600000000002,-13.492757153296342
static-panel20-reloaded,jsb/data/Glaiveai2K---create_invoice_85673ce7,cold,mask_ns,max,10374.5,6562.5,-36.74393946696226
static-panel20-reloaded,jsb/data/Glaiveai2K---create_invoice_85673ce7,cold,tbm_ns,mean,4158.41975308642,3879.932098765432,-6.696958721261659
static-panel20-reloaded,jsb/data/Glaiveai2K---create_invoice_85673ce7,cold,tbm_ns,p99,13408.200000000004,8383.100000000004,-37.47781208514191
static-panel20-reloaded,jsb/data/Glaiveai2K---create_invoice_85673ce7,cold,tbm_ns,max,15249.5,9499.5,-37.706154300140994
static-panel20-reloaded,jsb/data/Glaiveai2K---create_invoice_85673ce7,warm1,commit_ns,mean,1374.462962962963,1201.6111111111113,-12.5759555920831
static-panel20-reloaded,jsb/data/Glaiveai2K---create_invoice_85673ce7,warm1,commit_ns,p99,2833.400000000001,2866.800000000004,1.1787957930402548
static-panel20-reloaded,jsb/data/Glaiveai2K---create_invoice_85673ce7,warm1,commit_ns,max,3041.0,3375.0,10.983229200920741
static-panel20-reloaded,jsb/data/Glaiveai2K---create_invoice_85673ce7,warm1,mask_ns,mean,2179.240740740741,2278.3271604938273,4.546832201723894
static-panel20-reloaded,jsb/data/Glaiveai2K---create_invoice_85673ce7,warm1,mask_ns,p99,5253.9000000000015,6242.200000000003,18.810788176402315
static-panel20-reloaded,jsb/data/Glaiveai2K---create_invoice_85673ce7,warm1,mask_ns,max,5521.0,6875.0,24.524542655316072
static-panel20-reloaded,jsb/data/Glaiveai2K---create_invoice_85673ce7,warm1,tbm_ns,mean,3533.932098765432,3526.9938271604938,-0.1963329065479802
static-panel20-reloaded,jsb/data/Glaiveai2K---create_invoice_85673ce7,warm1,tbm_ns,p99,6920.400000000001,7912.900000000003,14.341656551644455
static-panel20-reloaded,jsb/data/Glaiveai2K---create_invoice_85673ce7,warm1,tbm_ns,max,7187.5,8562.5,19.130434782608695
static-panel20-reloaded,jsb/data/Glaiveai2K---create_invoice_85673ce7,warm,commit_ns,mean,1379.1049382716049,1233.6028806584363,-10.550470350394248
static-panel20-reloaded,jsb/data/Glaiveai2K---create_invoice_85673ce7,warm,commit_ns,p99,2852.3199999999983,3358.7499999999973,17.755020474561036
static-panel20-reloaded,jsb/data/Glaiveai2K---create_invoice_85673ce7,warm,commit_ns,max,3083.0,4333.0,40.54492377554331
static-panel20-reloaded,jsb/data/Glaiveai2K---create_invoice_85673ce7,warm,mask_ns,mean,2202.5144032921808,2295.5144032921808,4.22244684806552
static-panel20-reloaded,jsb/data/Glaiveai2K---create_invoice_85673ce7,warm,mask_ns,p99,5614.679999999991,5822.499999999998,3.701368555287332
static-panel20-reloaded,jsb/data/Glaiveai2K---create_invoice_85673ce7,warm,mask_ns,max,6646.0,11666.5,75.54167920553716
static-panel20-reloaded,jsb/data/Glaiveai2K---create_invoice_85673ce7,warm,tbm_ns,mean,3583.4465020576135,3521.8683127572017,-1.718406826083596
static-panel20-reloaded,jsb/data/Glaiveai2K---create_invoice_85673ce7,warm,tbm_ns,p99,7417.889999999998,7690.57,3.6759779398184866
static-panel20-reloaded,jsb/data/Glaiveai2K---create_invoice_85673ce7,warm,tbm_ns,max,8042.0,13166.5,63.72171101715991
static-panel20-reloaded,jsb/data/Glaiveai2K---calculate_area_423b749e,cold,commit_ns,mean,2201.6929824561403,1637.842105263158,-25.609877566306626
static-panel20-reloaded,jsb/data/Glaiveai2K---calculate_area_423b749e,cold,commit_ns,p99,9109.239999999998,5281.499999999998,-42.020410045184896
static-panel20-reloaded,jsb/data/Glaiveai2K---calculate_area_423b749e,cold,commit_ns,max,9729.5,5583.5,-42.61267279921888
static-panel20-reloaded,jsb/data/Glaiveai2K---calculate_area_423b749e,cold,mask_ns,mean,2933.5,2578.964912280702,-12.0857367553877
static-panel20-reloaded,jsb/data/Glaiveai2K---calculate_area_423b749e,cold,mask_ns,p99,10119.719999999994,6126.479999999999,-39.45998505887513
static-panel20-reloaded,jsb/data/Glaiveai2K---calculate_area_423b749e,cold,mask_ns,max,11625.0,6333.0,-45.52258064516129
static-panel20-reloaded,jsb/data/Glaiveai2K---calculate_area_423b749e,cold,tbm_ns,mean,5172.850877192983,4186.061403508772,-19.076317819926913
static-panel20-reloaded,jsb/data/Glaiveai2K---calculate_area_423b749e,cold,tbm_ns,p99,15034.279999999997,9540.999999999998,-36.53836432472989
static-panel20-reloaded,jsb/data/Glaiveai2K---calculate_area_423b749e,cold,tbm_ns,max,16041.5,9646.0,-39.868466165882246
static-panel20-reloaded,jsb/data/Glaiveai2K---calculate_area_423b749e,warm1,commit_ns,mean,1564.719298245614,1251.1140350877192,-20.042269786632883
static-panel20-reloaded,jsb/data/Glaiveai2K---calculate_area_423b749e,warm1,commit_ns,p99,2689.24,2128.76,-20.841576058663403
static-panel20-reloaded,jsb/data/Glaiveai2K---calculate_area_423b749e,warm1,commit_ns,max,2729.0,2166.5,-20.611945767680474
static-panel20-reloaded,jsb/data/Glaiveai2K---calculate_area_423b749e,warm1,mask_ns,mean,2379.035087719298,2324.877192982456,-2.276464732126393
static-panel20-reloaded,jsb/data/Glaiveai2K---calculate_area_423b749e,warm1,mask_ns,p99,5050.759999999998,4456.239999999994,-11.770901804876976
static-panel20-reloaded,jsb/data/Glaiveai2K---calculate_area_423b749e,warm1,mask_ns,max,5625.0,5604.0,-0.3733333333333366
static-panel20-reloaded,jsb/data/Glaiveai2K---calculate_area_423b749e,warm1,tbm_ns,mean,3945.184210526316,3564.7017543859647,-9.644225360254898
static-panel20-reloaded,jsb/data/Glaiveai2K---calculate_area_423b749e,warm1,tbm_ns,p99,6715.699999999998,6108.9999999999945,-9.034054528939706
static-panel20-reloaded,jsb/data/Glaiveai2K---calculate_area_423b749e,warm1,tbm_ns,max,7250.0,7229.0,-0.2896551724137941
static-panel20-reloaded,jsb/data/Glaiveai2K---calculate_area_423b749e,warm,commit_ns,mean,1559.6929824561403,1235.5116959064328,-20.784942305709432
static-panel20-reloaded,jsb/data/Glaiveai2K---calculate_area_423b749e,warm,commit_ns,p99,2762.5000000000027,2074.9500000000007,-24.888687782805473
static-panel20-reloaded,jsb/data/Glaiveai2K---calculate_area_423b749e,warm,commit_ns,max,3021.5,2166.5,-28.297203375806724
static-panel20-reloaded,jsb/data/Glaiveai2K---calculate_area_423b749e,warm,mask_ns,mean,2401.953216374269,2312.842105263158,-3.709943661834658
static-panel20-reloaded,jsb/data/Glaiveai2K---calculate_area_423b749e,warm,mask_ns,p99,5787.550000000004,5380.950000000001,-7.025425266304442
static-panel20-reloaded,jsb/data/Glaiveai2K---calculate_area_423b749e,warm,mask_ns,max,6208.0,6000.0,-3.350515463917525
static-panel20-reloaded,jsb/data/Glaiveai2K---calculate_area_423b749e,warm,tbm_ns,mean,3962.3830409356724,3545.1783625730995,-10.529135473587491
static-panel20-reloaded,jsb/data/Glaiveai2K---calculate_area_423b749e,warm,tbm_ns,p99,7418.800000000001,6935.250000000001,-6.517900469078564
static-panel20-reloaded,jsb/data/Glaiveai2K---calculate_area_423b749e,warm,tbm_ns,max,7666.5,7583.0,-1.0891541120459092
static-panel20-reloaded,jsb/data/Glaiveai2K---search_hotels_487ba3e4,cold,commit_ns,mean,1809.673076923077,1643.4423076923076,-9.185679521375512
static-panel20-reloaded,jsb/data/Glaiveai2K---search_hotels_487ba3e4,cold,commit_ns,p99,8058.375000000003,4455.58,-44.7087036778507
static-panel20-reloaded,jsb/data/Glaiveai2K---search_hotels_487ba3e4,cold,commit_ns,max,8791.5,4604.5,-47.62554740374225
static-panel20-reloaded,jsb/data/Glaiveai2K---search_hotels_487ba3e4,cold,mask_ns,mean,2513.548076923077,2479.5673076923076,-1.3519044868386398
static-panel20-reloaded,jsb/data/Glaiveai2K---search_hotels_487ba3e4,cold,mask_ns,p99,7252.63000000001,5747.005000000005,-20.75971061532166
static-panel20-reloaded,jsb/data/Glaiveai2K---search_hotels_487ba3e4,cold,mask_ns,max,9833.0,6958.0,-29.23827926370386
static-panel20-reloaded,jsb/data/Glaiveai2K---search_hotels_487ba3e4,cold,tbm_ns,mean,4320.057692307692,4154.663461538461,-3.8285190279688353
static-panel20-reloaded,jsb/data/Glaiveai2K---search_hotels_487ba3e4,cold,tbm_ns,p99,13386.410000000002,9014.330000000002,-32.66058637080441
static-panel20-reloaded,jsb/data/Glaiveai2K---search_hotels_487ba3e4,cold,tbm_ns,max,13875.5,9666.5,-30.334042016503915
static-panel20-reloaded,jsb/data/Glaiveai2K---search_hotels_487ba3e4,warm1,commit_ns,mean,1330.5673076923076,1197.4423076923076,-10.005130836326327
static-panel20-reloaded,jsb/data/Glaiveai2K---search_hotels_487ba3e4,warm1,commit_ns,p99,2986.625000000001,2462.040000000001,-17.56447495082242
static-panel20-reloaded,jsb/data/Glaiveai2K---search_hotels_487ba3e4,warm1,commit_ns,max,3166.5,2770.5,-12.505921364282335
static-panel20-reloaded,jsb/data/Glaiveai2K---search_hotels_487ba3e4,warm1,mask_ns,mean,2296.826923076923,2357.0,2.619835056725428
static-panel20-reloaded,jsb/data/Glaiveai2K---search_hotels_487ba3e4,warm1,mask_ns,p99,4994.870000000003,5618.915000000001,12.493718555237642
static-panel20-reloaded,jsb/data/Glaiveai2K---search_hotels_487ba3e4,warm1,mask_ns,max,5958.5,5916.5,-0.7048753881010339
static-panel20-reloaded,jsb/data/Glaiveai2K---search_hotels_487ba3e4,warm1,tbm_ns,mean,3642.605769230769,3553.6346153846152,-2.4425139442125876
static-panel20-reloaded,jsb/data/Glaiveai2K---search_hotels_487ba3e4,warm1,tbm_ns,p99,7163.295000000003,7079.375000000003,-1.1715279071991325
static-panel20-reloaded,jsb/data/Glaiveai2K---search_hotels_487ba3e4,warm1,tbm_ns,max,7896.0,7812.5,-1.0574974670719328
static-panel20-reloaded,jsb/data/Glaiveai2K---search_hotels_487ba3e4,warm,commit_ns,mean,1319.4775641025642,1258.0096153846152,-4.658506547608942
static-panel20-reloaded,jsb/data/Glaiveai2K---search_hotels_487ba3e4,warm,commit_ns,p99,2996.074999999999,3003.199999999998,0.23781113623655425
static-panel20-reloaded,jsb/data/Glaiveai2K---search_hotels_487ba3e4,warm,commit_ns,max,3166.5,4771.0,50.671087951997485
static-panel20-reloaded,jsb/data/Glaiveai2K---search_hotels_487ba3e4,warm,mask_ns,mean,2269.894230769231,2352.3044871794873,3.630576935839369
static-panel20-reloaded,jsb/data/Glaiveai2K---search_hotels_487ba3e4,warm,mask_ns,p99,5855.374999999998,6406.5999999999985,9.413999957304187
static-panel20-reloaded,jsb/data/Glaiveai2K---search_hotels_487ba3e4,warm,mask_ns,max,6167.0,6937.5,12.493919247608233
static-panel20-reloaded,jsb/data/Glaiveai2K---search_hotels_487ba3e4,warm,tbm_ns,mean,3578.916666666667,3616.291666666667,1.044310429133577
static-panel20-reloaded,jsb/data/Glaiveai2K---search_hotels_487ba3e4,warm,tbm_ns,p99,7628.199999999999,7804.374999999998,2.3095225610235692
static-panel20-reloaded,jsb/data/Glaiveai2K---search_hotels_487ba3e4,warm,tbm_ns,max,7979.5,13291.5,66.5705871295194
static-panel20-reloaded,jsb/data/Github_hard---o77317,cold,commit_ns,mean,2549.636029411765,1822.5808823529412,-28.516036746882843
static-panel20-reloaded,jsb/data/Github_hard---o77317,cold,commit_ns,p99,5194.910000000002,5215.910000000002,0.4042418444207829
static-panel20-reloaded,jsb/data/Github_hard---o77317,cold,commit_ns,max,13896.0,12562.5,-9.596286701208978
static-panel20-reloaded,jsb/data/Github_hard---o77317,cold,mask_ns,mean,2523.5024509803925,2601.0428921568628,3.072730963520387
static-panel20-reloaded,jsb/data/Github_hard---o77317,cold,mask_ns,p99,5497.190000000002,6260.280000000001,13.881455798326026
static-panel20-reloaded,jsb/data/Github_hard---o77317,cold,mask_ns,max,10437.5,12687.5,21.5568862275449
static-panel20-reloaded,jsb/data/Github_hard---o77317,cold,tbm_ns,mean,5072.007352941177,4423.623774509804,-12.783569370328006
static-panel20-reloaded,jsb/data/Github_hard---o77317,cold,tbm_ns,p99,9506.405000000002,11027.370000000003,15.999370950427627
static-panel20-reloaded,jsb/data/Github_hard---o77317,cold,tbm_ns,max,20458.5,19937.5,-2.5466187648165772
static-panel20-reloaded,jsb/data/Github_hard---o77317,warm1,commit_ns,mean,2324.9375,1553.9411764705883,-33.162023647061986
static-panel20-reloaded,jsb/data/Github_hard---o77317,warm1,commit_ns,p99,4178.715000000001,3744.1550000000007,-10.399369184067353
static-panel20-reloaded,jsb/data/Github_hard---o77317,warm1,commit_ns,max,4938.0,4209.0,-14.763061968408264
static-panel20-reloaded,jsb/data/Github_hard---o77317,warm1,mask_ns,mean,2377.410539215686,2408.848039215686,1.322342081076644
static-panel20-reloaded,jsb/data/Github_hard---o77317,warm1,mask_ns,p99,4031.7450000000013,4116.285000000001,2.09685880431425
static-panel20-reloaded,jsb/data/Github_hard---o77317,warm1,mask_ns,max,5583.5,5333.5,-4.477478284230319
static-panel20-reloaded,jsb/data/Github_hard---o77317,warm1,tbm_ns,mean,4701.4375,3961.2365196078435,-15.744141667142364
static-panel20-reloaded,jsb/data/Github_hard---o77317,warm1,tbm_ns,p99,7559.13,7462.970000000001,-1.2721040648857596
static-panel20-reloaded,jsb/data/Github_hard---o77317,warm1,tbm_ns,max,8667.0,9563.0,10.338063920618445
static-panel20-reloaded,jsb/data/Github_hard---o77317,warm,commit_ns,mean,2401.140114379085,1598.1801470588234,-33.44077934110481
static-panel20-reloaded,jsb/data/Github_hard---o77317,warm,commit_ns,p99,4756.124999999998,4011.454999999999,-15.657073773292318
static-panel20-reloaded,jsb/data/Github_hard---o77317,warm,commit_ns,max,18958.5,7021.0,-62.96647941556558
static-panel20-reloaded,jsb/data/Github_hard---o77317,warm,mask_ns,mean,2470.945261437909,2459.381535947712,-0.46798792634796804
static-panel20-reloaded,jsb/data/Github_hard---o77317,warm,mask_ns,p99,5351.079999999998,4799.874999999987,-10.30081777884111
static-panel20-reloaded,jsb/data/Github_hard---o77317,warm,mask_ns,max,20812.5,6958.5,-66.56576576576576
static-panel20-reloaded,jsb/data/Github_hard---o77317,warm,tbm_ns,mean,4889.519199346405,4057.561683006536,-17.01511912359561
static-panel20-reloaded,jsb/data/Github_hard---o77317,warm,tbm_ns,p99,9149.759999999991,8455.464999999998,-7.588122529989782
static-panel20-reloaded,jsb/data/Github_hard---o77317,warm,tbm_ns,max,28145.5,13458.0,-52.18418574905402
static-panel20-reloaded,jsb/data/JsonSchemaStore---pyrseas-0.8,cold,commit_ns,mean,3120.3524011299437,1905.4625706214688,-38.93437901656679
static-panel20-reloaded,jsb/data/JsonSchemaStore---pyrseas-0.8,cold,commit_ns,p99,7197.814999999993,4708.465,-34.584801081994954
static-panel20-reloaded,jsb/data/JsonSchemaStore---pyrseas-0.8,cold,commit_ns,max,20708.0,9708.0,-53.119567316978944
static-panel20-reloaded,jsb/data/JsonSchemaStore---pyrseas-0.8,cold,mask_ns,mean,2687.8121468926556,2611.7288135593217,-2.8306789751394223
static-panel20-reloaded,jsb/data/JsonSchemaStore---pyrseas-0.8,cold,mask_ns,p99,8353.374999999865,6160.469999999951,-26.251724602330796
static-panel20-reloaded,jsb/data/JsonSchemaStore---pyrseas-0.8,cold,mask_ns,max,21542.0,12229.5,-43.22950515272491
static-panel20-reloaded,jsb/data/JsonSchemaStore---pyrseas-0.8,cold,tbm_ns,mean,5816.195621468927,4514.336158192091,-22.383350698717408
static-panel20-reloaded,jsb/data/JsonSchemaStore---pyrseas-0.8,cold,tbm_ns,p99,13290.624999999985,10237.564999999962,-22.971530684223097
static-panel20-reloaded,jsb/data/JsonSchemaStore---pyrseas-0.8,cold,tbm_ns,max,38562.5,18792.0,-51.26871961102106
static-panel20-reloaded,jsb/data/JsonSchemaStore---pyrseas-0.8,warm1,commit_ns,mean,2912.1906779661017,1779.8008474576272,-38.88446725265068
static-panel20-reloaded,jsb/data/JsonSchemaStore---pyrseas-0.8,warm1,commit_ns,p99,5167.0,4032.784999999994,-21.951132185020438
static-panel20-reloaded,jsb/data/JsonSchemaStore---pyrseas-0.8,warm1,commit_ns,max,10209.0,4583.0,-55.108237829366246
static-panel20-reloaded,jsb/data/JsonSchemaStore---pyrseas-0.8,warm1,mask_ns,mean,2520.081214689266,2521.2337570621467,0.0457343345191763
static-panel20-reloaded,jsb/data/JsonSchemaStore---pyrseas-0.8,warm1,mask_ns,p99,6785.784999999982,4643.059999999998,-31.57667093785007
static-panel20-reloaded,jsb/data/JsonSchemaStore---pyrseas-0.8,warm1,mask_ns,max,10895.5,10021.0,-8.026249369005555
static-panel20-reloaded,jsb/data/JsonSchemaStore---pyrseas-0.8,warm1,tbm_ns,mean,5432.271892655367,4302.8947740113,-20.790143442028864
static-panel20-reloaded,jsb/data/JsonSchemaStore---pyrseas-0.8,warm1,tbm_ns,p99,11227.249999999969,7763.719999999995,-30.849317508739748
static-panel20-reloaded,jsb/data/JsonSchemaStore---pyrseas-0.8,warm1,tbm_ns,max,16875.0,13583.5,-19.50518518518518
static-panel20-reloaded,jsb/data/JsonSchemaStore---pyrseas-0.8,warm,commit_ns,mean,2961.14147834275,1920.0162429378531,-35.15959109078365
static-panel20-reloaded,jsb/data/JsonSchemaStore---pyrseas-0.8,warm,commit_ns,p99,5782.339999999999,5397.794999999998,-6.6503353313710605
static-panel20-reloaded,jsb/data/JsonSchemaStore---pyrseas-0.8,warm,commit_ns,max,16875.5,25250.5,49.62815916565435
static-panel20-reloaded,jsb/data/JsonSchemaStore---pyrseas-0.8,warm,mask_ns,mean,2553.7363465160074,2622.6845574387944,2.699895430350563
static-panel20-reloaded,jsb/data/JsonSchemaStore---pyrseas-0.8,warm,mask_ns,p99,7292.909999999998,8346.534999999993,14.447250823059576
static-panel20-reloaded,jsb/data/JsonSchemaStore---pyrseas-0.8,warm,mask_ns,max,16979.0,23604.0,39.01878791448259
static-panel20-reloaded,jsb/data/JsonSchemaStore---pyrseas-0.8,warm,tbm_ns,mean,5516.35852165725,4542.700800376648,-17.650370574320316
static-panel20-reloaded,jsb/data/JsonSchemaStore---pyrseas-0.8,warm,tbm_ns,p99,12147.679999999997,12262.364999999998,0.9440897356532307
static-panel20-reloaded,jsb/data/JsonSchemaStore---pyrseas-0.8,warm,tbm_ns,max,31166.5,38791.5,24.465371472574727
static-panel20-reloaded,jsb/data/Github_hard---o12335,cold,commit_ns,mean,2244.0073828920567,1281.68966395112,-42.883892730366604
static-panel20-reloaded,jsb/data/Github_hard---o12335,cold,commit_ns,p99,5181.965,4667.0,-9.937639486179473
static-panel20-reloaded,jsb/data/Github_hard---o12335,cold,commit_ns,max,29416.5,21416.5,-27.195621504937705
static-panel20-reloaded,jsb/data/Github_hard---o12335,cold,mask_ns,mean,1896.15733197556,1860.6131619144603,-1.874536962819806
static-panel20-reloaded,jsb/data/Github_hard---o12335,cold,mask_ns,p99,4545.625000000002,4208.365,-7.419441770933632
static-panel20-reloaded,jsb/data/Github_hard---o12335,cold,mask_ns,max,18375.0,19333.5,5.216326530612236
static-panel20-reloaded,jsb/data/Github_hard---o12335,cold,tbm_ns,mean,4132.28984215886,3139.098014256619,-24.034902338393593
static-panel20-reloaded,jsb/data/Github_hard---o12335,cold,tbm_ns,p99,9327.465,8541.865,-8.42243846532793
static-panel20-reloaded,jsb/data/Github_hard---o12335,cold,tbm_ns,max,32687.5,35479.0,8.539961759082226
static-panel20-reloaded,jsb/data/Github_hard---o12335,warm1,commit_ns,mean,2235.628818737271,1256.4613034623217,-43.79830439956501
static-panel20-reloaded,jsb/data/Github_hard---o12335,warm1,commit_ns,p99,5015.195,4562.0,-9.036438264115343
static-panel20-reloaded,jsb/data/Github_hard---o12335,warm1,commit_ns,max,27895.5,21395.5,-23.301249305443527
static-panel20-reloaded,jsb/data/Github_hard---o12335,warm1,mask_ns,mean,1916.2792769857433,1855.4540478615072,-3.1741317591198137
static-panel20-reloaded,jsb/data/Github_hard---o12335,warm1,mask_ns,p99,4479.365,4181.965,-6.639333923446733
static-panel20-reloaded,jsb/data/Github_hard---o12335,warm1,mask_ns,max,24291.5,18791.0,-22.64372311302307
static-panel20-reloaded,jsb/data/Github_hard---o12335,warm1,tbm_ns,mean,4151.908095723014,3111.823065173116,-25.050771996165246
static-panel20-reloaded,jsb/data/Github_hard---o12335,warm1,tbm_ns,p99,9028.615000000002,8661.33,-4.06801043127879
static-panel20-reloaded,jsb/data/Github_hard---o12335,warm1,tbm_ns,max,40916.5,34583.0,-15.479085454523233
static-panel20-reloaded,jsb/data/Github_hard---o12335,warm,commit_ns,mean,2236.3879837067207,1271.3398251866938,-43.152090136010266
static-panel20-reloaded,jsb/data/Github_hard---o12335,warm,commit_ns,p99,5440.9850000000015,4736.470000000003,-12.948298883382304
static-panel20-reloaded,jsb/data/Github_hard---o12335,warm,commit_ns,max,32499.5,26958.5,-17.049493069124143
static-panel20-reloaded,jsb/data/Github_hard---o12335,warm,mask_ns,mean,1907.6911490156144,1856.0387813985064,-2.7075854308891145
static-panel20-reloaded,jsb/data/Github_hard---o12335,warm,mask_ns,p99,4521.0,4208.585,-6.910307454103071
static-panel20-reloaded,jsb/data/Github_hard---o12335,warm,mask_ns,max,38937.0,25208.0,-35.259521791612094
static-panel20-reloaded,jsb/data/Github_hard---o12335,warm,tbm_ns,mean,4144.079132722335,3129.467455872369,-24.483404982265522
static-panel20-reloaded,jsb/data/Github_hard---o12335,warm,tbm_ns,p99,9319.970000000003,8673.970000000003,-6.931352783324407
static-panel20-reloaded,jsb/data/Github_hard---o12335,warm,tbm_ns,max,58124.5,38791.5,-33.26136138805496
static-panel20-reloaded,jsb/data/Github_trivial---o48162,cold,commit_ns,mean,2843.875,1408.875,-50.45932046942991
static-panel20-reloaded,jsb/data/Github_trivial---o48162,cold,commit_ns,p99,11135.284999999996,2653.6549999999997,-76.16895301736776
static-panel20-reloaded,jsb/data/Github_trivial---o48162,cold,commit_ns,max,11791.5,2729.5,-76.85196963914684
static-panel20-reloaded,jsb/data/Github_trivial---o48162,cold,mask_ns,mean,7867.1875,6817.75,-13.339424031777558
static-panel20-reloaded,jsb/data/Github_trivial---o48162,cold,mask_ns,p99,11343.5,10481.094999999998,-7.602635870763019
static-panel20-reloaded,jsb/data/Github_trivial---o48162,cold,mask_ns,max,11395.5,10729.0,-5.848799964898421
static-panel20-reloaded,jsb/data/Github_trivial---o48162,cold,tbm_ns,mean,10783.8125,8195.375,-24.002990593540087
static-panel20-reloaded,jsb/data/Github_trivial---o48162,cold,tbm_ns,p99,22057.874999999996,13084.035,-40.68315737576715
static-panel20-reloaded,jsb/data/Github_trivial---o48162,cold,tbm_ns,max,22771.0,13416.5,-41.080760616573706
static-panel20-reloaded,jsb/data/Github_trivial---o48162,warm1,commit_ns,mean,1299.5625,1038.9375,-20.05482614341365
static-panel20-reloaded,jsb/data/Github_trivial---o48162,warm1,commit_ns,p99,1898.0899999999997,1548.5349999999999,-18.416144650675147
static-panel20-reloaded,jsb/data/Github_trivial---o48162,warm1,commit_ns,max,1937.5,1583.5,-18.270967741935486
static-panel20-reloaded,jsb/data/Github_trivial---o48162,warm1,mask_ns,mean,6156.375,5906.25,-4.062861667783391
static-panel20-reloaded,jsb/data/Github_trivial---o48162,warm1,mask_ns,p99,7245.3099999999995,7042.655,-2.7970507818160906
static-panel20-reloaded,jsb/data/Github_trivial---o48162,warm1,mask_ns,max,7292.0,7083.5,-2.85929786066923
static-panel20-reloaded,jsb/data/Github_trivial---o48162,warm1,tbm_ns,mean,7513.0625,6945.1875,-7.558502275204015
static-panel20-reloaded,jsb/data/Github_trivial---o48162,warm1,tbm_ns,p99,9172.59,8579.465,-6.466276155371597
static-panel20-reloaded,jsb/data/Github_trivial---o48162,warm1,tbm_ns,max,9229.5,8667.0,-6.0945880058508095
static-panel20-reloaded,jsb/data/Github_trivial---o48162,warm,commit_ns,mean,1254.3333333333333,1100.7708333333335,-12.242559128355024
static-panel20-reloaded,jsb/data/Github_trivial---o48162,warm,commit_ns,p99,1902.2949999999998,2436.8849999999993,28.102371083349297
static-panel20-reloaded,jsb/data/Github_trivial---o48162,warm,commit_ns,max,1979.0,2646.0,33.703890853966655
static-panel20-reloaded,jsb/data/Github_trivial---o48162,warm,mask_ns,mean,6018.3125,6111.979166666666,1.5563609677408108
static-panel20-reloaded,jsb/data/Github_trivial---o48162,warm,mask_ns,p99,7289.25,8741.974999999999,19.92969098329731
static-panel20-reloaded,jsb/data/Github_trivial---o48162,warm,mask_ns,max,7375.5,9125.5,23.727204935258616
static-panel20-reloaded,jsb/data/Github_trivial---o48162,warm,tbm_ns,mean,7272.645833333333,7261.333333333334,-0.15554861682043342
static-panel20-reloaded,jsb/data/Github_trivial---o48162,warm,tbm_ns,p99,9268.305,11470.18,23.757040796564198
static-panel20-reloaded,jsb/data/Github_trivial---o48162,warm,tbm_ns,max,9417.0,11604.5,23.229266220664748
static-panel20-reloaded,jsb/data/Github_hard---o61026,cold,commit_ns,mean,2622.6790830945556,1664.4534383954156,-36.53613783233094
static-panel20-reloaded,jsb/data/Github_hard---o61026,cold,commit_ns,p99,6984.625000000009,5460.345000000003,-21.823362027310043
static-panel20-reloaded,jsb/data/Github_hard---o61026,cold,commit_ns,max,26166.5,28812.5,10.11216631953069
static-panel20-reloaded,jsb/data/Github_hard---o61026,cold,mask_ns,mean,2644.277041547278,2635.7988896848137,-0.3206226779287502
static-panel20-reloaded,jsb/data/Github_hard---o61026,cold,mask_ns,p99,5834.890000000003,5687.5,-2.5260116300393487
static-panel20-reloaded,jsb/data/Github_hard---o61026,cold,mask_ns,max,26833.0,20396.0,-23.989117877240705
static-panel20-reloaded,jsb/data/Github_hard---o61026,cold,tbm_ns,mean,5262.010028653295,4311.456303724928,-18.064460534136273
static-panel20-reloaded,jsb/data/Github_hard---o61026,cold,tbm_ns,p99,12321.905000000015,10628.280000000006,-13.744830852047695
static-panel20-reloaded,jsb/data/Github_hard---o61026,cold,tbm_ns,max,44521.0,44583.5,0.14038318995530652
static-panel20-reloaded,jsb/data/Github_hard---o61026,warm1,commit_ns,mean,2622.837929799427,1644.6051217765043,-37.29673102972587
static-panel20-reloaded,jsb/data/Github_hard---o61026,warm1,commit_ns,p99,6704.375000000027,5420.690000000006,-19.14697492309151
static-panel20-reloaded,jsb/data/Github_hard---o61026,warm1,commit_ns,max,30396.0,17312.5,-43.04349256481116
static-panel20-reloaded,jsb/data/Github_hard---o61026,warm1,mask_ns,mean,2633.7080945558737,2646.870702005731,0.4997747273915998
static-panel20-reloaded,jsb/data/Github_hard---o61026,warm1,mask_ns,p99,5791.545,5730.935000000003,-1.046525581688429
static-panel20-reloaded,jsb/data/Github_hard---o61026,warm1,mask_ns,max,26958.5,19958.5,-25.965836378136764
static-panel20-reloaded,jsb/data/Github_hard---o61026,warm1,tbm_ns,mean,5251.20952722063,4285.638968481376,-18.387583922028593
static-panel20-reloaded,jsb/data/Github_hard---o61026,warm1,tbm_ns,p99,12134.360000000015,10397.890000000003,-14.310355057868806
static-panel20-reloaded,jsb/data/Github_hard---o61026,warm1,tbm_ns,max,39187.5,30334.0,-22.59266347687401
static-panel20-reloaded,jsb/data/Github_hard---o61026,warm,commit_ns,mean,2613.4579154727794,1658.9496776504297,-36.5228088109342
static-panel20-reloaded,jsb/data/Github_hard---o61026,warm,commit_ns,p99,6755.625,5521.0,-18.275511148117307
static-panel20-reloaded,jsb/data/Github_hard---o61026,warm,commit_ns,max,37709.0,25000.0,-33.70282956323424
static-panel20-reloaded,jsb/data/Github_hard---o61026,warm,mask_ns,mean,2627.840377268386,2632.428426456542,0.17459390714307244
static-panel20-reloaded,jsb/data/Github_hard---o61026,warm,mask_ns,p99,5708.125,5708.5,0.006569582831494891
static-panel20-reloaded,jsb/data/Github_hard---o61026,warm,mask_ns,max,33499.5,25208.5,-24.749623128703412
static-panel20-reloaded,jsb/data/Github_hard---o61026,warm,tbm_ns,mean,5229.904011461318,4280.448424068768,-18.154359722698942
static-panel20-reloaded,jsb/data/Github_hard---o61026,warm,tbm_ns,p99,12083.0,10500.125,-13.10001655218075
static-panel20-reloaded,jsb/data/Github_hard---o61026,warm,tbm_ns,max,49000.0,42729.5,-12.796938775510203
static-panel20-reloaded,jsb/data/JsonSchemaStore---codecov,cold,commit_ns,mean,4440.270659833441,1788.1832158872517,-59.72805820007538
static-panel20-reloaded,jsb/data/JsonSchemaStore---codecov,cold,commit_ns,p99,11232.780000000006,5711.780000000006,-49.15078902996406
static-panel20-reloaded,jsb/data/JsonSchemaStore---codecov,cold,commit_ns,max,40187.5,22458.0,-44.11695178849144
static-panel20-reloaded,jsb/data/JsonSchemaStore---codecov,cold,mask_ns,mean,3272.991458466795,3115.9454409566515,-4.798240982385893
static-panel20-reloaded,jsb/data/JsonSchemaStore---codecov,cold,mask_ns,p99,6657.160000000018,6087.190000000006,-8.56175906843174
static-panel20-reloaded,jsb/data/JsonSchemaStore---codecov,cold,mask_ns,max,28500.0,28562.5,0.21929824561404132
static-panel20-reloaded,jsb/data/JsonSchemaStore---codecov,cold,tbm_ns,mean,7713.262118300235,4912.905936365578,-36.3057308177123
static-panel20-reloaded,jsb/data/JsonSchemaStore---codecov,cold,tbm_ns,p99,16903.470000000012,11303.160000000018,-33.13112633086573
static-panel20-reloaded,jsb/data/JsonSchemaStore---codecov,cold,tbm_ns,max,60458.5,33416.5,-44.72820198979465
static-panel20-reloaded,jsb/data/JsonSchemaStore---codecov,warm1,commit_ns,mean,4421.126094383942,1752.898462524023,-60.35176502315347
static-panel20-reloaded,jsb/data/JsonSchemaStore---codecov,warm1,commit_ns,p99,12286.030000000024,5444.970000000012,-55.6816156235985
static-panel20-reloaded,jsb/data/JsonSchemaStore---codecov,warm1,commit_ns,max,49396.0,35292.0,-28.55291926471779
static-panel20-reloaded,jsb/data/JsonSchemaStore---codecov,warm1,mask_ns,mean,3284.255071535341,3085.4062566730727,-6.054609356797291
static-panel20-reloaded,jsb/data/JsonSchemaStore---codecov,warm1,mask_ns,p99,6608.190000000006,5958.5,-9.831587772143436
static-panel20-reloaded,jsb/data/JsonSchemaStore---codecov,warm1,mask_ns,max,24750.0,24104.0,-2.610101010101007
static-panel20-reloaded,jsb/data/JsonSchemaStore---codecov,warm1,tbm_ns,mean,7713.255498612001,4817.649690369421,-37.540644268346156
static-panel20-reloaded,jsb/data/JsonSchemaStore---codecov,warm1,tbm_ns,p99,17923.560000000012,10815.870000000006,-39.65557065672222
static-panel20-reloaded,jsb/data/JsonSchemaStore---codecov,warm1,tbm_ns,max,61062.5,48708.0,-20.232548618219038
static-panel20-reloaded,jsb/data/JsonSchemaStore---codecov,warm,commit_ns,mean,4434.406399031959,1753.2742543953304,-60.462030390852895
static-panel20-reloaded,jsb/data/JsonSchemaStore---codecov,warm,commit_ns,p99,12156.660000000009,5666.5,-53.3876903689007
static-panel20-reloaded,jsb/data/JsonSchemaStore---codecov,warm,commit_ns,max,63333.5,38812.5,-38.71726653350912
static-panel20-reloaded,jsb/data/JsonSchemaStore---codecov,warm,mask_ns,mean,3271.198946544238,3096.2004413125487,-5.349674785648895
static-panel20-reloaded,jsb/data/JsonSchemaStore---codecov,warm,mask_ns,p99,6698.160000000009,5979.5,-10.729215187454589
static-panel20-reloaded,jsb/data/JsonSchemaStore---codecov,warm,mask_ns,max,34500.0,34479.5,-0.059420289855072195
static-panel20-reloaded,jsb/data/JsonSchemaStore---codecov,warm,tbm_ns,mean,7704.419175742046,4848.29742330415,-37.07121441977891
static-panel20-reloaded,jsb/data/JsonSchemaStore---codecov,warm,tbm_ns,p99,17542.580000000016,10864.660000000009,-38.066920601188656
static-panel20-reloaded,jsb/data/JsonSchemaStore---codecov,warm,tbm_ns,max,81562.0,54396.0,-33.30717736200681
static-panel20-reloaded,jsb/data/Github_easy---o37787,cold,commit_ns,mean,2118.855472013367,1541.2105263157896,-27.262121146407914
static-panel20-reloaded,jsb/data/Github_easy---o37787,cold,commit_ns,p99,5903.479999999993,4721.359999999988,-20.024121365703053
static-panel20-reloaded,jsb/data/Github_easy---o37787,cold,commit_ns,max,15020.5,12104.0,-19.416797044039814
static-panel20-reloaded,jsb/data/Github_easy---o37787,cold,mask_ns,mean,2336.5710108604844,2321.5534670008356,-0.6427172035365802
static-panel20-reloaded,jsb/data/Github_easy---o37787,cold,mask_ns,p99,5750.82,5756.679999999994,0.10189851186428456
static-panel20-reloaded,jsb/data/Github_easy---o37787,cold,mask_ns,max,16708.0,12416.5,-25.685300454871918
static-panel20-reloaded,jsb/data/Github_easy---o37787,cold,tbm_ns,mean,4457.718045112782,3874.527568922306,-13.082713403775214
static-panel20-reloaded,jsb/data/Github_easy---o37787,cold,tbm_ns,p99,10757.499999999993,9525.999999999996,-11.447827097373898
static-panel20-reloaded,jsb/data/Github_easy---o37787,cold,tbm_ns,max,28916.0,21063.0,-27.15797482362706
static-panel20-reloaded,jsb/data/Github_easy---o37787,warm1,commit_ns,mean,2093.6002506265663,1565.766917293233,-25.211753446025085
static-panel20-reloaded,jsb/data/Github_easy---o37787,warm1,commit_ns,p99,5439.1799999999985,4848.499999999986,-10.85972517916326
static-panel20-reloaded,jsb/data/Github_easy---o37787,warm1,commit_ns,max,13958.5,18000.0,28.95368413511481
static-panel20-reloaded,jsb/data/Github_easy---o37787,warm1,mask_ns,mean,2309.560568086884,2327.497076023392,0.7766199416612718
static-panel20-reloaded,jsb/data/Github_easy---o37787,warm1,mask_ns,p99,5819.979999999993,6159.819999999988,5.83919532369519
static-panel20-reloaded,jsb/data/Github_easy---o37787,warm1,mask_ns,max,12187.5,19854.5,62.90871794871795
static-panel20-reloaded,jsb/data/Github_easy---o37787,warm1,tbm_ns,mean,4391.292397660818,3893.2218045112786,-11.342232492075798
static-panel20-reloaded,jsb/data/Github_easy---o37787,warm1,tbm_ns,p99,9925.319999999992,9995.679999999986,0.7088940205453698
static-panel20-reloaded,jsb/data/Github_easy---o37787,warm1,tbm_ns,max,22375.0,29188.0,30.44916201117318
static-panel20-reloaded,jsb/data/Github_easy---o37787,warm,commit_ns,mean,2080.0261765524924,1538.1847674742412,-26.049739911269675
static-panel20-reloaded,jsb/data/Github_easy---o37787,warm,commit_ns,p99,5694.199999999994,4877.049999999998,-14.350567243862123
static-panel20-reloaded,jsb/data/Github_easy---o37787,warm,commit_ns,max,23812.5,24333.0,2.185826771653554
static-panel20-reloaded,jsb/data/Github_easy---o37787,warm,mask_ns,mean,2278.299359509886,2327.9984683932053,2.181412581971265
static-panel20-reloaded,jsb/data/Github_easy---o37787,warm,mask_ns,p99,5460.049999999998,5739.3999999999905,5.116253514161806
static-panel20-reloaded,jsb/data/Github_easy---o37787,warm,mask_ns,max,21875.0,23208.0,6.09371428571428
static-panel20-reloaded,jsb/data/Github_easy---o37787,warm,tbm_ns,mean,4357.316624895572,3875.7467279309385,-11.051983099258367
static-panel20-reloaded,jsb/data/Github_easy---o37787,warm,tbm_ns,p99,10337.649999999996,9460.599999999999,-8.484036507329984
static-panel20-reloaded,jsb/data/Github_easy---o37787,warm,tbm_ns,max,33062.5,36541.5,10.522495274102074
static-panel20-reloaded,jsb/data/JsonSchemaStore---jscsrc,cold,commit_ns,mean,2701.7887596899227,2497.8158914728683,-7.549549071351668
static-panel20-reloaded,jsb/data/JsonSchemaStore---jscsrc,cold,commit_ns,p99,9900.92500000001,8017.37500000001,-19.023980082669024
static-panel20-reloaded,jsb/data/JsonSchemaStore---jscsrc,cold,commit_ns,max,19145.5,17646.0,-7.832127654017917
static-panel20-reloaded,jsb/data/JsonSchemaStore---jscsrc,cold,mask_ns,mean,3640.4505813953488,3704.592054263566,1.761910275503098
static-panel20-reloaded,jsb/data/JsonSchemaStore---jscsrc,cold,mask_ns,p99,9360.625000000018,8300.050000000001,-11.330172931828963
static-panel20-reloaded,jsb/data/JsonSchemaStore---jscsrc,cold,mask_ns,max,24479.5,17478.5,-28.599440348046322
static-panel20-reloaded,jsb/data/JsonSchemaStore---jscsrc,cold,tbm_ns,mean,6349.247093023256,6205.836240310077,-2.258706435771929
static-panel20-reloaded,jsb/data/JsonSchemaStore---jscsrc,cold,tbm_ns,p99,15952.17500000002,15302.250000000015,-4.074209316284483
static-panel20-reloaded,jsb/data/JsonSchemaStore---jscsrc,cold,tbm_ns,max,30249.5,32791.5,8.40344468503611
static-panel20-reloaded,jsb/data/JsonSchemaStore---jscsrc,warm1,commit_ns,mean,2140.936046511628,1971.2364341085272,-7.926421374407877
static-panel20-reloaded,jsb/data/JsonSchemaStore---jscsrc,warm1,commit_ns,p99,4742.375000000005,5705.400000000019,20.30680829753053
static-panel20-reloaded,jsb/data/JsonSchemaStore---jscsrc,warm1,commit_ns,max,7562.5,17479.0,131.12727272727273
static-panel20-reloaded,jsb/data/JsonSchemaStore---jscsrc,warm1,mask_ns,mean,3437.093023255814,3468.983527131783,0.9278335983400332
static-panel20-reloaded,jsb/data/JsonSchemaStore---jscsrc,warm1,mask_ns,p99,6145.925,7331.200000000006,19.28554285969981
static-panel20-reloaded,jsb/data/JsonSchemaStore---jscsrc,warm1,mask_ns,max,10312.5,11187.0,8.479999999999999
static-panel20-reloaded,jsb/data/JsonSchemaStore---jscsrc,warm1,tbm_ns,mean,5578.925387596899,5439.595930232558,-2.4974246415644608
static-panel20-reloaded,jsb/data/JsonSchemaStore---jscsrc,warm1,tbm_ns,p99,9849.950000000004,11609.350000000013,17.862019604160515
static-panel20-reloaded,jsb/data/JsonSchemaStore---jscsrc,warm1,tbm_ns,max,18083.5,25333.0,40.08903143749827
static-panel20-reloaded,jsb/data/JsonSchemaStore---jscsrc,warm,commit_ns,mean,2179.8410852713178,1960.062338501292,-10.08232885667767
static-panel20-reloaded,jsb/data/JsonSchemaStore---jscsrc,warm,commit_ns,p99,4948.365,5584.494999999999,12.85535727457452
static-panel20-reloaded,jsb/data/JsonSchemaStore---jscsrc,warm,commit_ns,max,18604.0,24625.0,32.36400774027091
static-panel20-reloaded,jsb/data/JsonSchemaStore---jscsrc,warm,mask_ns,mean,3387.2128552971576,3412.455749354005,0.7452408553944467
static-panel20-reloaded,jsb/data/JsonSchemaStore---jscsrc,warm,mask_ns,p99,6804.124999999998,7274.6349999999875,6.915069902448723
static-panel20-reloaded,jsb/data/JsonSchemaStore---jscsrc,warm,mask_ns,max,20667.0,29229.0,41.428364058644206
static-panel20-reloaded,jsb/data/JsonSchemaStore---jscsrc,warm,tbm_ns,mean,5567.053940568476,5380.451550387597,-3.351905553151935
static-panel20-reloaded,jsb/data/JsonSchemaStore---jscsrc,warm,tbm_ns,p99,10932.374999999995,11356.754999999997,3.8818646451480365
static-panel20-reloaded,jsb/data/JsonSchemaStore---jscsrc,warm,tbm_ns,max,37125.0,38666.5,4.1521885521885515
static-panel20-reloaded,jsb/data/Github_medium---o90755,cold,commit_ns,mean,1492.640365448505,1168.1088039867109,-21.742113436968435
static-panel20-reloaded,jsb/data/Github_medium---o90755,cold,commit_ns,p99,4038.1700000000033,3123.460000000001,-22.651597134345547
static-panel20-reloaded,jsb/data/Github_medium---o90755,cold,commit_ns,max,13021.0,4604.5,-64.63789263497426
static-panel20-reloaded,jsb/data/Github_medium---o90755,cold,mask_ns,mean,2083.602990033223,2029.8588039867109,-2.579387066710581
static-panel20-reloaded,jsb/data/Github_medium---o90755,cold,mask_ns,p99,5749.035000000002,4165.665000000001,-27.541491746006074
static-panel20-reloaded,jsb/data/Github_medium---o90755,cold,mask_ns,max,11333.0,7625.0,-32.71860937086385
static-panel20-reloaded,jsb/data/Github_medium---o90755,cold,tbm_ns,mean,3575.5415282392023,3187.975083056478,-10.839377535452199
static-panel20-reloaded,jsb/data/Github_medium---o90755,cold,tbm_ns,p99,9245.705000000005,7410.6700000000055,-19.847431861604914
static-panel20-reloaded,jsb/data/Github_medium---o90755,cold,tbm_ns,max,22021.0,10271.0,-53.35815812179283
static-panel20-reloaded,jsb/data/Github_medium---o90755,warm1,commit_ns,mean,1326.965946843854,1073.5091362126245,-19.100475881394573
static-panel20-reloaded,jsb/data/Github_medium---o90755,warm1,commit_ns,p99,2416.785,2228.585,-7.7872049023806404
static-panel20-reloaded,jsb/data/Github_medium---o90755,warm1,commit_ns,max,2792.0,3541.5,26.84455587392549
static-panel20-reloaded,jsb/data/Github_medium---o90755,warm1,mask_ns,mean,1963.0747508305649,2026.3222591362126,3.2218593957712427
static-panel20-reloaded,jsb/data/Github_medium---o90755,warm1,mask_ns,p99,3893.710000000002,5163.790000000003,32.61876205469849
static-panel20-reloaded,jsb/data/Github_medium---o90755,warm1,mask_ns,max,6562.0,7708.5,17.471807375800054
static-panel20-reloaded,jsb/data/Github_medium---o90755,warm1,tbm_ns,mean,3292.4742524916946,3102.000830564784,-5.785115002274155
static-panel20-reloaded,jsb/data/Github_medium---o90755,warm1,tbm_ns,p99,5541.29,6914.420000000002,24.779970006983977
static-panel20-reloaded,jsb/data/Github_medium---o90755,warm1,tbm_ns,max,8479.0,9541.5,12.530958839485784
static-panel20-reloaded,jsb/data/Github_medium---o90755,warm,commit_ns,mean,1364.8474529346622,1134.3729235880398,-16.886468070190674
static-panel20-reloaded,jsb/data/Github_medium---o90755,warm,commit_ns,p99,2708.975,2724.850000000004,0.5860150056757218
static-panel20-reloaded,jsb/data/Github_medium---o90755,warm,commit_ns,max,12896.0,21229.5,64.62081265508685
static-panel20-reloaded,jsb/data/Github_medium---o90755,warm,mask_ns,mean,2018.4939091915835,2037.3009413067552,0.9317358863224934
static-panel20-reloaded,jsb/data/Github_medium---o90755,warm,mask_ns,p99,4969.650000000009,5143.925000000002,3.5067861921864285
static-panel20-reloaded,jsb/data/Github_medium---o90755,warm,mask_ns,max,15812.5,17771.0,12.385770750988145
static-panel20-reloaded,jsb/data/Github_medium---o90755,warm,tbm_ns,mean,3377.1495016611298,3171.673864894795,-6.084291994336255
static-panel20-reloaded,jsb/data/Github_medium---o90755,warm,tbm_ns,p99,8161.300000000005,7661.775000000005,-6.120654797642522
static-panel20-reloaded,jsb/data/Github_medium---o90755,warm,tbm_ns,max,25521.0,33542.0,31.429019239058032
static-panel20-reloaded,jsb/data/Github_hard---o35186,cold,commit_ns,mean,1712.2039835164835,1493.5322802197802,-12.771358167710867
static-panel20-reloaded,jsb/data/Github_hard---o35186,cold,commit_ns,p99,4734.330000000009,4085.4450000000024,-13.70595205657411
static-panel20-reloaded,jsb/data/Github_hard---o35186,cold,commit_ns,max,13437.5,8750.0,-34.883720930232556
static-panel20-reloaded,jsb/data/Github_hard---o35186,cold,mask_ns,mean,2607.9848901098903,2576.559065934066,-1.2049849021364634
static-panel20-reloaded,jsb/data/Github_hard---o35186,cold,mask_ns,p99,5882.385000000002,5295.760000000001,-9.972570649489976
static-panel20-reloaded,jsb/data/Github_hard---o35186,cold,mask_ns,max,12521.0,9208.0,-26.459547959428164
static-panel20-reloaded,jsb/data/Github_hard---o35186,cold,tbm_ns,mean,4320.188873626374,4052.5528846153848,-6.195006673084058
static-panel20-reloaded,jsb/data/Github_hard---o35186,cold,tbm_ns,p99,10361.545000000013,7991.010000000004,-22.878200113979197
static-panel20-reloaded,jsb/data/Github_hard---o35186,cold,tbm_ns,max,24770.5,16145.5,-34.81964433499526
static-panel20-reloaded,jsb/data/Github_hard---o35186,warm1,commit_ns,mean,1549.088598901099,1404.0370879120878,-9.363667842621048
static-panel20-reloaded,jsb/data/Github_hard---o35186,warm1,commit_ns,p99,2863.795000000001,3129.125000000001,9.26497881307844
static-panel20-reloaded,jsb/data/Github_hard---o35186,warm1,commit_ns,max,4625.5,9062.5,95.92476489028212
static-panel20-reloaded,jsb/data/Github_hard---o35186,warm1,mask_ns,mean,2416.7554945054944,2561.1195054945056,5.973463650635047
static-panel20-reloaded,jsb/data/Github_hard---o35186,warm1,mask_ns,p99,4608.125000000002,5197.160000000001,12.78253085582528
static-panel20-reloaded,jsb/data/Github_hard---o35186,warm1,mask_ns,max,6458.5,10208.5,58.06301772857474
static-panel20-reloaded,jsb/data/Github_hard---o35186,warm1,tbm_ns,mean,3965.8440934065934,3974.8763736263736,0.22775177256202372
static-panel20-reloaded,jsb/data/Github_hard---o35186,warm1,tbm_ns,p99,6842.795,7689.580000000003,12.374840982376401
static-panel20-reloaded,jsb/data/Github_hard---o35186,warm1,tbm_ns,max,10229.0,16479.0,61.10079186626258
static-panel20-reloaded,jsb/data/Github_hard---o35186,warm,commit_ns,mean,1604.8628663003662,1424.5290750915751,-11.23671031310658
static-panel20-reloaded,jsb/data/Github_hard---o35186,warm,commit_ns,p99,3503.1550000000016,3545.0700000000015,1.1964928757077553
static-panel20-reloaded,jsb/data/Github_hard---o35186,warm,commit_ns,max,13062.5,26000.0,99.04306220095694
static-panel20-reloaded,jsb/data/Github_hard---o35186,warm,mask_ns,mean,2497.404304029304,2565.427655677656,2.72376208924614
static-panel20-reloaded,jsb/data/Github_hard---o35186,warm,mask_ns,p99,5337.0700000000015,5461.9850000000015,2.340516425679251
static-panel20-reloaded,jsb/data/Github_hard---o35186,warm,mask_ns,max,18750.5,24375.0,29.996533425775308
static-panel20-reloaded,jsb/data/Github_hard---o35186,warm,tbm_ns,mean,4102.578296703297,3991.1485805860802,-2.7160899331710175
static-panel20-reloaded,jsb/data/Github_hard---o35186,warm,tbm_ns,p99,8021.0,7906.5400000000045,-1.42700411420017
static-panel20-reloaded,jsb/data/Github_hard---o35186,warm,tbm_ns,max,25958.0,38667.0,48.95985823252946
static-panel20-reloaded,jsb/data/Kubernetes---kb_151_Normalized,cold,commit_ns,mean,2224.9717741935483,1836.6935483870968,-17.450928156029523
static-panel20-reloaded,jsb/data/Kubernetes---kb_151_Normalized,cold,commit_ns,p99,8141.7599999999875,5590.534999999996,-31.335055319734252
static-panel20-reloaded,jsb/data/Kubernetes---kb_151_Normalized,cold,commit_ns,max,13146.0,6229.0,-52.616765556062674
static-panel20-reloaded,jsb/data/Kubernetes---kb_151_Normalized,cold,mask_ns,mean,3044.560483870968,2702.9435483870966,-11.220566557755706
static-panel20-reloaded,jsb/data/Kubernetes---kb_151_Normalized,cold,mask_ns,p99,10995.454999999998,6529.204999999998,-40.61905578259382
static-panel20-reloaded,jsb/data/Kubernetes---kb_151_Normalized,cold,mask_ns,max,12646.5,7437.5,-41.18926185110505
static-panel20-reloaded,jsb/data/Kubernetes---kb_151_Normalized,cold,tbm_ns,mean,5269.532258064516,4537.79435483871,-13.886202178683904
static-panel20-reloaded,jsb/data/Kubernetes---kb_151_Normalized,cold,tbm_ns,p99,16756.53499999999,11140.339999999997,-33.5164459716761
static-panel20-reloaded,jsb/data/Kubernetes---kb_151_Normalized,cold,tbm_ns,max,21479.0,12729.0,-40.737464500209505
static-panel20-reloaded,jsb/data/Kubernetes---kb_151_Normalized,warm1,commit_ns,mean,1596.4153225806454,1379.2298387096776,-13.60457274488458
static-panel20-reloaded,jsb/data/Kubernetes---kb_151_Normalized,warm1,commit_ns,p99,2395.885,2727.374999999999,13.835805975662385
static-panel20-reloaded,jsb/data/Kubernetes---kb_151_Normalized,warm1,commit_ns,max,2583.5,2833.0,9.657441455389982
static-panel20-reloaded,jsb/data/Kubernetes---kb_151_Normalized,warm1,mask_ns,mean,2475.1935483870966,2435.657258064516,-1.5973009604983601
static-panel20-reloaded,jsb/data/Kubernetes---kb_151_Normalized,warm1,mask_ns,p99,5832.839999999994,4799.535,-17.715298208076945
static-panel20-reloaded,jsb/data/Kubernetes---kb_151_Normalized,warm1,mask_ns,max,6500.5,5521.0,-15.068071686793328
static-panel20-reloaded,jsb/data/Kubernetes---kb_151_Normalized,warm1,tbm_ns,mean,4071.608870967742,3814.887096774193,-6.30516786678802
static-panel20-reloaded,jsb/data/Kubernetes---kb_151_Normalized,warm1,tbm_ns,p99,7671.054999999995,6888.134999999999,-10.206158083861949
static-panel20-reloaded,jsb/data/Kubernetes---kb_151_Normalized,warm1,tbm_ns,max,8354.5,7292.0,-12.71769704949428
static-panel20-reloaded,jsb/data/Kubernetes---kb_151_Normalized,warm,commit_ns,mean,1569.766129032258,1356.2540322580644,-13.601522725287829
static-panel20-reloaded,jsb/data/Kubernetes---kb_151_Normalized,warm,commit_ns,p99,2387.1800000000007,2678.8250000000007,12.217134862054802
static-panel20-reloaded,jsb/data/Kubernetes---kb_151_Normalized,warm,commit_ns,max,2604.5,2833.0,8.773277020541382
static-panel20-reloaded,jsb/data/Kubernetes---kb_151_Normalized,warm,mask_ns,mean,2383.345430107527,2417.0282258064517,1.413256982115474
static-panel20-reloaded,jsb/data/Kubernetes---kb_151_Normalized,warm,mask_ns,p99,4620.785000000009,4587.0700000000015,-0.729637929486171
static-panel20-reloaded,jsb/data/Kubernetes---kb_151_Normalized,warm,mask_ns,max,6500.5,5875.0,-9.62233674332743
static-panel20-reloaded,jsb/data/Kubernetes---kb_151_Normalized,warm,tbm_ns,mean,3947.1236559139784,3770.587365591398,-4.472530017094245
static-panel20-reloaded,jsb/data/Kubernetes---kb_151_Normalized,warm,tbm_ns,p99,6450.020000000004,6658.390000000001,3.2305326185034566
static-panel20-reloaded,jsb/data/Kubernetes---kb_151_Normalized,warm,tbm_ns,max,8354.5,7583.5,-9.228559458974207
static-js-fresh,grammar_glrm/js/js,cold,commit_ns,mean,4116.5770919736515,2659.802024884118,-35.38801860239419
static-js-fresh,grammar_glrm/js/js,cold,commit_ns,p99,26007.91999999999,9750.42,-62.50980470564349
static-js-fresh,grammar_glrm/js/js,cold,commit_ns,max,91708.0,37646.0,-58.95014611593318
static-js-fresh,grammar_glrm/js/js,cold,mask_ns,mean,13832.869480361063,13638.51390583069,-1.4050271695710381
static-js-fresh,grammar_glrm/js/js,cold,mask_ns,p99,33818.329999999994,33317.49999999999,-1.4809424356554635
static-js-fresh,grammar_glrm/js/js,cold,mask_ns,max,89416.5,78791.5,-11.882594375758393
static-js-fresh,grammar_glrm/js/js,cold,tbm_ns,mean,17982.71944376677,16302.060014637716,-9.345969247780317
static-js-fresh,grammar_glrm/js/js,cold,tbm_ns,p99,53596.06999999999,40812.91,-23.85092787586849
static-js-fresh,grammar_glrm/js/js,cold,tbm_ns,max,117166.5,96645.5,-17.514391912364026
static-js-fresh,grammar_glrm/js/js,warm1,commit_ns,mean,3938.229934130276,2645.1569895096363,-32.83386105555576
static-js-fresh,grammar_glrm/js/js,warm1,commit_ns,p99,25168.59,9479.839999999998,-62.334640120880835
static-js-fresh,grammar_glrm/js/js,warm1,commit_ns,max,57708.0,36521.0,-36.71414708532612
static-js-fresh,grammar_glrm/js/js,warm1,mask_ns,mean,13671.105269577947,13612.113564283973,-0.43150648122978197
static-js-fresh,grammar_glrm/js/js,warm1,mask_ns,p99,33398.0,33899.24999999999,1.50083837355528
static-js-fresh,grammar_glrm/js/js,warm1,mask_ns,max,82812.0,69083.5,-16.577911413804756
static-js-fresh,grammar_glrm/js/js,warm1,tbm_ns,mean,17621.317882410345,16230.795071968772,-7.891139696365146
static-js-fresh,grammar_glrm/js/js,warm1,tbm_ns,p99,52584.25,40877.91,-22.26206516209701
static-js-fresh,grammar_glrm/js/js,warm1,tbm_ns,max,111438.0,82750.0,-25.743462732640577
static-js-fresh,grammar_glrm/js/js,warm,commit_ns,mean,3981.069529153452,2623.603155241116,-34.098032299400515
static-js-fresh,grammar_glrm/js/js,warm,commit_ns,p99,25500.0,9333.83999999998,-63.39670588235302
static-js-fresh,grammar_glrm/js/js,warm,commit_ns,max,79771.0,42458.5,-46.77451705507014
static-js-fresh,grammar_glrm/js/js,warm,mask_ns,mean,13682.231804505165,13567.101284866229,-0.8414600869503408
static-js-fresh,grammar_glrm/js/js,warm,mask_ns,p99,33816.6799999999,33250.0,-1.6757410839854825
static-js-fresh,grammar_glrm/js/js,warm,mask_ns,max,86520.5,76333.5,-11.774088221866496
static-js-fresh,grammar_glrm/js/js,warm,tbm_ns,mean,17663.301333658615,16190.808571196227,-8.336452708625053
static-js-fresh,grammar_glrm/js/js,warm,tbm_ns,p99,52812.5,40396.83999999998,-23.508942011834357
static-js-fresh,grammar_glrm/js/js,warm,tbm_ns,max,124062.5,99062.0,-20.15153652392947
static-js-reloaded,grammar_glrm/js/js,cold,commit_ns,mean,3857.7499390095145,2617.538424005855,-32.14857195544629
static-js-reloaded,grammar_glrm/js/js,cold,commit_ns,p99,24211.42,9500.84,-60.75884851033106
static-js-reloaded,grammar_glrm/js/js,cold,commit_ns,max,64833.5,42791.5,-33.997856046642546
static-js-reloaded,grammar_glrm/js/js,cold,mask_ns,mean,14314.853378872896,14241.361307636009,-0.5133973034285755
static-js-reloaded,grammar_glrm/js/js,cold,mask_ns,p99,34022.17999999999,34417.76,1.1627120895839393
static-js-reloaded,grammar_glrm/js/js,cold,mask_ns,max,81625.5,81062.5,-0.6897354380677623
static-js-reloaded,grammar_glrm/js/js,cold,tbm_ns,mean,18141.954379116858,16857.20761161259,-7.081633768096873
static-js-reloaded,grammar_glrm/js/js,cold,tbm_ns,p99,53029.75,42171.079999999994,-20.47656268415372
static-js-reloaded,grammar_glrm/js/js,cold,tbm_ns,max,118250.0,90625.5,-23.361099365750526
static-js-reloaded,grammar_glrm/js/js,warm1,commit_ns,mean,3883.264698707002,2608.833861917541,-32.81854150230357
static-js-reloaded,grammar_glrm/js/js,warm1,commit_ns,p99,24565.839999999997,9354.43,-61.920984586726924
static-js-reloaded,grammar_glrm/js/js,warm1,commit_ns,max,57104.0,37188.0,-34.87671616699356
static-js-reloaded,grammar_glrm/js/js,warm1,mask_ns,mean,14349.03647231032,14188.495852646987,-1.1188250860824756
static-js-reloaded,grammar_glrm/js/js,warm1,mask_ns,p99,34441.59999999999,34508.74999999999,0.1949677134627903
static-js-reloaded,grammar_glrm/js/js,warm1,mask_ns,max,81271.0,67979.0,-16.35515743623187
static-js-reloaded,grammar_glrm/js/js,warm1,tbm_ns,mean,18256.176750426934,16770.46584532813,-8.138127305675102
static-js-reloaded,grammar_glrm/js/js,warm1,tbm_ns,p99,53297.75,42322.07999999999,-20.593120722732216
static-js-reloaded,grammar_glrm/js/js,warm1,tbm_ns,max,108833.5,91146.0,-16.251889353921356
static-js-reloaded,grammar_glrm/js/js,warm,commit_ns,mean,3884.603683825323,2595.5109376270634,-33.18466569873709
static-js-reloaded,grammar_glrm/js/js,warm,commit_ns,p99,24522.659999999963,9271.819999999982,-62.190806380710754
static-js-reloaded,grammar_glrm/js/js,warm,commit_ns,max,69458.5,55166.5,-20.5763153537724
static-js-reloaded,grammar_glrm/js/js,warm,mask_ns,mean,14340.669106286086,14172.285720094333,-1.1741668742495714
static-js-reloaded,grammar_glrm/js/js,warm,mask_ns,p99,34376.679999999964,34291.52,-0.2477260747691945
static-js-reloaded,grammar_glrm/js/js,warm,mask_ns,max,88312.5,94728.5,7.2651096956829475
static-js-reloaded,grammar_glrm/js/js,warm,tbm_ns,mean,18234.636537366838,16763.446328372775,-8.068108218001857
static-js-reloaded,grammar_glrm/js/js,warm,tbm_ns,p99,52646.0,41605.679999999964,-20.9708619838165
static-js-reloaded,grammar_glrm/js/js,warm,tbm_ns,max,115416.5,101583.0,-11.9857212790199
o2-panel20-fresh,jsb/data/Github_medium---o83131,cold,commit_ns,mean,7910.214285714286,3540.0993197278913,-55.246480160199305
o2-panel20-fresh,jsb/data/Github_medium---o83131,cold,commit_ns,p99,33068.74999999996,16195.02999999997,-51.02618030618034
o2-panel20-fresh,jsb/data/Github_medium---o83131,cold,commit_ns,max,66041.0,38083.5,-42.33355037022456
o2-panel20-fresh,jsb/data/Github_medium---o83131,cold,mask_ns,mean,5993.168707482993,5483.324489795918,-8.50708936410367
o2-panel20-fresh,jsb/data/Github_medium---o83131,cold,mask_ns,p99,42010.27999999998,38957.72999999998,-7.266197702086242
o2-panel20-fresh,jsb/data/Github_medium---o83131,cold,mask_ns,max,108021.0,93583.0,-13.365919589709407
o2-panel20-fresh,jsb/data/Github_medium---o83131,cold,tbm_ns,mean,13927.195578231293,9014.544897959184,-35.27379688665218
o2-panel20-fresh,jsb/data/Github_medium---o83131,cold,tbm_ns,p99,62539.144999999866,47203.77999999999,-24.521225865815577
o2-panel20-fresh,jsb/data/Github_medium---o83131,cold,tbm_ns,max,149208.5,108812.5,-27.07352463163962
o2-panel20-fresh,jsb/data/Github_medium---o83131,warm1,commit_ns,mean,7627.895238095238,3251.77074829932,-57.37001300097404
o2-panel20-fresh,jsb/data/Github_medium---o83131,warm1,commit_ns,p99,31810.259999999977,13808.46999999999,-56.59114386364651
o2-panel20-fresh,jsb/data/Github_medium---o83131,warm1,commit_ns,max,58395.5,27729.0,-52.51517668313483
o2-panel20-fresh,jsb/data/Github_medium---o83131,warm1,mask_ns,mean,2206.74693877551,2084.697619047619,-5.530734747302491
o2-panel20-fresh,jsb/data/Github_medium---o83131,warm1,mask_ns,p99,5184.939999999993,4091.989999999987,-21.079318179188334
o2-panel20-fresh,jsb/data/Github_medium---o83131,warm1,mask_ns,max,31791.5,22791.5,-28.309453784816696
o2-panel20-fresh,jsb/data/Github_medium---o83131,warm1,tbm_ns,mean,9828.504081632653,5348.921088435374,-45.57746485112266
o2-panel20-fresh,jsb/data/Github_medium---o83131,warm1,tbm_ns,p99,35946.14499999999,17555.019999999997,-51.16299675528489
o2-panel20-fresh,jsb/data/Github_medium---o83131,warm1,tbm_ns,max,64895.5,36896.5,-43.14474809501429
o2-panel20-fresh,jsb/data/Github_medium---o83131,warm,commit_ns,mean,7615.130612244898,3247.9438775510203,-57.34880932536567
o2-panel20-fresh,jsb/data/Github_medium---o83131,warm,commit_ns,p99,31596.984999999986,13681.419999999991,-56.70023579781427
o2-panel20-fresh,jsb/data/Github_medium---o83131,warm,commit_ns,max,78312.5,34604.0,-55.81292897047088
o2-panel20-fresh,jsb/data/Github_medium---o83131,warm,mask_ns,mean,2172.0867346938776,2089.187074829932,-3.816590679360188
o2-panel20-fresh,jsb/data/Github_medium---o83131,warm,mask_ns,p99,4977.109999999997,4492.529999999988,-9.736172196314918
o2-panel20-fresh,jsb/data/Github_medium---o83131,warm,mask_ns,max,32458.5,27604.0,-14.956020764976818
o2-panel20-fresh,jsb/data/Github_medium---o83131,warm,tbm_ns,mean,9784.067120181406,5337.130952380952,-45.450793756594784
o2-panel20-fresh,jsb/data/Github_medium---o83131,warm,tbm_ns,p99,35663.56499999996,17540.064999999995,-50.81797066557981
o2-panel20-fresh,jsb/data/Github_medium---o83131,warm,tbm_ns,max,84770.5,44396.0,-47.62800738464442
o2-panel20-fresh,jsb/data/Github_hard---o63198,cold,commit_ns,mean,5279.754111842105,3065.6184210526317,-41.93634104708263
o2-panel20-fresh,jsb/data/Github_hard---o63198,cold,commit_ns,p99,21594.649999999958,15598.624999999973,-27.766252289340166
o2-panel20-fresh,jsb/data/Github_hard---o63198,cold,commit_ns,max,59750.0,36208.5,-39.4
o2-panel20-fresh,jsb/data/Github_hard---o63198,cold,mask_ns,mean,12847.10855263158,12135.752878289473,-5.537087753464909
o2-panel20-fresh,jsb/data/Github_hard---o63198,cold,mask_ns,p99,262729.94999999995,256049.0499999999,-2.54287720147629
o2-panel20-fresh,jsb/data/Github_hard---o63198,cold,mask_ns,max,339166.5,300187.5,-11.492585500042019
o2-panel20-fresh,jsb/data/Github_hard---o63198,cold,tbm_ns,mean,18084.02590460526,15214.345805921053,-15.868590953264539
o2-panel20-fresh,jsb/data/Github_hard---o63198,cold,tbm_ns,p99,268897.79999999993,259113.39999999997,-3.638705857764535
o2-panel20-fresh,jsb/data/Github_hard---o63198,cold,tbm_ns,max,346354.0,302833.5,-12.56532333970446
o2-panel20-fresh,jsb/data/Github_hard---o63198,warm1,commit_ns,mean,4592.462171052632,2716.840460526316,-40.84130996981968
o2-panel20-fresh,jsb/data/Github_hard---o63198,warm1,commit_ns,p99,19124.12499999995,13805.374999999869,-27.81172994842951
o2-panel20-fresh,jsb/data/Github_hard---o63198,warm1,commit_ns,max,39021.0,28562.5,-26.80223469413905
o2-panel20-fresh,jsb/data/Github_hard---o63198,warm1,mask_ns,mean,1940.4736842105262,1943.7504111842104,0.16886222164962383
o2-panel20-fresh,jsb/data/Github_hard---o63198,warm1,mask_ns,p99,8945.974999999991,9506.199999999928,6.262313498527972
o2-panel20-fresh,jsb/data/Github_hard---o63198,warm1,mask_ns,max,22041.5,24187.5,9.736179479618002
o2-panel20-fresh,jsb/data/Github_hard---o63198,warm1,tbm_ns,mean,6539.441200657895,4672.441200657895,-28.549840004864212
o2-panel20-fresh,jsb/data/Github_hard---o63198,warm1,tbm_ns,p99,23380.899999999965,18327.274999999994,-21.61433050053667
o2-panel20-fresh,jsb/data/Github_hard---o63198,warm1,tbm_ns,max,41958.0,35917.0,-14.397731064397734
o2-panel20-fresh,jsb/data/Github_hard---o63198,warm,commit_ns,mean,4640.755071271929,2678.802494517544,-42.276581000786514
o2-panel20-fresh,jsb/data/Github_hard---o63198,warm,commit_ns,p99,19752.75499999998,14220.859999999984,-28.005688320439358
o2-panel20-fresh,jsb/data/Github_hard---o63198,warm,commit_ns,max,50625.0,39625.0,-21.7283950617284
o2-panel20-fresh,jsb/data/Github_hard---o63198,warm,mask_ns,mean,1888.671875,1850.9273574561403,-1.9984687675756119
o2-panel20-fresh,jsb/data/Github_hard---o63198,warm,mask_ns,p99,4066.249999999968,4837.979999999958,18.9789117737472
o2-panel20-fresh,jsb/data/Github_hard---o63198,warm,mask_ns,max,23437.0,24187.5,3.202201646968472
o2-panel20-fresh,jsb/data/Github_hard---o63198,warm,tbm_ns,mean,6522.195449561404,4529.729851973684,-30.549001681967482
o2-panel20-fresh,jsb/data/Github_hard---o63198,warm,tbm_ns,p99,23278.264999999938,17772.259999999987,-23.652987024591244
o2-panel20-fresh,jsb/data/Github_hard---o63198,warm,tbm_ns,max,58312.5,48749.5,-16.399571275455514
o2-panel20-fresh,jsb/data/Kubernetes---kb_204_Normalized,cold,commit_ns,mean,3818.3017928286854,2776.78984063745,-27.276836895065316
o2-panel20-fresh,jsb/data/Kubernetes---kb_204_Normalized,cold,commit_ns,p99,12113.625000000011,8991.250000000007,-25.77572774458513
o2-panel20-fresh,jsb/data/Kubernetes---kb_204_Normalized,cold,commit_ns,max,19916.5,16416.5,-17.573368814801793
o2-panel20-fresh,jsb/data/Kubernetes---kb_204_Normalized,cold,mask_ns,mean,10933.36454183267,9783.075697211156,-10.520904523217345
o2-panel20-fresh,jsb/data/Kubernetes---kb_204_Normalized,cold,mask_ns,p99,70669.21000000005,72083.08500000011,2.0006945033063994
o2-panel20-fresh,jsb/data/Kubernetes---kb_204_Normalized,cold,mask_ns,max,158417.0,150271.0,-5.142124898211686
o2-panel20-fresh,jsb/data/Kubernetes---kb_204_Normalized,cold,tbm_ns,mean,14737.683266932272,12538.058764940239,-14.925171495084633
o2-panel20-fresh,jsb/data/Kubernetes---kb_204_Normalized,cold,tbm_ns,p99,76036.62500000004,76009.21000000014,-0.03605499323504624
o2-panel20-fresh,jsb/data/Kubernetes---kb_204_Normalized,cold,tbm_ns,max,165000.0,154958.5,-6.085757575757578
o2-panel20-fresh,jsb/data/Kubernetes---kb_204_Normalized,warm1,commit_ns,mean,3692.1135458167328,2243.811752988048,-39.22690282560922
o2-panel20-fresh,jsb/data/Kubernetes---kb_204_Normalized,warm1,commit_ns,p99,12279.915000000012,4874.795,-60.30269753495854
o2-panel20-fresh,jsb/data/Kubernetes---kb_204_Normalized,warm1,commit_ns,max,23333.5,12958.0,-44.46611095635031
o2-panel20-fresh,jsb/data/Kubernetes---kb_204_Normalized,warm1,mask_ns,mean,2281.738047808765,2187.840637450199,-4.115170470542784
o2-panel20-fresh,jsb/data/Kubernetes---kb_204_Normalized,warm1,mask_ns,p99,17871.045000000006,15207.95,-14.901730704611872
o2-panel20-fresh,jsb/data/Kubernetes---kb_204_Normalized,warm1,mask_ns,max,33416.5,20563.0,-38.46453099516706
o2-panel20-fresh,jsb/data/Kubernetes---kb_204_Normalized,warm1,tbm_ns,mean,6043.111553784861,4425.398406374502,-26.76953971496967
o2-panel20-fresh,jsb/data/Kubernetes---kb_204_Normalized,warm1,tbm_ns,p99,22287.830000000005,17643.705,-20.837044252401437
o2-panel20-fresh,jsb/data/Kubernetes---kb_204_Normalized,warm1,tbm_ns,max,41167.0,22646.0,-44.98991910996673
o2-panel20-fresh,jsb/data/Kubernetes---kb_204_Normalized,warm,commit_ns,mean,3461.1264940239043,2385.1351261620184,-31.087894930154334
o2-panel20-fresh,jsb/data/Kubernetes---kb_204_Normalized,warm,commit_ns,p99,9783.875000000025,5968.025000000011,-39.00141814976178
o2-panel20-fresh,jsb/data/Kubernetes---kb_204_Normalized,warm,commit_ns,max,30062.5,19417.0,-35.41122661122661
o2-panel20-fresh,jsb/data/Kubernetes---kb_204_Normalized,warm,mask_ns,mean,2061.921646746348,2044.671314741036,-0.8366143317100616
o2-panel20-fresh,jsb/data/Kubernetes---kb_204_Normalized,warm,mask_ns,p99,6306.2500000000055,10166.825000000037,61.21823587710649
o2-panel20-fresh,jsb/data/Kubernetes---kb_204_Normalized,warm,mask_ns,max,33416.5,20563.0,-38.46453099516706
o2-panel20-fresh,jsb/data/Kubernetes---kb_204_Normalized,warm,tbm_ns,mean,5511.918990703851,4410.965139442231,-19.974057186225668
o2-panel20-fresh,jsb/data/Kubernetes---kb_204_Normalized,warm,tbm_ns,p99,16572.05000000001,15265.750000000004,-7.882549231990044
o2-panel20-fresh,jsb/data/Kubernetes---kb_204_Normalized,warm,tbm_ns,max,47291.5,30895.5,-34.67007813243394
o2-panel20-fresh,jsb/data/Github_medium---o42217,cold,commit_ns,mean,3023.531375166889,1852.0994659546063,-38.7438317602252
o2-panel20-fresh,jsb/data/Github_medium---o42217,cold,commit_ns,p99,7903.259999999993,5253.079999999996,-33.53274471547183
o2-panel20-fresh,jsb/data/Github_medium---o42217,cold,commit_ns,max,21021.0,16958.5,-19.32591218305504
o2-panel20-fresh,jsb/data/Github_medium---o42217,cold,mask_ns,mean,7650.443257676903,7295.6902536715625,-4.637025490638869
o2-panel20-fresh,jsb/data/Github_medium---o42217,cold,mask_ns,p99,35380.89999999997,32097.49999999994,-9.280148328618075
o2-panel20-fresh,jsb/data/Github_medium---o42217,cold,mask_ns,max,275250.0,276687.5,0.5222524977293475
o2-panel20-fresh,jsb/data/Github_medium---o42217,cold,tbm_ns,mean,10653.151535380508,9147.78971962617,-14.130671198610434
o2-panel20-fresh,jsb/data/Github_medium---o42217,cold,tbm_ns,p99,41479.73999999996,36800.65999999997,-11.280398575304474
o2-panel20-fresh,jsb/data/Github_medium---o42217,cold,tbm_ns,max,284062.5,288729.0,1.6427722772277331
o2-panel20-fresh,jsb/data/Github_medium---o42217,warm1,commit_ns,mean,2883.8518024032046,1655.875834445928,-42.58110513633071
o2-panel20-fresh,jsb/data/Github_medium---o42217,warm1,commit_ns,p99,7449.499999999999,3619.919999999995,-51.40720853748579
o2-panel20-fresh,jsb/data/Github_medium---o42217,warm1,commit_ns,max,16374.5,11395.5,-30.40703532932303
o2-panel20-fresh,jsb/data/Github_medium---o42217,warm1,mask_ns,mean,2041.6101468624834,1953.5220293724967,-4.314639483221572
o2-panel20-fresh,jsb/data/Github_medium---o42217,warm1,mask_ns,p99,13179.079999999998,13138.159999999996,-0.31049208290716557
o2-panel20-fresh,jsb/data/Github_medium---o42217,warm1,mask_ns,max,35916.5,22854.0,-36.369078278785516
o2-panel20-fresh,jsb/data/Github_medium---o42217,warm1,tbm_ns,mean,5017.9619492656875,3571.14085447263,-28.832843082932914
o2-panel20-fresh,jsb/data/Github_medium---o42217,warm1,tbm_ns,p99,18806.17999999996,15787.259999999995,-16.05280817263246
o2-panel20-fresh,jsb/data/Github_medium---o42217,warm1,tbm_ns,max,41354.5,24479.0,-40.80692548573916
o2-panel20-fresh,jsb/data/Github_medium---o42217,warm,commit_ns,mean,2816.738985313752,1637.1831330663106,-41.8766473712172
o2-panel20-fresh,jsb/data/Github_medium---o42217,warm,commit_ns,p99,7219.609999999999,3469.8399999999992,-51.93867812804294
o2-panel20-fresh,jsb/data/Github_medium---o42217,warm,commit_ns,max,31562.0,16979.5,-46.20271212217223
o2-panel20-fresh,jsb/data/Github_medium---o42217,warm,mask_ns,mean,1838.46639964397,1724.857587894971,-6.179542458377263
o2-panel20-fresh,jsb/data/Github_medium---o42217,warm,mask_ns,p99,6075.519999999998,7502.76999999994,23.491816338353644
o2-panel20-fresh,jsb/data/Github_medium---o42217,warm,mask_ns,max,35916.5,22854.0,-36.369078278785516
o2-panel20-fresh,jsb/data/Github_medium---o42217,warm,tbm_ns,mean,4687.757676902536,3341.7033822874946,-28.71424649886031
o2-panel20-fresh,jsb/data/Github_medium---o42217,warm,tbm_ns,p99,14101.479999999992,11586.319999999996,-17.836142021972144
o2-panel20-fresh,jsb/data/Github_medium---o42217,warm,tbm_ns,max,43062.5,29437.5,-31.640058055152398
o2-panel20-fresh,jsb/data/Github_ultra---o6353,cold,commit_ns,mean,4730.8403361344535,2424.97268907563,-48.74118514308044
o2-panel20-fresh,jsb/data/Github_ultra---o6353,cold,commit_ns,p99,14557.724999999991,5784.684999999997,-60.263811824993255
o2-panel20-fresh,jsb/data/Github_ultra---o6353,cold,commit_ns,max,23145.5,13791.5,-40.4139033505433
o2-panel20-fresh,jsb/data/Github_ultra---o6353,cold,mask_ns,mean,11481.418067226892,10167.0,-11.448220590266889
o2-panel20-fresh,jsb/data/Github_ultra---o6353,cold,mask_ns,p99,55243.01999999995,52043.37499999994,-5.791944394061033
o2-panel20-fresh,jsb/data/Github_ultra---o6353,cold,mask_ns,max,291229.0,277229.0,-4.807213567330182
o2-panel20-fresh,jsb/data/Github_ultra---o6353,cold,tbm_ns,mean,16088.222689075632,12605.298319327732,-21.648907011418395
o2-panel20-fresh,jsb/data/Github_ultra---o6353,cold,tbm_ns,p99,67917.39499999993,56962.414999999935,-16.129858926420848
o2-panel20-fresh,jsb/data/Github_ultra---o6353,cold,tbm_ns,max,300166.5,281833.0,-6.107776850514634
o2-panel20-fresh,jsb/data/Github_ultra---o6353,warm1,commit_ns,mean,4059.18487394958,1996.7542016806724,-50.80898594949104
o2-panel20-fresh,jsb/data/Github_ultra---o6353,warm1,commit_ns,p99,10982.335,3800.2249999999967,-65.39693061630338
o2-panel20-fresh,jsb/data/Github_ultra---o6353,warm1,commit_ns,max,11375.0,4250.0,-62.637362637362635
o2-panel20-fresh,jsb/data/Github_ultra---o6353,warm1,mask_ns,mean,3028.9894957983197,2871.577731092437,-5.196840891136711
o2-panel20-fresh,jsb/data/Github_ultra---o6353,warm1,mask_ns,p99,19718.9,16989.585,-13.841111826724628
o2-panel20-fresh,jsb/data/Github_ultra---o6353,warm1,mask_ns,max,28562.5,19604.5,-31.36280087527352
o2-panel20-fresh,jsb/data/Github_ultra---o6353,warm1,tbm_ns,mean,7159.399159663866,4868.33193277311,-32.000831016639694
o2-panel20-fresh,jsb/data/Github_ultra---o6353,warm1,tbm_ns,p99,24321.60499999999,19266.814999999995,-20.78312677144455
o2-panel20-fresh,jsb/data/Github_ultra---o6353,warm1,tbm_ns,max,31708.5,20875.0,-34.16591765614898
o2-panel20-fresh,jsb/data/Github_ultra---o6353,warm,commit_ns,mean,3955.198179271709,1997.3249299719887,-49.50126796579972
o2-panel20-fresh,jsb/data/Github_ultra---o6353,warm,commit_ns,p99,10971.375,3720.875,-66.08560914197173
o2-panel20-fresh,jsb/data/Github_ultra---o6353,warm,commit_ns,max,17291.5,12125.0,-29.87884220570801
o2-panel20-fresh,jsb/data/Github_ultra---o6353,warm,mask_ns,mean,2188.2948179271707,2103.3655462184875,-3.8810708234062963
o2-panel20-fresh,jsb/data/Github_ultra---o6353,warm,mask_ns,p99,15833.665,13914.665000000005,-12.11974612321276
o2-panel20-fresh,jsb/data/Github_ultra---o6353,warm,mask_ns,max,28562.5,22167.0,-22.391247264770243
o2-panel20-fresh,jsb/data/Github_ultra---o6353,warm,tbm_ns,mean,6165.140056022409,4102.125350140056,-33.46257647248581
o2-panel20-fresh,jsb/data/Github_ultra---o6353,warm,tbm_ns,p99,20491.395000000004,16884.230000000003,-17.603315928466557
o2-panel20-fresh,jsb/data/Github_ultra---o6353,warm,tbm_ns,max,32812.5,31375.0,-4.380952380952385
o2-panel20-fresh,jsb/data/Kubernetes---kb_150_Normalized,cold,commit_ns,mean,6265.525510204082,4536.030612244898,-27.603349394117306
o2-panel20-fresh,jsb/data/Kubernetes---kb_150_Normalized,cold,commit_ns,p99,18235.725000000115,19152.950000000026,5.029824698496532
o2-panel20-fresh,jsb/data/Kubernetes---kb_150_Normalized,cold,commit_ns,max,34354.0,25709.0,-25.16446410898294
o2-panel20-fresh,jsb/data/Kubernetes---kb_150_Normalized,cold,mask_ns,mean,18005.89030612245,17862.854591836734,-0.794382903893831
o2-panel20-fresh,jsb/data/Kubernetes---kb_150_Normalized,cold,mask_ns,p99,256582.77500000008,257959.22500000006,0.5364545613009142
o2-panel20-fresh,jsb/data/Kubernetes---kb_150_Normalized,cold,mask_ns,max,273187.5,274791.0,0.586959505833895
o2-panel20-fresh,jsb/data/Kubernetes---kb_150_Normalized,cold,tbm_ns,mean,24275.844387755104,22401.977040816324,-7.719061454702558
o2-panel20-fresh,jsb/data/Kubernetes---kb_150_Normalized,cold,tbm_ns,p99,270179.17500000005,266514.2500000001,-1.356479454791415
o2-panel20-fresh,jsb/data/Kubernetes---kb_150_Normalized,cold,tbm_ns,max,286063.0,281541.5,-1.5805958827251332
o2-panel20-fresh,jsb/data/Kubernetes---kb_150_Normalized,warm1,commit_ns,mean,5678.716836734694,3633.058673469388,-36.02324648470366
o2-panel20-fresh,jsb/data/Kubernetes---kb_150_Normalized,warm1,commit_ns,p99,16265.625000000004,17234.225000000002,5.954889529298746
o2-panel20-fresh,jsb/data/Kubernetes---kb_150_Normalized,warm1,commit_ns,max,19416.5,18333.5,-5.577730280946613
o2-panel20-fresh,jsb/data/Kubernetes---kb_150_Normalized,warm1,mask_ns,mean,2155.275510204082,1980.9617346938776,-8.087772291056128
o2-panel20-fresh,jsb/data/Kubernetes---kb_150_Normalized,warm1,mask_ns,p99,11133.90000000006,10395.825000000004,-6.629078759464802
o2-panel20-fresh,jsb/data/Kubernetes---kb_150_Normalized,warm1,mask_ns,max,25979.0,16958.0,-34.72420031563955
o2-panel20-fresh,jsb/data/Kubernetes---kb_150_Normalized,warm1,tbm_ns,mean,7856.005102040816,5614.0204081632655,-28.538483169965524
o2-panel20-fresh,jsb/data/Kubernetes---kb_150_Normalized,warm1,tbm_ns,p99,21428.15000000008,20078.600000000002,-6.298023861136281
o2-panel20-fresh,jsb/data/Kubernetes---kb_150_Normalized,warm1,tbm_ns,max,31916.5,21583.5,-32.37510378644275
o2-panel20-fresh,jsb/data/Kubernetes---kb_150_Normalized,warm,commit_ns,mean,5725.915816326531,3917.7389455782313,-31.57882387290035
o2-panel20-fresh,jsb/data/Kubernetes---kb_150_Normalized,warm,commit_ns,p99,16481.934999999998,18385.79,11.551161923645514
o2-panel20-fresh,jsb/data/Kubernetes---kb_150_Normalized,warm,commit_ns,max,47375.0,32646.0,-31.09023746701847
o2-panel20-fresh,jsb/data/Kubernetes---kb_150_Normalized,warm,mask_ns,mean,2011.267006802721,1951.433673469388,-2.97490751506182
o2-panel20-fresh,jsb/data/Kubernetes---kb_150_Normalized,warm,mask_ns,p99,5751.1449999999995,4998.044999999999,-13.09478373436942
o2-panel20-fresh,jsb/data/Kubernetes---kb_150_Normalized,warm,mask_ns,max,25979.0,16958.0,-34.72420031563955
o2-panel20-fresh,jsb/data/Kubernetes---kb_150_Normalized,warm,tbm_ns,mean,7719.168367346939,5879.011054421769,-23.838802644974933
o2-panel20-fresh,jsb/data/Kubernetes---kb_150_Normalized,warm,tbm_ns,p99,19665.809999999994,21126.79,7.429035468155165
o2-panel20-fresh,jsb/data/Kubernetes---kb_150_Normalized,warm,tbm_ns,max,59187.5,38625.5,-34.74044350580782
o2-panel20-fresh,jsb/data/Glaiveai2K---create_invoice_85673ce7,cold,commit_ns,mean,4255.635802469136,2725.5555555555557,-35.9542103209542
o2-panel20-fresh,jsb/data/Glaiveai2K---create_invoice_85673ce7,cold,commit_ns,p99,15671.000000000015,7520.500000000025,-52.01008231765671
o2-panel20-fresh,jsb/data/Glaiveai2K---create_invoice_85673ce7,cold,commit_ns,max,20479.0,14271.0,-30.313980174813228
o2-panel20-fresh,jsb/data/Glaiveai2K---create_invoice_85673ce7,cold,mask_ns,mean,24585.90740740741,23049.382716049382,-6.249615545591347
o2-panel20-fresh,jsb/data/Glaiveai2K---create_invoice_85673ce7,cold,mask_ns,p99,272404.20000000007,270229.00000000006,-0.798519259247843
o2-panel20-fresh,jsb/data/Glaiveai2K---create_invoice_85673ce7,cold,mask_ns,max,286687.5,282250.0,-1.5478526269893211
o2-panel20-fresh,jsb/data/Glaiveai2K---create_invoice_85673ce7,cold,tbm_ns,mean,28920.049382716046,25774.938271604937,-10.875192740821438
o2-panel20-fresh,jsb/data/Glaiveai2K---create_invoice_85673ce7,cold,tbm_ns,p99,276537.60000000003,272903.9,-1.3139985303987634
o2-panel20-fresh,jsb/data/Glaiveai2K---create_invoice_85673ce7,cold,tbm_ns,max,291083.5,284875.0,-2.132893138910308
o2-panel20-fresh,jsb/data/Glaiveai2K---create_invoice_85673ce7,warm1,commit_ns,mean,2987.9135802469136,2041.388888888889,-31.678449390755347
o2-panel20-fresh,jsb/data/Glaiveai2K---create_invoice_85673ce7,warm1,commit_ns,p99,6096.000000000001,3337.4000000000005,-45.25262467191601
o2-panel20-fresh,jsb/data/Glaiveai2K---create_invoice_85673ce7,warm1,commit_ns,max,6458.0,3437.0,-46.77918860328275
o2-panel20-fresh,jsb/data/Glaiveai2K---create_invoice_85673ce7,warm1,mask_ns,mean,6586.469135802469,6578.666666666666,-0.11846209213053349
o2-panel20-fresh,jsb/data/Glaiveai2K---create_invoice_85673ce7,warm1,mask_ns,p99,16791.700000000004,16037.400000000001,-4.492100263820831
o2-panel20-fresh,jsb/data/Glaiveai2K---create_invoice_85673ce7,warm1,mask_ns,max,17937.0,16458.5,-8.242738473546297
o2-panel20-fresh,jsb/data/Glaiveai2K---create_invoice_85673ce7,warm1,tbm_ns,mean,9569.0,8637.030864197532,-9.739462177891822
o2-panel20-fresh,jsb/data/Glaiveai2K---create_invoice_85673ce7,warm1,tbm_ns,p99,18470.9,17466.300000000003,-5.438825395622294
o2-panel20-fresh,jsb/data/Glaiveai2K---create_invoice_85673ce7,warm1,tbm_ns,max,19624.5,17958.0,-8.491936100282803
o2-panel20-fresh,jsb/data/Glaiveai2K---create_invoice_85673ce7,warm,commit_ns,mean,2742.829218106996,1781.2695473251028,-35.05721991125381
o2-panel20-fresh,jsb/data/Glaiveai2K---create_invoice_85673ce7,warm,commit_ns,p99,6275.249999999997,3274.0699999999993,-47.825664316162694
o2-panel20-fresh,jsb/data/Glaiveai2K---create_invoice_85673ce7,warm,commit_ns,max,6896.0,3499.5,-49.25319025522042
o2-panel20-fresh,jsb/data/Glaiveai2K---create_invoice_85673ce7,warm,mask_ns,mean,3383.465020576132,3364.0761316872427,-0.5730483031737621
o2-panel20-fresh,jsb/data/Glaiveai2K---create_invoice_85673ce7,warm,mask_ns,p99,14122.709999999988,13374.46999999999,-5.298133290282092
o2-panel20-fresh,jsb/data/Glaiveai2K---create_invoice_85673ce7,warm,mask_ns,max,17937.0,16458.5,-8.242738473546297
o2-panel20-fresh,jsb/data/Glaiveai2K---create_invoice_85673ce7,warm,tbm_ns,mean,6162.133744855967,5145.3456790123455,-16.500584179829225
o2-panel20-fresh,jsb/data/Glaiveai2K---create_invoice_85673ce7,warm,tbm_ns,p99,17615.389999999996,15643.82,-11.192315356060789
o2-panel20-fresh,jsb/data/Glaiveai2K---create_invoice_85673ce7,warm,tbm_ns,max,20104.0,17999.5,-10.468066056506164
o2-panel20-fresh,jsb/data/Glaiveai2K---calculate_area_423b749e,cold,commit_ns,mean,4276.271929824561,2855.649122807017,-33.22105867752491
o2-panel20-fresh,jsb/data/Glaiveai2K---calculate_area_423b749e,cold,commit_ns,p99,14272.479999999978,9017.759999999982,-36.81714740535635
o2-panel20-fresh,jsb/data/Glaiveai2K---calculate_area_423b749e,cold,commit_ns,max,19896.0,13521.0,-32.04161640530761
o2-panel20-fresh,jsb/data/Glaiveai2K---calculate_area_423b749e,cold,mask_ns,mean,21178.333333333336,20288.745614035088,-4.200461411654588
o2-panel20-fresh,jsb/data/Glaiveai2K---calculate_area_423b749e,cold,mask_ns,p99,272298.76,269610.26,-0.987334646694682
o2-panel20-fresh,jsb/data/Glaiveai2K---calculate_area_423b749e,cold,mask_ns,max,277292.0,274708.5,-0.931689338314845
o2-panel20-fresh,jsb/data/Glaiveai2K---calculate_area_423b749e,cold,tbm_ns,mean,25454.605263157893,23163.0,-9.002713809413033
o2-panel20-fresh,jsb/data/Glaiveai2K---calculate_area_423b749e,cold,tbm_ns,p99,276205.02,271845.26,-1.5784506740681326
o2-panel20-fresh,jsb/data/Glaiveai2K---calculate_area_423b749e,cold,tbm_ns,max,282166.5,277083.5,-1.8014186659295106
o2-panel20-fresh,jsb/data/Glaiveai2K---calculate_area_423b749e,warm1,commit_ns,mean,3626.789473684211,1971.122807017544,-45.651027683853584
o2-panel20-fresh,jsb/data/Glaiveai2K---calculate_area_423b749e,warm1,commit_ns,p99,10109.039999999994,2923.5,-71.0803399729351
o2-panel20-fresh,jsb/data/Glaiveai2K---calculate_area_423b749e,warm1,commit_ns,max,11833.0,2958.0,-75.00211273557001
o2-panel20-fresh,jsb/data/Glaiveai2K---calculate_area_423b749e,warm1,mask_ns,mean,4752.850877192983,4207.605263157895,-11.471969731924514
o2-panel20-fresh,jsb/data/Glaiveai2K---calculate_area_423b749e,warm1,mask_ns,p99,20240.519999999986,15066.779999999995,-25.561299808502913
o2-panel20-fresh,jsb/data/Glaiveai2K---calculate_area_423b749e,warm1,mask_ns,max,23437.0,16458.5,-29.775568545462306
o2-panel20-fresh,jsb/data/Glaiveai2K---calculate_area_423b749e,warm1,tbm_ns,mean,8525.140350877193,6178.728070175439,-27.5234445900978
o2-panel20-fresh,jsb/data/Glaiveai2K---calculate_area_423b749e,warm1,tbm_ns,p99,24349.739999999983,17499.299999999996,-28.133524218328375
o2-panel20-fresh,jsb/data/Glaiveai2K---calculate_area_423b749e,warm1,tbm_ns,max,27812.5,18896.0,-32.05932584269663
o2-panel20-fresh,jsb/data/Glaiveai2K---calculate_area_423b749e,warm,commit_ns,mean,3211.6374269005846,1913.6198830409357,-40.41606729911324
o2-panel20-fresh,jsb/data/Glaiveai2K---calculate_area_423b749e,warm,commit_ns,p99,8168.650000000023,2968.7500000000036,-63.65678539293525
o2-panel20-fresh,jsb/data/Glaiveai2K---calculate_area_423b749e,warm,commit_ns,max,13520.5,3999.5,-70.41899338042232
o2-panel20-fresh,jsb/data/Glaiveai2K---calculate_area_423b749e,warm,mask_ns,mean,2914.953216374269,2788.842105263158,-4.326351119554939
o2-panel20-fresh,jsb/data/Glaiveai2K---calculate_area_423b749e,warm,mask_ns,p99,16820.850000000024,13900.100000000004,-17.363866867607857
o2-panel20-fresh,jsb/data/Glaiveai2K---calculate_area_423b749e,warm,mask_ns,max,23437.0,16458.5,-29.775568545462306
o2-panel20-fresh,jsb/data/Glaiveai2K---calculate_area_423b749e,warm,tbm_ns,mean,6134.877192982456,4702.461988304094,-23.34871847666109
o2-panel20-fresh,jsb/data/Glaiveai2K---calculate_area_423b749e,warm,tbm_ns,p99,21083.45000000007,15712.650000000012,-25.4740092347317
o2-panel20-fresh,jsb/data/Glaiveai2K---calculate_area_423b749e,warm,tbm_ns,max,27812.5,18896.0,-32.05932584269663
o2-panel20-fresh,jsb/data/Glaiveai2K---search_hotels_487ba3e4,cold,commit_ns,mean,3994.846153846154,2699.5865384615386,-32.42326651647315
o2-panel20-fresh,jsb/data/Glaiveai2K---search_hotels_487ba3e4,cold,commit_ns,p99,16165.960000000015,10851.000000000022,-32.87747835575486
o2-panel20-fresh,jsb/data/Glaiveai2K---search_hotels_487ba3e4,cold,commit_ns,max,21458.5,13645.5,-36.409814292704525
o2-panel20-fresh,jsb/data/Glaiveai2K---search_hotels_487ba3e4,cold,mask_ns,mean,23702.33653846154,21782.403846153844,-8.1001832422396
o2-panel20-fresh,jsb/data/Glaiveai2K---search_hotels_487ba3e4,cold,mask_ns,p99,285071.55000000005,275428.2100000001,-3.3827788146519544
o2-panel20-fresh,jsb/data/Glaiveai2K---search_hotels_487ba3e4,cold,mask_ns,max,292896.0,285229.0,-2.6176526821807045
o2-panel20-fresh,jsb/data/Glaiveai2K---search_hotels_487ba3e4,cold,tbm_ns,mean,27616.18269230769,24481.990384615383,-11.349114910676327
o2-panel20-fresh,jsb/data/Glaiveai2K---search_hotels_487ba3e4,cold,tbm_ns,p99,292008.17000000004,279336.04000000004,-4.339649126940525
o2-panel20-fresh,jsb/data/Glaiveai2K---search_hotels_487ba3e4,cold,tbm_ns,max,303750.0,289646.0,-4.643292181069958
o2-panel20-fresh,jsb/data/Glaiveai2K---search_hotels_487ba3e4,warm1,commit_ns,mean,2984.4326923076924,2002.375,-32.90600906627661
o2-panel20-fresh,jsb/data/Glaiveai2K---search_hotels_487ba3e4,warm1,commit_ns,p99,7868.210000000003,4012.240000000002,-49.00695329687438
o2-panel20-fresh,jsb/data/Glaiveai2K---search_hotels_487ba3e4,warm1,commit_ns,max,8687.5,4459.0,-48.673381294964024
o2-panel20-fresh,jsb/data/Glaiveai2K---search_hotels_487ba3e4,warm1,mask_ns,mean,5868.6057692307695,5648.211538461539,-3.7554785486658915
o2-panel20-fresh,jsb/data/Glaiveai2K---search_hotels_487ba3e4,warm1,mask_ns,p99,20848.25500000001,18915.20500000001,-9.271999023419465
o2-panel20-fresh,jsb/data/Glaiveai2K---search_hotels_487ba3e4,warm1,mask_ns,max,23937.0,21646.0,-9.570957095709575
o2-panel20-fresh,jsb/data/Glaiveai2K---search_hotels_487ba3e4,warm1,tbm_ns,mean,8980.75,7530.807692307692,-16.145002451825373
o2-panel20-fresh,jsb/data/Glaiveai2K---search_hotels_487ba3e4,warm1,tbm_ns,p99,25126.540000000015,21061.12500000001,-16.179764503986625
o2-panel20-fresh,jsb/data/Glaiveai2K---search_hotels_487ba3e4,warm1,tbm_ns,max,28771.0,23770.5,-17.38034826735254
o2-panel20-fresh,jsb/data/Glaiveai2K---search_hotels_487ba3e4,warm,commit_ns,mean,2555.419871794872,1731.8301282051284,-32.22913591148024
o2-panel20-fresh,jsb/data/Glaiveai2K---search_hotels_487ba3e4,warm,commit_ns,p99,6757.549999999995,3730.299999999993,-44.7980407100207
o2-panel20-fresh,jsb/data/Glaiveai2K---search_hotels_487ba3e4,warm,commit_ns,max,8687.5,7792.0,-10.30791366906475
o2-panel20-fresh,jsb/data/Glaiveai2K---search_hotels_487ba3e4,warm,mask_ns,mean,3083.2307692307695,3038.7628205128203,-1.442251717312859
o2-panel20-fresh,jsb/data/Glaiveai2K---search_hotels_487ba3e4,warm,mask_ns,p99,18051.29999999999,15798.974999999991,-12.477356201492407
o2-panel20-fresh,jsb/data/Glaiveai2K---search_hotels_487ba3e4,warm,mask_ns,max,23937.0,21646.0,-9.570957095709575
o2-panel20-fresh,jsb/data/Glaiveai2K---search_hotels_487ba3e4,warm,tbm_ns,mean,5663.36217948718,4737.608974358975,-16.34635355798545
o2-panel20-fresh,jsb/data/Glaiveai2K---search_hotels_487ba3e4,warm,tbm_ns,p99,21292.524999999994,19179.27499999999,-9.924844517031229
o2-panel20-fresh,jsb/data/Glaiveai2K---search_hotels_487ba3e4,warm,tbm_ns,max,28771.0,23770.5,-17.38034826735254
o2-panel20-fresh,jsb/data/Github_hard---o77317,cold,commit_ns,mean,6504.381127450981,3443.280637254902,-47.062132894966155
o2-panel20-fresh,jsb/data/Github_hard---o77317,cold,commit_ns,p99,18630.940000000002,12651.590000000007,-32.09365711016188
o2-panel20-fresh,jsb/data/Github_hard---o77317,cold,commit_ns,max,45208.0,18812.0,-58.38789594761988
o2-panel20-fresh,jsb/data/Github_hard---o77317,cold,mask_ns,mean,16119.629901960783,13629.676470588236,-15.446715876954908
o2-panel20-fresh,jsb/data/Github_hard---o77317,cold,mask_ns,p99,61629.75000000001,52920.71500000002,-14.131219094674229
o2-panel20-fresh,jsb/data/Github_hard---o77317,cold,mask_ns,max,102833.0,95771.0,-6.867445275349349
o2-panel20-fresh,jsb/data/Github_hard---o77317,cold,tbm_ns,mean,22624.011029411762,17072.957107843136,-24.536117465431406
o2-panel20-fresh,jsb/data/Github_hard---o77317,cold,tbm_ns,p99,72296.9,63009.500000000015,-12.846193958523777
o2-panel20-fresh,jsb/data/Github_hard---o77317,cold,tbm_ns,max,121000.0,104104.0,-13.963636363636367
o2-panel20-fresh,jsb/data/Github_hard---o77317,warm1,commit_ns,mean,6209.046568627451,3544.964460784314,-42.906460410588444
o2-panel20-fresh,jsb/data/Github_hard---o77317,warm1,commit_ns,p99,17748.685000000012,15632.655000000008,-11.922179023403723
o2-panel20-fresh,jsb/data/Github_hard---o77317,warm1,commit_ns,max,27312.5,34687.5,27.002288329519452
o2-panel20-fresh,jsb/data/Github_hard---o77317,warm1,mask_ns,mean,6169.930147058823,6441.186274509804,4.396421369215786
o2-panel20-fresh,jsb/data/Github_hard---o77317,warm1,mask_ns,p99,25485.090000000004,23282.56500000001,-8.642406206923315
o2-panel20-fresh,jsb/data/Github_hard---o77317,warm1,mask_ns,max,37103.5,52750.0,42.16987615723584
o2-panel20-fresh,jsb/data/Github_hard---o77317,warm1,tbm_ns,mean,12274.870098039217,9858.792892156864,-19.683118326997995
o2-panel20-fresh,jsb/data/Github_hard---o77317,warm1,tbm_ns,p99,34795.375000000015,31537.150000000012,-9.36396000905293
o2-panel20-fresh,jsb/data/Github_hard---o77317,warm1,tbm_ns,max,56687.0,59396.0,4.778873463051503
o2-panel20-fresh,jsb/data/Github_hard---o77317,warm,commit_ns,mean,6011.900326797386,3122.7234477124184,-48.05763106561795
o2-panel20-fresh,jsb/data/Github_hard---o77317,warm,commit_ns,p99,17158.91999999999,13077.884999999987,-23.783752124259607
o2-panel20-fresh,jsb/data/Github_hard---o77317,warm,commit_ns,max,43895.5,34687.5,-20.97709332391703
o2-panel20-fresh,jsb/data/Github_hard---o77317,warm,mask_ns,mean,3215.025326797386,3285.076797385621,2.1788777215641986
o2-panel20-fresh,jsb/data/Github_hard---o77317,warm,mask_ns,p99,21533.75,19737.805,-8.340140477157954
o2-panel20-fresh,jsb/data/Github_hard---o77317,warm,mask_ns,max,37103.5,52750.0,42.16987615723584
o2-panel20-fresh,jsb/data/Github_hard---o77317,warm,tbm_ns,mean,9252.226307189543,6369.5040849673205,-31.157065624110082
o2-panel20-fresh,jsb/data/Github_hard---o77317,warm,tbm_ns,p99,29832.04499999999,24809.465,-16.836190747231683
o2-panel20-fresh,jsb/data/Github_hard---o77317,warm,tbm_ns,max,69083.5,59396.0,-14.02288534888939
o2-panel20-fresh,jsb/data/JsonSchemaStore---pyrseas-0.8,cold,commit_ns,mean,5227.868644067797,2820.3008474576272,-46.05256865705877
o2-panel20-fresh,jsb/data/JsonSchemaStore---pyrseas-0.8,cold,commit_ns,p99,14903.969999999976,7290.75499999997,-51.08179230097765
o2-panel20-fresh,jsb/data/JsonSchemaStore---pyrseas-0.8,cold,commit_ns,max,29749.5,19687.5,-33.82241718348208
o2-panel20-fresh,jsb/data/JsonSchemaStore---pyrseas-0.8,cold,mask_ns,mean,10009.59604519774,9310.896892655368,-6.9802932045153305
o2-panel20-fresh,jsb/data/JsonSchemaStore---pyrseas-0.8,cold,mask_ns,p99,63820.15499999995,48511.284999999916,-23.987516169460953
o2-panel20-fresh,jsb/data/JsonSchemaStore---pyrseas-0.8,cold,mask_ns,max,288771.0,275417.0,-4.624425582901326
o2-panel20-fresh,jsb/data/JsonSchemaStore---pyrseas-0.8,cold,tbm_ns,mean,15223.102401129943,12054.831920903955,-20.81225230404298
o2-panel20-fresh,jsb/data/JsonSchemaStore---pyrseas-0.8,cold,tbm_ns,p99,69544.03499999992,56760.689999999624,-18.381655594186196
o2-panel20-fresh,jsb/data/JsonSchemaStore---pyrseas-0.8,cold,tbm_ns,max,300979.5,279354.5,-7.184874717381085
o2-panel20-fresh,jsb/data/JsonSchemaStore---pyrseas-0.8,warm1,commit_ns,mean,4692.418079096045,2674.040254237288,-43.01359748506426
o2-panel20-fresh,jsb/data/JsonSchemaStore---pyrseas-0.8,warm1,commit_ns,p99,9898.124999999973,8068.43999999999,-18.485167645387268
o2-panel20-fresh,jsb/data/JsonSchemaStore---pyrseas-0.8,warm1,commit_ns,max,23062.5,18312.5,-20.59620596205962
o2-panel20-fresh,jsb/data/JsonSchemaStore---pyrseas-0.8,warm1,mask_ns,mean,1908.2492937853108,1972.3142655367233,3.357264271500382
o2-panel20-fresh,jsb/data/JsonSchemaStore---pyrseas-0.8,warm1,mask_ns,p99,5302.314999999993,5880.93999999999,10.912686251193993
o2-panel20-fresh,jsb/data/JsonSchemaStore---pyrseas-0.8,warm1,mask_ns,max,10187.5,43771.0,329.6539877300614
o2-panel20-fresh,jsb/data/JsonSchemaStore---pyrseas-0.8,warm1,tbm_ns,mean,6600.667372881356,4614.440677966102,-30.09130111715077
o2-panel20-fresh,jsb/data/JsonSchemaStore---pyrseas-0.8,warm1,tbm_ns,p99,13954.219999999983,12690.999999999989,-9.05260200856799
o2-panel20-fresh,jsb/data/JsonSchemaStore---pyrseas-0.8,warm1,tbm_ns,max,27999.5,45708.5,63.247557992107
o2-panel20-fresh,jsb/data/JsonSchemaStore---pyrseas-0.8,warm,commit_ns,mean,4627.7782485875705,2468.647834274953,-46.65587455430905
o2-panel20-fresh,jsb/data/JsonSchemaStore---pyrseas-0.8,warm,commit_ns,p99,10203.285,6448.84,-36.79643369757877
o2-panel20-fresh,jsb/data/JsonSchemaStore---pyrseas-0.8,warm,commit_ns,max,42063.0,29042.0,-30.955947031833198
o2-panel20-fresh,jsb/data/JsonSchemaStore---pyrseas-0.8,warm,mask_ns,mean,1882.1716101694915,1869.668549905838,-0.6642890688659087
o2-panel20-fresh,jsb/data/JsonSchemaStore---pyrseas-0.8,warm,mask_ns,p99,5397.409999999999,5549.919999999998,2.825614507699048
o2-panel20-fresh,jsb/data/JsonSchemaStore---pyrseas-0.8,warm,mask_ns,max,11583.5,43771.0,277.8736996589977
o2-panel20-fresh,jsb/data/JsonSchemaStore---pyrseas-0.8,warm,tbm_ns,mean,6509.949858757062,4356.520244821093,-33.07905069405744
o2-panel20-fresh,jsb/data/JsonSchemaStore---pyrseas-0.8,warm,tbm_ns,p99,13528.534999999996,10392.694999999998,-23.179449955224264
o2-panel20-fresh,jsb/data/JsonSchemaStore---pyrseas-0.8,warm,tbm_ns,max,51187.5,50062.5,-2.197802197802201
o2-panel20-fresh,jsb/data/Github_hard---o12335,cold,commit_ns,mean,5044.085412423625,2466.017184317719,-51.11071715312556
o2-panel20-fresh,jsb/data/Github_hard---o12335,cold,commit_ns,p99,27826.055,8134.795,-70.76554689480776
o2-panel20-fresh,jsb/data/Github_hard---o12335,cold,commit_ns,max,77187.5,34771.0,-54.952550607287456
o2-panel20-fresh,jsb/data/Github_hard---o12335,cold,mask_ns,mean,5044.226069246435,4706.134419551934,-6.702547527672742
o2-panel20-fresh,jsb/data/Github_hard---o12335,cold,mask_ns,p99,41231.01000000001,35528.75,-13.830027447787497
o2-panel20-fresh,jsb/data/Github_hard---o12335,cold,mask_ns,max,273479.5,263041.5,-3.8167394631041796
o2-panel20-fresh,jsb/data/Github_hard---o12335,cold,tbm_ns,mean,10070.938263747454,7195.840249490835,-28.54846230768947
o2-panel20-fresh,jsb/data/Github_hard---o12335,cold,tbm_ns,p99,55911.195,41643.750000000015,-25.518046967159236
o2-panel20-fresh,jsb/data/Github_hard---o12335,cold,tbm_ns,max,283395.5,267083.0,-5.7560899873145495
o2-panel20-fresh,jsb/data/Github_hard---o12335,warm1,commit_ns,mean,4701.9213340122205,2157.0654276985742,-54.123744859467536
o2-panel20-fresh,jsb/data/Github_hard---o12335,warm1,commit_ns,p99,26809.715000000004,7250.0,-72.95756407705191
o2-panel20-fresh,jsb/data/Github_hard---o12335,warm1,commit_ns,max,68666.5,24833.5,-63.83462095781787
o2-panel20-fresh,jsb/data/Github_hard---o12335,warm1,mask_ns,mean,1850.850050916497,1717.6177443991855,-7.198438709356159
o2-panel20-fresh,jsb/data/Github_hard---o12335,warm1,mask_ns,p99,9013.920000000002,6363.930000000001,-29.398863091751426
o2-panel20-fresh,jsb/data/Github_hard---o12335,warm1,mask_ns,max,25104.5,19291.5,-23.15521121711247
o2-panel20-fresh,jsb/data/Github_hard---o12335,warm1,tbm_ns,mean,6552.771384928717,3874.68317209776,-40.86955053842597
o2-panel20-fresh,jsb/data/Github_hard---o12335,warm1,tbm_ns,p99,35006.57000000001,12509.660000000002,-64.26482228907318
o2-panel20-fresh,jsb/data/Github_hard---o12335,warm1,tbm_ns,max,86458.0,29500.0,-65.87938652293599
o2-panel20-fresh,jsb/data/Github_hard---o12335,warm,commit_ns,mean,4700.780422606925,2111.096359470468,-55.09051328333027
o2-panel20-fresh,jsb/data/Github_hard---o12335,warm,commit_ns,p99,26337.570000000018,7187.085,-72.71166246544387
o2-panel20-fresh,jsb/data/Github_hard---o12335,warm,commit_ns,max,75729.0,35104.0,-53.64523498263545
o2-panel20-fresh,jsb/data/Github_hard---o12335,warm,mask_ns,mean,1848.90588934148,1700.964485743381,-8.001564841723274
o2-panel20-fresh,jsb/data/Github_hard---o12335,warm,mask_ns,p99,8861.140000000003,6312.0,-28.76763035004528
o2-panel20-fresh,jsb/data/Github_hard---o12335,warm,mask_ns,max,34124.5,27729.0,-18.74166654456475
o2-panel20-fresh,jsb/data/Github_hard---o12335,warm,tbm_ns,mean,6554.63878988459,3811.829217583164,-41.84531993638233
o2-panel20-fresh,jsb/data/Github_hard---o12335,warm,tbm_ns,p99,34823.125,12354.085,-64.52333040185222
o2-panel20-fresh,jsb/data/Github_hard---o12335,warm,tbm_ns,max,93083.0,46083.5,-50.49203399116917
o2-panel20-fresh,jsb/data/Github_trivial---o48162,cold,commit_ns,mean,5809.8125,4755.125,-18.153554869455768
o2-panel20-fresh,jsb/data/Github_trivial---o48162,cold,commit_ns,p99,15560.619999999999,13391.934999999998,-13.937008936661922
o2-panel20-fresh,jsb/data/Github_trivial---o48162,cold,commit_ns,max,16021.5,14020.5,-12.489467278344723
o2-panel20-fresh,jsb/data/Github_trivial---o48162,cold,mask_ns,mean,40518.1875,37539.0,-7.352716604117592
o2-panel20-fresh,jsb/data/Github_trivial---o48162,cold,mask_ns,p99,56046.685,49278.97,-12.075138788315487
o2-panel20-fresh,jsb/data/Github_trivial---o48162,cold,mask_ns,max,56666.5,49750.0,-12.20562413418863
o2-panel20-fresh,jsb/data/Github_trivial---o48162,cold,tbm_ns,mean,46328.0,42294.125,-8.707207304437926
o2-panel20-fresh,jsb/data/Github_trivial---o48162,cold,tbm_ns,p99,66162.28,62722.03,-5.199715003775562
o2-panel20-fresh,jsb/data/Github_trivial---o48162,cold,tbm_ns,max,66750.0,63854.5,-4.337827715355802
o2-panel20-fresh,jsb/data/Github_trivial---o48162,warm1,commit_ns,mean,2229.125,1796.8125,-19.39382044524197
o2-panel20-fresh,jsb/data/Github_trivial---o48162,warm1,commit_ns,p99,3000.0950000000003,2198.28,-26.726320333189445
o2-panel20-fresh,jsb/data/Github_trivial---o48162,warm1,commit_ns,max,3020.5,2208.5,-26.88296639629201
o2-panel20-fresh,jsb/data/Github_trivial---o48162,warm1,mask_ns,mean,3161.4375,3533.8125,11.77866081489829
o2-panel20-fresh,jsb/data/Github_trivial---o48162,warm1,mask_ns,p99,10142.749999999996,10062.274999999998,-0.7934238741958421
o2-panel20-fresh,jsb/data/Github_trivial---o48162,warm1,mask_ns,max,10729.0,10459.0,-2.516543946313732
o2-panel20-fresh,jsb/data/Github_trivial---o48162,warm1,tbm_ns,mean,5385.3125,5393.25,0.14739163233330466
o2-panel20-fresh,jsb/data/Github_trivial---o48162,warm1,tbm_ns,p99,11988.684999999998,11808.214999999998,-1.5053360731389631
o2-panel20-fresh,jsb/data/Github_trivial---o48162,warm1,tbm_ns,max,12521.0,12167.0,-2.8272502196310167
o2-panel20-fresh,jsb/data/Github_trivial---o48162,warm,commit_ns,mean,2062.5416666666665,1771.7083333333335,-14.100725237873968
o2-panel20-fresh,jsb/data/Github_trivial---o48162,warm,commit_ns,p99,3384.5,2677.0,-20.904121731422663
o2-panel20-fresh,jsb/data/Github_trivial---o48162,warm,commit_ns,max,3499.5,2792.0,-20.217173881983143
o2-panel20-fresh,jsb/data/Github_trivial---o48162,warm,mask_ns,mean,2368.875,2789.0416666666665,17.736970784303363
o2-panel20-fresh,jsb/data/Github_trivial---o48162,warm,mask_ns,p99,8861.874999999996,9692.179999999998,9.369405458777091
o2-panel20-fresh,jsb/data/Github_trivial---o48162,warm,mask_ns,max,10729.0,10459.0,-2.516543946313732
o2-panel20-fresh,jsb/data/Github_trivial---o48162,warm,tbm_ns,mean,4404.458333333333,4590.208333333333,4.217317680002264
o2-panel20-fresh,jsb/data/Github_trivial---o48162,warm,tbm_ns,p99,11176.714999999997,12025.024999999998,7.5899761244695
o2-panel20-fresh,jsb/data/Github_trivial---o48162,warm,tbm_ns,max,12562.5,12791.5,1.822885572139299
o2-panel20-fresh,jsb/data/Github_hard---o61026,cold,commit_ns,mean,4864.8252148997135,2895.966690544413,-40.471310630548274
o2-panel20-fresh,jsb/data/Github_hard---o61026,cold,commit_ns,p99,14333.110000000033,9965.970000000012,-30.468893352524407
o2-panel20-fresh,jsb/data/Github_hard---o61026,cold,commit_ns,max,47666.0,28541.5,-40.12188981664079
o2-panel20-fresh,jsb/data/Github_hard---o61026,cold,mask_ns,mean,10447.482808022924,8252.382521489972,-21.0108054434631
o2-panel20-fresh,jsb/data/Github_hard---o61026,cold,mask_ns,p99,60150.845000000074,40446.90500000001,-32.75754480257099
o2-panel20-fresh,jsb/data/Github_hard---o61026,cold,mask_ns,max,147271.0,87874.5,-40.33142981306571
o2-panel20-fresh,jsb/data/Github_hard---o61026,cold,tbm_ns,mean,15345.473137535817,11185.37303008596,-27.10962425312281
o2-panel20-fresh,jsb/data/Github_hard---o61026,cold,tbm_ns,p99,69888.59500000002,47974.87500000003,-31.355216112156757
o2-panel20-fresh,jsb/data/Github_hard---o61026,cold,tbm_ns,max,157062.5,99750.0,-36.49025069637884
o2-panel20-fresh,jsb/data/Github_hard---o61026,warm1,commit_ns,mean,4390.348495702006,2599.2374641833812,-40.79655711322366
o2-panel20-fresh,jsb/data/Github_hard---o61026,warm1,commit_ns,p99,12299.015000000012,9107.780000000006,-25.947077875748615
o2-panel20-fresh,jsb/data/Github_hard---o61026,warm1,commit_ns,max,37875.0,22645.5,-40.209900990099015
o2-panel20-fresh,jsb/data/Github_hard---o61026,warm1,mask_ns,mean,1711.914935530086,1715.702005730659,0.2212183632477327
o2-panel20-fresh,jsb/data/Github_hard---o61026,warm1,mask_ns,p99,3672.580000000009,3524.690000000006,-4.026869394267862
o2-panel20-fresh,jsb/data/Github_hard---o61026,warm1,mask_ns,max,22312.5,31666.5,41.92268907563026
o2-panel20-fresh,jsb/data/Github_hard---o61026,warm1,tbm_ns,mean,6100.850286532952,4331.727614613181,-28.997968952376063
o2-panel20-fresh,jsb/data/Github_hard---o61026,warm1,tbm_ns,p99,15253.735000000006,12144.22000000003,-20.385269574959676
o2-panel20-fresh,jsb/data/Github_hard---o61026,warm1,tbm_ns,max,52437.5,39854.0,-23.997139451728245
o2-panel20-fresh,jsb/data/Github_hard---o61026,warm,commit_ns,mean,4393.352853390639,2589.3433022922636,-41.06225043376843
o2-panel20-fresh,jsb/data/Github_hard---o61026,warm,commit_ns,p99,12375.0,9171.75,-25.88484848484849
o2-panel20-fresh,jsb/data/Github_hard---o61026,warm,commit_ns,max,55083.5,36166.5,-34.34240743598356
o2-panel20-fresh,jsb/data/Github_hard---o61026,warm,mask_ns,mean,1719.607270773639,1688.8514207258836,-1.7885391955756558
o2-panel20-fresh,jsb/data/Github_hard---o61026,warm,mask_ns,p99,3547.125,3401.125,-4.116009444268243
o2-panel20-fresh,jsb/data/Github_hard---o61026,warm,mask_ns,max,25146.0,31666.5,25.93056549749464
o2-panel20-fresh,jsb/data/Github_hard---o61026,warm,tbm_ns,mean,6112.528832378223,4293.3767908309455,-29.76103821238736
o2-panel20-fresh,jsb/data/Github_hard---o61026,warm,tbm_ns,p99,15416.5,12280.875,-20.339409074692703
o2-panel20-fresh,jsb/data/Github_hard---o61026,warm,tbm_ns,max,66417.0,45145.5,-32.02719183341615
o2-panel20-fresh,jsb/data/JsonSchemaStore---codecov,cold,commit_ns,mean,6165.314221652787,2860.586483023703,-53.60193527562262
o2-panel20-fresh,jsb/data/JsonSchemaStore---codecov,cold,commit_ns,p99,15611.970000000012,9420.280000000006,-39.65988917478064
o2-panel20-fresh,jsb/data/JsonSchemaStore---codecov,cold,commit_ns,max,57166.5,38083.5,-33.38143842984965
o2-panel20-fresh,jsb/data/JsonSchemaStore---codecov,cold,mask_ns,mean,9128.668695280801,8282.467862481317,-9.269706909584096
o2-panel20-fresh,jsb/data/JsonSchemaStore---codecov,cold,mask_ns,p99,64584.8100000001,54138.56000000016,-16.174468888272532
o2-panel20-fresh,jsb/data/JsonSchemaStore---codecov,cold,mask_ns,max,280000.0,265979.0,-5.0074999999999985
o2-panel20-fresh,jsb/data/JsonSchemaStore---codecov,cold,tbm_ns,mean,15336.250266922912,11132.544095665173,-27.410260644508753
o2-panel20-fresh,jsb/data/JsonSchemaStore---codecov,cold,tbm_ns,p99,75113.06000000004,61916.22000000007,-17.569301530253156
o2-panel20-fresh,jsb/data/JsonSchemaStore---codecov,cold,tbm_ns,max,290895.5,271603.5,-6.631934835705611
o2-panel20-fresh,jsb/data/JsonSchemaStore---codecov,warm1,commit_ns,mean,5880.323830877643,2678.2009395686528,-54.45487329277019
o2-panel20-fresh,jsb/data/JsonSchemaStore---codecov,warm1,commit_ns,p99,13107.690000000006,9153.060000000012,-30.170304607447928
o2-panel20-fresh,jsb/data/JsonSchemaStore---codecov,warm1,commit_ns,max,48458.5,41229.5,-14.917919456854833
o2-panel20-fresh,jsb/data/JsonSchemaStore---codecov,warm1,mask_ns,mean,1946.7645739910313,1895.6462737561392,-2.6258080159171637
o2-panel20-fresh,jsb/data/JsonSchemaStore---codecov,warm1,mask_ns,p99,4427.750000000018,3553.160000000018,-19.752470216249705
o2-panel20-fresh,jsb/data/JsonSchemaStore---codecov,warm1,mask_ns,max,38812.0,45229.0,16.5335463258786
o2-panel20-fresh,jsb/data/JsonSchemaStore---codecov,warm1,tbm_ns,mean,7829.488362161008,4573.847213324792,-41.58178667932306
o2-panel20-fresh,jsb/data/JsonSchemaStore---codecov,warm1,tbm_ns,p99,16711.870000000006,12090.560000000012,-27.652859913342986
o2-panel20-fresh,jsb/data/JsonSchemaStore---codecov,warm1,tbm_ns,max,69708.0,52646.0,-24.476387215240713
o2-panel20-fresh,jsb/data/JsonSchemaStore---codecov,warm,commit_ns,mean,5946.098049683252,2654.604847320094,-55.35551507662231
o2-panel20-fresh,jsb/data/JsonSchemaStore---codecov,warm,commit_ns,p99,13646.0,9083.5,-33.4347061409937
o2-panel20-fresh,jsb/data/JsonSchemaStore---codecov,warm,commit_ns,max,78417.0,48854.0,-37.6997334761595
o2-panel20-fresh,jsb/data/JsonSchemaStore---codecov,warm,mask_ns,mean,1960.8729446935724,1866.011673428714,-4.837706161511779
o2-panel20-fresh,jsb/data/JsonSchemaStore---codecov,warm,mask_ns,p99,4355.080000000018,3656.660000000009,-16.036904029317633
o2-panel20-fresh,jsb/data/JsonSchemaStore---codecov,warm,mask_ns,max,38812.0,46104.0,18.78800371019271
o2-panel20-fresh,jsb/data/JsonSchemaStore---codecov,warm,tbm_ns,mean,7914.898569293187,4516.590753790305,-42.9355826325688
o2-panel20-fresh,jsb/data/JsonSchemaStore---codecov,warm,tbm_ns,p99,16895.760000000002,11896.02,-29.591684540973596
o2-panel20-fresh,jsb/data/JsonSchemaStore---codecov,warm,tbm_ns,max,86416.5,58416.5,-32.401219674483464
o2-panel20-fresh,jsb/data/Github_easy---o37787,cold,commit_ns,mean,4176.599832915623,2373.246031746032,-43.17755766203477
o2-panel20-fresh,jsb/data/Github_easy---o37787,cold,commit_ns,p99,12337.179999999997,7148.339999999978,-42.05855795246579
o2-panel20-fresh,jsb/data/Github_easy---o37787,cold,commit_ns,max,25000.0,21875.0,-12.5
o2-panel20-fresh,jsb/data/Github_easy---o37787,cold,mask_ns,mean,7283.941102756892,6694.434837092732,-8.093232184991706
o2-panel20-fresh,jsb/data/Github_easy---o37787,cold,mask_ns,p99,40992.33999999999,36705.65999999996,-10.457270797422225
o2-panel20-fresh,jsb/data/Github_easy---o37787,cold,mask_ns,max,268396.0,266333.5,-0.7684540753215452
o2-panel20-fresh,jsb/data/Github_easy---o37787,cold,tbm_ns,mean,11476.388471177946,9042.649540517963,-21.206487883990064
o2-panel20-fresh,jsb/data/Github_easy---o37787,cold,tbm_ns,p99,49433.49999999996,42872.13999999995,-13.273104271394942
o2-panel20-fresh,jsb/data/Github_easy---o37787,cold,tbm_ns,max,275938.0,270020.5,-2.144503475418391
o2-panel20-fresh,jsb/data/Github_easy---o37787,warm1,commit_ns,mean,3776.063492063492,1919.6850459482039,-49.161738143890155
o2-panel20-fresh,jsb/data/Github_easy---o37787,warm1,commit_ns,p99,10709.34,4106.499999999998,-61.654966599248894
o2-panel20-fresh,jsb/data/Github_easy---o37787,warm1,commit_ns,max,36812.5,10771.0,-70.74091680814941
o2-panel20-fresh,jsb/data/Github_easy---o37787,warm1,mask_ns,mean,1902.3688387635757,1815.1791979949876,-4.583214305868055
o2-panel20-fresh,jsb/data/Github_easy---o37787,warm1,mask_ns,p99,4150.159999999996,3253.319999999997,-21.609769261907974
o2-panel20-fresh,jsb/data/Github_easy---o37787,warm1,mask_ns,max,33542.0,25999.5,-22.486733051100117
o2-panel20-fresh,jsb/data/Github_easy---o37787,warm1,tbm_ns,mean,5678.30701754386,3724.9924812030076,-34.39959358142903
o2-panel20-fresh,jsb/data/Github_easy---o37787,warm1,tbm_ns,p99,13617.33999999999,7218.019999999991,-46.99390629888072
o2-panel20-fresh,jsb/data/Github_easy---o37787,warm1,tbm_ns,max,46312.5,34500.5,-25.504993252361675
o2-panel20-fresh,jsb/data/Github_easy---o37787,warm,commit_ns,mean,3791.365357839042,2013.453912559176,-46.893698640882754
o2-panel20-fresh,jsb/data/Github_easy---o37787,warm,commit_ns,p99,10677.349999999991,5210.149999999998,-51.203716277915376
o2-panel20-fresh,jsb/data/Github_easy---o37787,warm,commit_ns,max,40896.0,26958.5,-34.08035015649452
o2-panel20-fresh,jsb/data/Github_easy---o37787,warm,mask_ns,mean,1891.1180729601783,1832.8343079922029,-3.0819738757370985
o2-panel20-fresh,jsb/data/Github_easy---o37787,warm,mask_ns,p99,4337.649999999996,3777.2499999999945,-12.919437944509172
o2-panel20-fresh,jsb/data/Github_easy---o37787,warm,mask_ns,max,33542.0,25999.5,-22.486733051100117
o2-panel20-fresh,jsb/data/Github_easy---o37787,warm,tbm_ns,mean,5682.4834307992205,3852.0921748816486,-32.21111470377194
o2-panel20-fresh,jsb/data/Github_easy---o37787,warm,tbm_ns,p99,13364.44999999999,8487.799999999992,-36.48971712266499
o2-panel20-fresh,jsb/data/Github_easy---o37787,warm,tbm_ns,max,50812.0,42937.5,-15.497323466897583
o2-panel20-fresh,jsb/data/JsonSchemaStore---jscsrc,cold,commit_ns,mean,5411.93507751938,3365.897286821705,-37.806029846823265
o2-panel20-fresh,jsb/data/JsonSchemaStore---jscsrc,cold,commit_ns,p99,24989.750000000015,10933.550000000014,-56.247861623265514
o2-panel20-fresh,jsb/data/JsonSchemaStore---jscsrc,cold,commit_ns,max,49333.5,21291.5,-56.841699859122095
o2-panel20-fresh,jsb/data/JsonSchemaStore---jscsrc,cold,mask_ns,mean,13507.550387596899,13234.403100775195,-2.0221822535085088
o2-panel20-fresh,jsb/data/JsonSchemaStore---jscsrc,cold,mask_ns,p99,116155.27500000058,108573.25000000015,-6.527490895269628
o2-panel20-fresh,jsb/data/JsonSchemaStore---jscsrc,cold,mask_ns,max,303312.0,320791.5,5.762877828770385
o2-panel20-fresh,jsb/data/JsonSchemaStore---jscsrc,cold,tbm_ns,mean,19107.131782945737,16668.907945736435,-12.760805048644519
o2-panel20-fresh,jsb/data/JsonSchemaStore---jscsrc,cold,tbm_ns,p99,128126.75000000041,115857.50000000006,-9.57586920764033
o2-panel20-fresh,jsb/data/JsonSchemaStore---jscsrc,cold,tbm_ns,max,330395.5,337208.0,2.0619227562118647
o2-panel20-fresh,jsb/data/JsonSchemaStore---jscsrc,warm1,commit_ns,mean,4473.602713178294,2877.241279069767,-35.684023290802756
o2-panel20-fresh,jsb/data/JsonSchemaStore---jscsrc,warm1,commit_ns,p99,22547.325000000004,7697.775000000023,-65.85947556971826
o2-panel20-fresh,jsb/data/JsonSchemaStore---jscsrc,warm1,commit_ns,max,26291.0,12812.5,-51.26659313072914
o2-panel20-fresh,jsb/data/JsonSchemaStore---jscsrc,warm1,mask_ns,mean,2131.240310077519,2081.8391472868216,-2.3179536609318707
o2-panel20-fresh,jsb/data/JsonSchemaStore---jscsrc,warm1,mask_ns,p99,6651.350000000012,6023.250000000003,-9.443195742217869
o2-panel20-fresh,jsb/data/JsonSchemaStore---jscsrc,warm1,mask_ns,max,27021.0,19771.0,-26.83098330927797
o2-panel20-fresh,jsb/data/JsonSchemaStore---jscsrc,warm1,tbm_ns,mean,6604.843023255814,4980.329457364342,-24.59579372547569
o2-panel20-fresh,jsb/data/JsonSchemaStore---jscsrc,warm1,tbm_ns,p99,25106.250000000004,14177.75000000005,-43.529001742593785
o2-panel20-fresh,jsb/data/JsonSchemaStore---jscsrc,warm1,tbm_ns,max,32958.5,22896.0,-30.530819060333446
o2-panel20-fresh,jsb/data/JsonSchemaStore---jscsrc,warm,commit_ns,mean,4453.906976744186,2785.499677002584,-37.459410545687035
o2-panel20-fresh,jsb/data/JsonSchemaStore---jscsrc,warm,commit_ns,p99,22273.754999999997,7232.984999999997,-67.52687187229995
o2-panel20-fresh,jsb/data/JsonSchemaStore---jscsrc,warm,commit_ns,max,53166.5,30958.0,-41.771604299699995
o2-panel20-fresh,jsb/data/JsonSchemaStore---jscsrc,warm,mask_ns,mean,2017.9928940568475,2002.1608527131784,-0.7845439590147052
o2-panel20-fresh,jsb/data/JsonSchemaStore---jscsrc,warm,mask_ns,p99,3439.754999999998,5594.365,62.63847279820811
o2-panel20-fresh,jsb/data/JsonSchemaStore---jscsrc,warm,mask_ns,max,27021.0,19771.0,-26.83098330927797
o2-panel20-fresh,jsb/data/JsonSchemaStore---jscsrc,warm,tbm_ns,mean,6471.899870801033,4796.740633074935,-25.883577792725674
o2-panel20-fresh,jsb/data/JsonSchemaStore---jscsrc,warm,tbm_ns,p99,24840.499999999996,10534.119999999997,-57.5929631046074
o2-panel20-fresh,jsb/data/JsonSchemaStore---jscsrc,warm,tbm_ns,max,60291.5,38166.0,-36.69754442997769
o2-panel20-fresh,jsb/data/Github_medium---o90755,cold,commit_ns,mean,3501.453488372093,2176.6279069767443,-37.836446658364466
o2-panel20-fresh,jsb/data/Github_medium---o90755,cold,commit_ns,p99,8687.365000000002,5540.880000000001,-36.21909520320603
o2-panel20-fresh,jsb/data/Github_medium---o90755,cold,commit_ns,max,18895.5,17458.0,-7.607631446640739
o2-panel20-fresh,jsb/data/Github_medium---o90755,cold,mask_ns,mean,7078.876245847176,6542.4352159468435,-7.578053511177507
o2-panel20-fresh,jsb/data/Github_medium---o90755,cold,mask_ns,p99,31591.08500000001,31561.04,-0.0951059452374281
o2-panel20-fresh,jsb/data/Github_medium---o90755,cold,mask_ns,max,53604.0,52792.0,-1.514812327438253
o2-panel20-fresh,jsb/data/Github_medium---o90755,cold,tbm_ns,mean,10606.637873754153,8672.212624584718,-18.237873982255202
o2-panel20-fresh,jsb/data/Github_medium---o90755,cold,tbm_ns,p99,38654.210000000014,35991.04500000001,-6.88971524705847
o2-panel20-fresh,jsb/data/Github_medium---o90755,cold,tbm_ns,max,60500.0,61813.0,2.170247933884295
o2-panel20-fresh,jsb/data/Github_medium---o90755,warm1,commit_ns,mean,2996.0963455149504,1780.9401993355482,-40.55797965237158
o2-panel20-fresh,jsb/data/Github_medium---o90755,warm1,commit_ns,p99,6519.460000000001,4312.785,-33.84751191049566
o2-panel20-fresh,jsb/data/Github_medium---o90755,warm1,commit_ns,max,22291.5,16375.0,-26.541506852387688
o2-panel20-fresh,jsb/data/Github_medium---o90755,warm1,mask_ns,mean,1680.2790697674418,1739.7931893687708,3.5419187605286284
o2-panel20-fresh,jsb/data/Github_medium---o90755,warm1,mask_ns,p99,5851.705000000002,9338.660000000014,59.588701070884674
o2-panel20-fresh,jsb/data/Github_medium---o90755,warm1,mask_ns,max,21833.5,29812.5,36.54475920031144
o2-panel20-fresh,jsb/data/Github_medium---o90755,warm1,tbm_ns,mean,4663.996677740864,3520.7333887043187,-24.512523657935283
o2-panel20-fresh,jsb/data/Github_medium---o90755,warm1,tbm_ns,p99,13489.37500000001,13134.125000000011,-2.6335541861650213
o2-panel20-fresh,jsb/data/Github_medium---o90755,warm1,tbm_ns,max,32937.5,32603.5,-1.014041745730554
o2-panel20-fresh,jsb/data/Github_medium---o90755,warm,commit_ns,mean,3053.8574197120706,1782.8374861572538,-41.620146551395095
o2-panel20-fresh,jsb/data/Github_medium---o90755,warm,commit_ns,p99,7862.475000000011,4498.950000000001,-42.779468297196566
o2-panel20-fresh,jsb/data/Github_medium---o90755,warm,commit_ns,max,27187.5,21000.0,-22.758620689655174
o2-panel20-fresh,jsb/data/Github_medium---o90755,warm,mask_ns,mean,1638.654485049834,1602.105481727575,-2.2304276865996897
o2-panel20-fresh,jsb/data/Github_medium---o90755,warm,mask_ns,p99,5579.875000000004,5246.875000000002,-5.967875624453978
o2-panel20-fresh,jsb/data/Github_medium---o90755,warm,mask_ns,max,21833.5,29812.5,36.54475920031144
o2-panel20-fresh,jsb/data/Github_medium---o90755,warm,tbm_ns,mean,4691.542635658914,3381.043189368771,-27.933231093957378
o2-panel20-fresh,jsb/data/Github_medium---o90755,warm,tbm_ns,p99,11232.300000000017,8572.02500000001,-23.68415195463086
o2-panel20-fresh,jsb/data/Github_medium---o90755,warm,tbm_ns,max,32937.5,32603.5,-1.014041745730554
o2-panel20-fresh,jsb/data/Github_hard---o35186,cold,commit_ns,mean,4821.436813186813,3104.7664835164833,-35.60495338184607
o2-panel20-fresh,jsb/data/Github_hard---o35186,cold,commit_ns,p99,13012.545000000007,9165.625000000005,-29.56316385457264
o2-panel20-fresh,jsb/data/Github_hard---o35186,cold,commit_ns,max,31020.5,18437.5,-40.56349833174836
o2-panel20-fresh,jsb/data/Github_hard---o35186,cold,mask_ns,mean,9868.021291208792,8604.721840659342,-12.801953028566082
o2-panel20-fresh,jsb/data/Github_hard---o35186,cold,mask_ns,p99,44120.29500000003,37710.375000000015,-14.528280012633665
o2-panel20-fresh,jsb/data/Github_hard---o35186,cold,mask_ns,max,270479.0,262396.0,-2.9884020570913106
o2-panel20-fresh,jsb/data/Github_hard---o35186,cold,tbm_ns,mean,14751.60989010989,11708.419642857143,-20.62954667268575
o2-panel20-fresh,jsb/data/Github_hard---o35186,cold,tbm_ns,p99,52004.08000000003,44986.205000000016,-13.494854634482545
o2-panel20-fresh,jsb/data/Github_hard---o35186,cold,tbm_ns,max,282291.5,266375.5,-5.638143550195451
o2-panel20-fresh,jsb/data/Github_hard---o35186,warm1,commit_ns,mean,4458.032967032967,2877.125,-35.462007094243994
o2-panel20-fresh,jsb/data/Github_hard---o35186,warm1,commit_ns,p99,11098.490000000013,9269.11500000001,-16.483098151189935
o2-panel20-fresh,jsb/data/Github_hard---o35186,warm1,commit_ns,max,34021.0,23167.0,-31.90382410863878
o2-panel20-fresh,jsb/data/Github_hard---o35186,warm1,mask_ns,mean,2378.610576923077,2399.9168956043954,0.895746402880282
o2-panel20-fresh,jsb/data/Github_hard---o35186,warm1,mask_ns,p99,18669.615000000005,17091.010000000024,-8.455476987607835
o2-panel20-fresh,jsb/data/Github_hard---o35186,warm1,mask_ns,max,32604.5,43500.5,33.41869987271695
o2-panel20-fresh,jsb/data/Github_hard---o35186,warm1,tbm_ns,mean,6760.106456043955,5263.225274725275,-22.14286403700604
o2-panel20-fresh,jsb/data/Github_hard---o35186,warm1,tbm_ns,p99,25012.91000000001,20911.795000000035,-16.395993109158326
o2-panel20-fresh,jsb/data/Github_hard---o35186,warm1,tbm_ns,max,42396.0,46500.0,9.680158505519397
o2-panel20-fresh,jsb/data/Github_hard---o35186,warm,commit_ns,mean,4333.657967032967,2802.549221611722,-35.330631929624026
o2-panel20-fresh,jsb/data/Github_hard---o35186,warm,commit_ns,p99,11212.32000000001,8628.485,-23.04460629022368
o2-panel20-fresh,jsb/data/Github_hard---o35186,warm,commit_ns,max,38020.5,33666.5,-11.451716836969528
o2-panel20-fresh,jsb/data/Github_hard---o35186,warm,mask_ns,mean,2105.7616758241757,2066.2000915750914,-1.878730375962423
o2-panel20-fresh,jsb/data/Github_hard---o35186,warm,mask_ns,p99,6295.820000000011,9004.07000000002,43.01663643496803
o2-panel20-fresh,jsb/data/Github_hard---o35186,warm,mask_ns,max,32604.5,43500.5,33.41869987271695
o2-panel20-fresh,jsb/data/Github_hard---o35186,warm,tbm_ns,mean,6435.759157509157,4882.714972527472,-24.131483900692807
o2-panel20-fresh,jsb/data/Github_hard---o35186,warm,tbm_ns,p99,19119.445000000036,16452.695000000025,-13.94784210524942
o2-panel20-fresh,jsb/data/Github_hard---o35186,warm,tbm_ns,max,46333.0,47813.0,3.194267584658883
o2-panel20-fresh,jsb/data/Kubernetes---kb_151_Normalized,cold,commit_ns,mean,6777.923387096775,4894.362903225807,-27.7896396329402
o2-panel20-fresh,jsb/data/Kubernetes---kb_151_Normalized,cold,commit_ns,p99,20455.804999999997,19152.409999999996,-6.371760974452001
o2-panel20-fresh,jsb/data/Kubernetes---kb_151_Normalized,cold,commit_ns,max,31312.5,25520.5,-18.497405189620764
o2-panel20-fresh,jsb/data/Kubernetes---kb_151_Normalized,cold,mask_ns,mean,19198.229838709678,17989.07258064516,-6.298274727529707
o2-panel20-fresh,jsb/data/Kubernetes---kb_151_Normalized,cold,mask_ns,p99,142692.57999999996,144712.33999999997,1.4154625279044097
o2-panel20-fresh,jsb/data/Kubernetes---kb_151_Normalized,cold,mask_ns,max,267187.5,257854.0,-3.493239766081868
o2-panel20-fresh,jsb/data/Kubernetes---kb_151_Normalized,cold,tbm_ns,mean,26009.774193548386,22754.74193548387,-12.514650199738808
o2-panel20-fresh,jsb/data/Kubernetes---kb_151_Normalized,cold,tbm_ns,p99,157663.215,149340.25999999998,-5.278945377334853
o2-panel20-fresh,jsb/data/Kubernetes---kb_151_Normalized,cold,tbm_ns,max,282396.0,276208.5,-2.1910721115030007
o2-panel20-fresh,jsb/data/Kubernetes---kb_151_Normalized,warm1,commit_ns,mean,5646.854838709678,3945.217741935484,-30.13424544065353
o2-panel20-fresh,jsb/data/Kubernetes---kb_151_Normalized,warm1,commit_ns,p99,15381.41,17479.67,13.641532213236607
o2-panel20-fresh,jsb/data/Kubernetes---kb_151_Normalized,warm1,commit_ns,max,22937.5,17646.0,-23.0692098092643
o2-panel20-fresh,jsb/data/Kubernetes---kb_151_Normalized,warm1,mask_ns,mean,1973.3870967741937,1923.9112903225805,-2.5071516142215033
o2-panel20-fresh,jsb/data/Kubernetes---kb_151_Normalized,warm1,mask_ns,p99,5372.774999999994,3376.7949999999996,-37.1498899544462
o2-panel20-fresh,jsb/data/Kubernetes---kb_151_Normalized,warm1,mask_ns,max,21375.0,19145.5,-10.430409356725146
o2-panel20-fresh,jsb/data/Kubernetes---kb_151_Normalized,warm1,tbm_ns,mean,7673.858870967742,5868.092741935484,-23.53139612540901
o2-panel20-fresh,jsb/data/Kubernetes---kb_151_Normalized,warm1,tbm_ns,p99,21673.45499999998,20592.83,-4.985937867312707
o2-panel20-fresh,jsb/data/Kubernetes---kb_151_Normalized,warm1,tbm_ns,max,30562.5,22687.0,-25.768507157464214
o2-panel20-fresh,jsb/data/Kubernetes---kb_151_Normalized,warm,commit_ns,mean,5771.395161290322,3982.5483870967746,-30.995049276674578
o2-panel20-fresh,jsb/data/Kubernetes---kb_151_Normalized,warm,commit_ns,p99,16200.070000000018,17651.735,8.960856341978651
o2-panel20-fresh,jsb/data/Kubernetes---kb_151_Normalized,warm,commit_ns,max,40499.5,18937.5,-53.240163458808134
o2-panel20-fresh,jsb/data/Kubernetes---kb_151_Normalized,warm,mask_ns,mean,1936.2728494623657,1874.3239247311828,-3.199390248558398
o2-panel20-fresh,jsb/data/Kubernetes---kb_151_Normalized,warm,mask_ns,p99,5553.18,4693.445000000001,-15.481850039076706
o2-panel20-fresh,jsb/data/Kubernetes---kb_151_Normalized,warm,mask_ns,max,21375.0,19145.5,-10.430409356725146
o2-panel20-fresh,jsb/data/Kubernetes---kb_151_Normalized,warm,tbm_ns,mean,7716.623655913979,5877.274193548387,-23.836195004222137
o2-panel20-fresh,jsb/data/Kubernetes---kb_151_Normalized,warm,tbm_ns,p99,20192.285000000025,20938.550000000003,3.6957927247955213
o2-panel20-fresh,jsb/data/Kubernetes---kb_151_Normalized,warm,tbm_ns,max,53458.0,24812.5,-53.58505742826144
o2-panel20-reloaded,jsb/data/Github_medium---o83131,cold,commit_ns,mean,7802.450680272109,3907.645238095238,-49.917719467610155
o2-panel20-reloaded,jsb/data/Github_medium---o83131,cold,commit_ns,p99,30783.09499999998,16255.89499999998,-47.192135813504166
o2-panel20-reloaded,jsb/data/Github_medium---o83131,cold,commit_ns,max,62375.0,40979.0,-34.30220440881764
o2-panel20-reloaded,jsb/data/Github_medium---o83131,cold,mask_ns,mean,6100.56768707483,5694.512925170068,-6.656016009216048
o2-panel20-reloaded,jsb/data/Github_medium---o83131,cold,mask_ns,p99,41656.11499999999,40798.094999999965,-2.0597696160576384
o2-panel20-reloaded,jsb/data/Github_medium---o83131,cold,mask_ns,max,98000.0,100146.0,2.189795918367343
o2-panel20-reloaded,jsb/data/Github_medium---o83131,cold,tbm_ns,mean,13855.155102040815,9653.943537414965,-30.32237123066942
o2-panel20-reloaded,jsb/data/Github_medium---o83131,cold,tbm_ns,p99,62635.25999999991,51512.914999999964,-17.757322313342293
o2-panel20-reloaded,jsb/data/Github_medium---o83131,cold,tbm_ns,max,144187.5,119354.5,-17.222713480710883
o2-panel20-reloaded,jsb/data/Github_medium---o83131,warm1,commit_ns,mean,7577.736394557824,3651.4527210884353,-51.81341061545985
o2-panel20-reloaded,jsb/data/Github_medium---o83131,warm1,commit_ns,p99,29887.249999999978,14678.59499999998,-50.886766095910495
o2-panel20-reloaded,jsb/data/Github_medium---o83131,warm1,commit_ns,max,55229.0,31063.0,-43.755997754802735
o2-panel20-reloaded,jsb/data/Github_medium---o83131,warm1,mask_ns,mean,2205.444217687075,2071.3690476190477,-6.079281851373974
o2-panel20-reloaded,jsb/data/Github_medium---o83131,warm1,mask_ns,p99,5075.519999999998,4802.894999999994,-5.371370815207188
o2-panel20-reloaded,jsb/data/Github_medium---o83131,warm1,mask_ns,max,36104.5,19083.5,-47.14370784805219
o2-panel20-reloaded,jsb/data/Github_medium---o83131,warm1,tbm_ns,mean,9772.573469387755,5722.821768707483,-41.43997191083779
o2-panel20-reloaded,jsb/data/Github_medium---o83131,warm1,tbm_ns,p99,34441.604999999996,17977.53,-47.80286807191476
o2-panel20-reloaded,jsb/data/Github_medium---o83131,warm1,tbm_ns,max,64479.0,38583.5,-40.16113773476636
o2-panel20-reloaded,jsb/data/Github_medium---o83131,warm,commit_ns,mean,7565.767120181406,3640.1015873015876,-51.88721078141898
o2-panel20-reloaded,jsb/data/Github_medium---o83131,warm,commit_ns,p99,29820.35999999998,14388.529999999988,-51.74930819077973
o2-panel20-reloaded,jsb/data/Github_medium---o83131,warm,commit_ns,max,74375.0,53062.0,-28.65613445378151
o2-panel20-reloaded,jsb/data/Github_medium---o83131,warm,mask_ns,mean,2182.74410430839,2063.982766439909,-5.440918962239549
o2-panel20-reloaded,jsb/data/Github_medium---o83131,warm,mask_ns,p99,5144.109999999997,5142.219999999994,-0.0367410494721776
o2-panel20-reloaded,jsb/data/Github_medium---o83131,warm,mask_ns,max,36104.5,20334.0,-43.68015067373873
o2-panel20-reloaded,jsb/data/Github_medium---o83131,warm,tbm_ns,mean,9748.511224489795,5704.084353741497,-41.48763618990417
o2-panel20-reloaded,jsb/data/Github_medium---o83131,warm,tbm_ns,p99,33929.984999999986,17869.82999999999,-47.333221632723976
o2-panel20-reloaded,jsb/data/Github_medium---o83131,warm,tbm_ns,max,79896.0,61042.0,-23.59817763092019
o2-panel20-reloaded,jsb/data/Github_hard---o63198,cold,commit_ns,mean,5273.266447368422,3402.491776315789,-35.47658154057864
o2-panel20-reloaded,jsb/data/Github_hard---o63198,cold,commit_ns,p99,20601.29999999996,17497.799999999937,-15.064583302995583
o2-panel20-reloaded,jsb/data/Github_hard---o63198,cold,commit_ns,max,51312.5,39771.0,-22.492570036540805
o2-panel20-reloaded,jsb/data/Github_hard---o63198,cold,mask_ns,mean,12928.322368421053,12237.65542763158,-5.342278147987001
o2-panel20-reloaded,jsb/data/Github_hard---o63198,cold,mask_ns,p99,262916.5749999999,254984.37499999994,-3.0170026366728497
o2-panel20-reloaded,jsb/data/Github_hard---o63198,cold,mask_ns,max,322833.5,303104.0,-6.111354614685283
o2-panel20-reloaded,jsb/data/Github_hard---o63198,cold,tbm_ns,mean,18205.9375,15666.443256578947,-13.948714497240545
o2-panel20-reloaded,jsb/data/Github_hard---o63198,cold,tbm_ns,p99,269338.82499999984,258420.04999999993,-4.053917960026709
o2-panel20-reloaded,jsb/data/Github_hard---o63198,cold,tbm_ns,max,331229.0,311125.0,-6.069516859936785
o2-panel20-reloaded,jsb/data/Github_hard---o63198,warm1,commit_ns,mean,4594.288240131578,2994.2878289473683,-34.825860450113744
o2-panel20-reloaded,jsb/data/Github_hard---o63198,warm1,commit_ns,p99,19289.224999999933,12187.549999999923,-36.81679797918286
o2-panel20-reloaded,jsb/data/Github_hard---o63198,warm1,commit_ns,max,46937.5,29250.5,-37.682023968042614
o2-panel20-reloaded,jsb/data/Github_hard---o63198,warm1,mask_ns,mean,1933.3700657894738,1877.9777960526317,-2.865062965285081
o2-panel20-reloaded,jsb/data/Github_hard---o63198,warm1,mask_ns,p99,10071.84999999993,8629.449999999939,-14.321102875837122
o2-panel20-reloaded,jsb/data/Github_hard---o63198,warm1,mask_ns,max,24333.0,23396.0,-3.850737681338101
o2-panel20-reloaded,jsb/data/Github_hard---o63198,warm1,tbm_ns,mean,6535.972450657895,4889.238075657895,-25.19494057589309
o2-panel20-reloaded,jsb/data/Github_hard---o63198,warm1,tbm_ns,p99,22067.39999999999,18162.099999999984,-17.697146016295573
o2-panel20-reloaded,jsb/data/Github_hard---o63198,warm1,tbm_ns,max,53791.0,37854.5,-29.62670335186184
o2-panel20-reloaded,jsb/data/Github_hard---o63198,warm,commit_ns,mean,4644.898026315789,2998.1583059210525,-35.452656033891174
o2-panel20-reloaded,jsb/data/Github_hard---o63198,warm,commit_ns,p99,18720.389999999985,14584.644999999899,-22.092194660474963
o2-panel20-reloaded,jsb/data/Github_hard---o63198,warm,commit_ns,max,50146.0,50125.0,-0.04187771706616328
o2-panel20-reloaded,jsb/data/Github_hard---o63198,warm,mask_ns,mean,1881.6151315789475,1818.3307291666667,-3.363302162604098
o2-panel20-reloaded,jsb/data/Github_hard---o63198,warm,mask_ns,p99,4597.1199999999735,4637.359999999984,0.8753306417933704
o2-panel20-reloaded,jsb/data/Github_hard---o63198,warm,mask_ns,max,24333.0,26229.0,7.791887560103561
o2-panel20-reloaded,jsb/data/Github_hard---o63198,warm,tbm_ns,mean,6533.938870614034,4819.56208881579,-26.23802909311782
o2-panel20-reloaded,jsb/data/Github_hard---o63198,warm,tbm_ns,p99,21965.004999999946,18018.364999999932,-17.9678538657288
o2-panel20-reloaded,jsb/data/Github_hard---o63198,warm,tbm_ns,max,57583.0,56354.0,-2.134310473577272
o2-panel20-reloaded,jsb/data/Kubernetes---kb_204_Normalized,cold,commit_ns,mean,3901.6434262948205,2958.4790836653383,-24.173514582934462
o2-panel20-reloaded,jsb/data/Kubernetes---kb_204_Normalized,cold,commit_ns,p99,13828.000000000004,8891.340000000004,-35.700462829042515
o2-panel20-reloaded,jsb/data/Kubernetes---kb_204_Normalized,cold,commit_ns,max,32812.5,18541.5,-43.492571428571424
o2-panel20-reloaded,jsb/data/Kubernetes---kb_204_Normalized,cold,mask_ns,mean,10727.459163346613,9658.318725099602,-9.966390195173446
o2-panel20-reloaded,jsb/data/Kubernetes---kb_204_Normalized,cold,mask_ns,p99,74126.99500000008,61461.460000000036,-17.086265266789823
o2-panel20-reloaded,jsb/data/Kubernetes---kb_204_Normalized,cold,mask_ns,max,138729.5,145229.0,4.685016524964047
o2-panel20-reloaded,jsb/data/Kubernetes---kb_204_Normalized,cold,tbm_ns,mean,14619.035856573704,12680.05079681275,-13.263426389976708
o2-panel20-reloaded,jsb/data/Kubernetes---kb_204_Normalized,cold,tbm_ns,p99,87606.87500000009,66097.71000000002,-24.55191444735364
o2-panel20-reloaded,jsb/data/Kubernetes---kb_204_Normalized,cold,tbm_ns,max,145416.5,150666.5,3.6103193241482145
o2-panel20-reloaded,jsb/data/Kubernetes---kb_204_Normalized,warm1,commit_ns,mean,3668.066733067729,2633.168326693227,-28.213728966402453
o2-panel20-reloaded,jsb/data/Kubernetes---kb_204_Normalized,warm1,commit_ns,p99,10227.205000000002,7700.085000000006,-24.709781411441302
o2-panel20-reloaded,jsb/data/Kubernetes---kb_204_Normalized,warm1,commit_ns,max,23708.5,14875.5,-37.25668009363731
o2-panel20-reloaded,jsb/data/Kubernetes---kb_204_Normalized,warm1,mask_ns,mean,2406.5966135458166,2261.2470119521913,-6.039632931231919
o2-panel20-reloaded,jsb/data/Kubernetes---kb_204_Normalized,warm1,mask_ns,p99,18249.795,15684.165000000005,-14.058404491666865
o2-panel20-reloaded,jsb/data/Kubernetes---kb_204_Normalized,warm1,mask_ns,max,37021.5,33895.5,-8.443742149831856
o2-panel20-reloaded,jsb/data/Kubernetes---kb_204_Normalized,warm1,tbm_ns,mean,6045.965139442231,4894.415338645418,-19.046583535264126
o2-panel20-reloaded,jsb/data/Kubernetes---kb_204_Normalized,warm1,tbm_ns,p99,23388.085000000006,18831.130000000005,-19.484087730996357
o2-panel20-reloaded,jsb/data/Kubernetes---kb_204_Normalized,warm1,tbm_ns,max,40146.5,37000.0,-7.837544991468748
o2-panel20-reloaded,jsb/data/Kubernetes---kb_204_Normalized,warm,commit_ns,mean,3508.6782868525897,2667.784860557769,-23.966102262659483
o2-panel20-reloaded,jsb/data/Kubernetes---kb_204_Normalized,warm,commit_ns,p99,9873.050000000021,7789.425000000001,-21.104167405209285
o2-panel20-reloaded,jsb/data/Kubernetes---kb_204_Normalized,warm,commit_ns,max,25520.5,27708.5,8.57349973550674
o2-panel20-reloaded,jsb/data/Kubernetes---kb_204_Normalized,warm,mask_ns,mean,2039.32802124834,2005.702855245684,-1.648835579774599
o2-panel20-reloaded,jsb/data/Kubernetes---kb_204_Normalized,warm,mask_ns,p99,7428.875000000026,9427.25000000003,26.900102640036284
o2-panel20-reloaded,jsb/data/Kubernetes---kb_204_Normalized,warm,mask_ns,max,37021.5,33895.5,-8.443742149831856
o2-panel20-reloaded,jsb/data/Kubernetes---kb_204_Normalized,warm,tbm_ns,mean,5556.120517928286,4679.047476759628,-15.785709441300833
o2-panel20-reloaded,jsb/data/Kubernetes---kb_204_Normalized,warm,tbm_ns,p99,17629.900000000016,15844.625000000007,-10.126404574047543
o2-panel20-reloaded,jsb/data/Kubernetes---kb_204_Normalized,warm,tbm_ns,max,48125.0,44167.0,-8.22441558441559
o2-panel20-reloaded,jsb/data/Github_medium---o42217,cold,commit_ns,mean,3037.9158878504677,1937.6475300400534,-36.21786772341906
o2-panel20-reloaded,jsb/data/Github_medium---o42217,cold,commit_ns,p99,8468.159999999982,5065.239999999998,-40.18488077693373
o2-panel20-reloaded,jsb/data/Github_medium---o42217,cold,commit_ns,max,21875.0,14604.5,-33.23657142857142
o2-panel20-reloaded,jsb/data/Github_medium---o42217,cold,mask_ns,mean,7579.566755674232,7275.806408544726,-4.007621502932269
o2-panel20-reloaded,jsb/data/Github_medium---o42217,cold,mask_ns,p99,37566.41999999991,31770.159999999945,-15.429364842324556
o2-panel20-reloaded,jsb/data/Github_medium---o42217,cold,mask_ns,max,277375.0,271292.0,-2.1930599369085146
o2-panel20-reloaded,jsb/data/Github_medium---o42217,cold,tbm_ns,mean,10596.771028037383,9197.981975967956,-13.200144160598093
o2-panel20-reloaded,jsb/data/Github_medium---o42217,cold,tbm_ns,p99,45403.17999999992,36959.23999999996,-18.597684126970783
o2-panel20-reloaded,jsb/data/Github_medium---o42217,cold,tbm_ns,max,286458.0,276271.0,-3.556193229024851
o2-panel20-reloaded,jsb/data/Github_medium---o42217,warm1,commit_ns,mean,2929.7242990654204,1807.797730307076,-38.29461253798653
o2-panel20-reloaded,jsb/data/Github_medium---o42217,warm1,commit_ns,p99,7979.999999999989,4700.919999999997,-41.09122807017539
o2-panel20-reloaded,jsb/data/Github_medium---o42217,warm1,commit_ns,max,25521.0,13479.0,-47.18467144704361
o2-panel20-reloaded,jsb/data/Github_medium---o42217,warm1,mask_ns,mean,2169.448598130841,2040.3851802403206,-5.9491346327227745
o2-panel20-reloaded,jsb/data/Github_medium---o42217,warm1,mask_ns,p99,15644.23999999999,13429.339999999997,-14.157926495630313
o2-panel20-reloaded,jsb/data/Github_medium---o42217,warm1,mask_ns,max,35729.0,42562.5,19.125920120910187
o2-panel20-reloaded,jsb/data/Github_medium---o42217,warm1,tbm_ns,mean,5073.41655540721,3848.182910547396,-24.150069908097105
o2-panel20-reloaded,jsb/data/Github_medium---o42217,warm1,tbm_ns,p99,21196.319999999956,16949.89999999998,-20.033760577307692
o2-panel20-reloaded,jsb/data/Github_medium---o42217,warm1,tbm_ns,max,42813.0,44229.0,3.3074066288276915
o2-panel20-reloaded,jsb/data/Github_medium---o42217,warm,commit_ns,mean,2780.9637294170006,1774.7612372051624,-36.18179128221776
o2-panel20-reloaded,jsb/data/Github_medium---o42217,warm,commit_ns,p99,6897.6399999999985,4166.77,-39.59136748221129
o2-panel20-reloaded,jsb/data/Github_medium---o42217,warm,commit_ns,max,34146.5,20292.0,-40.5737044792292
o2-panel20-reloaded,jsb/data/Github_medium---o42217,warm,mask_ns,mean,1882.900979083222,1764.6797952825991,-6.278672384470497
o2-panel20-reloaded,jsb/data/Github_medium---o42217,warm,mask_ns,p99,7889.569999999958,10069.249999999965,27.627361186985077
o2-panel20-reloaded,jsb/data/Github_medium---o42217,warm,mask_ns,max,35729.0,42562.5,19.125920120910187
o2-panel20-reloaded,jsb/data/Github_medium---o42217,warm,tbm_ns,mean,4663.864708500223,3534.1784601691143,-24.22210589154046
o2-panel20-reloaded,jsb/data/Github_medium---o42217,warm,tbm_ns,p99,14774.659999999987,12418.449999999999,-15.947642788395743
o2-panel20-reloaded,jsb/data/Github_medium---o42217,warm,tbm_ns,max,47812.5,44229.0,-7.494901960784317
o2-panel20-reloaded,jsb/data/Github_ultra---o6353,cold,commit_ns,mean,4627.55462184874,2637.3214285714284,-43.00831337312664
o2-panel20-reloaded,jsb/data/Github_ultra---o6353,cold,commit_ns,p99,12705.544999999995,7042.209999999999,-44.57372745521737
o2-panel20-reloaded,jsb/data/Github_ultra---o6353,cold,commit_ns,max,21875.0,17604.0,-19.524571428571424
o2-panel20-reloaded,jsb/data/Github_ultra---o6353,cold,mask_ns,mean,11387.071428571428,10648.09243697479,-6.489631651404748
o2-panel20-reloaded,jsb/data/Github_ultra---o6353,cold,mask_ns,p99,57929.18499999996,53140.434999999954,-8.266558557659687
o2-panel20-reloaded,jsb/data/Github_ultra---o6353,cold,mask_ns,max,292937.5,282270.5,-3.641391081715384
o2-panel20-reloaded,jsb/data/Github_ultra---o6353,cold,tbm_ns,mean,15955.878151260506,13304.75,-16.61536974729948
o2-panel20-reloaded,jsb/data/Github_ultra---o6353,cold,tbm_ns,p99,72875.97499999998,58394.62499999993,-19.87122642269974
o2-panel20-reloaded,jsb/data/Github_ultra---o6353,cold,tbm_ns,max,301875.0,286937.5,-4.948240165631468
o2-panel20-reloaded,jsb/data/Github_ultra---o6353,warm1,commit_ns,mean,3825.546218487395,2075.8130252100837,-45.738127141727446
o2-panel20-reloaded,jsb/data/Github_ultra---o6353,warm1,commit_ns,p99,10396.395,3938.209999999999,-62.11946544932163
o2-panel20-reloaded,jsb/data/Github_ultra---o6353,warm1,commit_ns,max,10604.5,4333.5,-59.1352727615635
o2-panel20-reloaded,jsb/data/Github_ultra---o6353,warm1,mask_ns,mean,2900.1029411764703,2865.27731092437,-1.2008411755885073
o2-panel20-reloaded,jsb/data/Github_ultra---o6353,warm1,mask_ns,p99,18483.23,17247.289999999994,-6.68681826715356
o2-panel20-reloaded,jsb/data/Github_ultra---o6353,warm1,mask_ns,max,22645.5,20396.0,-9.933540880086555
o2-panel20-reloaded,jsb/data/Github_ultra---o6353,warm1,tbm_ns,mean,6713.050420168067,4941.0903361344535,-26.395751158223103
o2-panel20-reloaded,jsb/data/Github_ultra---o6353,warm1,tbm_ns,p99,23167.889999999992,19973.974999999995,-13.785955475444666
o2-panel20-reloaded,jsb/data/Github_ultra---o6353,warm1,tbm_ns,max,26771.0,23000.5,-14.08427029248067
o2-panel20-reloaded,jsb/data/Github_ultra---o6353,warm,commit_ns,mean,3862.740896358543,2011.467787114846,-47.926411812630676
o2-panel20-reloaded,jsb/data/Github_ultra---o6353,warm,commit_ns,p99,10393.27,3699.9400000000005,-64.40061693769141
o2-panel20-reloaded,jsb/data/Github_ultra---o6353,warm,commit_ns,max,15979.5,5000.0,-68.70990957163866
o2-panel20-reloaded,jsb/data/Github_ultra---o6353,warm,mask_ns,mean,2126.9194677871146,2042.8970588235295,-3.950427378005217
o2-panel20-reloaded,jsb/data/Github_ultra---o6353,warm,mask_ns,p99,14606.085000000001,13705.060000000001,-6.168833058276735
o2-panel20-reloaded,jsb/data/Github_ultra---o6353,warm,mask_ns,max,22645.5,21250.0,-6.162372215230394
o2-panel20-reloaded,jsb/data/Github_ultra---o6353,warm,tbm_ns,mean,6002.385154061625,4048.375350140056,-32.553889058574526
o2-panel20-reloaded,jsb/data/Github_ultra---o6353,warm,tbm_ns,p99,19971.105000000003,16526.835,-17.246266543588874
o2-panel20-reloaded,jsb/data/Github_ultra---o6353,warm,tbm_ns,max,26833.0,23375.5,-12.885253232959414
o2-panel20-reloaded,jsb/data/Kubernetes---kb_150_Normalized,cold,commit_ns,mean,6591.303571428572,5555.923469387755,-15.708275166218943
o2-panel20-reloaded,jsb/data/Kubernetes---kb_150_Normalized,cold,commit_ns,p99,21434.52500000011,21107.15000000004,-1.527325658021661
o2-panel20-reloaded,jsb/data/Kubernetes---kb_150_Normalized,cold,commit_ns,max,31708.0,29771.0,-6.108868424372393
o2-panel20-reloaded,jsb/data/Kubernetes---kb_150_Normalized,cold,mask_ns,mean,18542.951530612245,17842.38775510204,-3.7780596813492995
o2-panel20-reloaded,jsb/data/Kubernetes---kb_150_Normalized,cold,mask_ns,p99,264287.525,256279.65000000008,-3.029985997258078
o2-panel20-reloaded,jsb/data/Kubernetes---kb_150_Normalized,cold,mask_ns,max,275146.5,269166.5,-2.173387631679846
o2-panel20-reloaded,jsb/data/Kubernetes---kb_150_Normalized,cold,tbm_ns,mean,25134.255102040814,23455.798469387755,-6.677964498405897
o2-panel20-reloaded,jsb/data/Kubernetes---kb_150_Normalized,cold,tbm_ns,p99,277421.0,271574.67500000016,-2.107383723654599
o2-panel20-reloaded,jsb/data/Kubernetes---kb_150_Normalized,cold,tbm_ns,max,288042.0,285625.0,-0.8391137403573112
o2-panel20-reloaded,jsb/data/Kubernetes---kb_150_Normalized,warm1,commit_ns,mean,5588.331632653061,4561.757653061224,-18.36995452441449
o2-panel20-reloaded,jsb/data/Kubernetes---kb_150_Normalized,warm1,commit_ns,p99,16495.825000000026,19576.025000000005,18.672603522406273
o2-panel20-reloaded,jsb/data/Kubernetes---kb_150_Normalized,warm1,commit_ns,max,17708.5,20333.0,14.820566394669221
o2-panel20-reloaded,jsb/data/Kubernetes---kb_150_Normalized,warm1,mask_ns,mean,1992.8520408163265,1924.6301020408164,-3.4233318569683924
o2-panel20-reloaded,jsb/data/Kubernetes---kb_150_Normalized,warm1,mask_ns,p99,10445.500000000011,9832.150000000009,-5.871906562634644
o2-panel20-reloaded,jsb/data/Kubernetes---kb_150_Normalized,warm1,mask_ns,max,17249.5,15375.0,-10.866981651642071
o2-panel20-reloaded,jsb/data/Kubernetes---kb_150_Normalized,warm1,tbm_ns,mean,7553.890306122449,6440.47193877551,-14.739668200430579
o2-panel20-reloaded,jsb/data/Kubernetes---kb_150_Normalized,warm1,tbm_ns,p99,19168.750000000022,21998.95000000001,14.764656015650402
o2-panel20-reloaded,jsb/data/Kubernetes---kb_150_Normalized,warm1,tbm_ns,max,21208.5,23562.5,11.099323384492067
o2-panel20-reloaded,jsb/data/Kubernetes---kb_150_Normalized,warm,commit_ns,mean,5655.305272108844,4831.022108843537,-14.575396439349674
o2-panel20-reloaded,jsb/data/Kubernetes---kb_150_Normalized,warm,commit_ns,p99,17285.875,20302.494999999995,17.45135840679164
o2-panel20-reloaded,jsb/data/Kubernetes---kb_150_Normalized,warm,commit_ns,max,38187.5,36208.5,-5.182324058919807
o2-panel20-reloaded,jsb/data/Kubernetes---kb_150_Normalized,warm,mask_ns,mean,1962.1862244897961,1888.9685374149658,-3.731434160581182
o2-panel20-reloaded,jsb/data/Kubernetes---kb_150_Normalized,warm,mask_ns,p99,6190.23,5141.959999999999,-16.934265770415646
o2-panel20-reloaded,jsb/data/Kubernetes---kb_150_Normalized,warm,mask_ns,max,17624.5,15916.5,-9.691055065391929
o2-panel20-reloaded,jsb/data/Kubernetes---kb_150_Normalized,warm,tbm_ns,mean,7629.284863945579,6711.457482993197,-12.030319975202975
o2-panel20-reloaded,jsb/data/Kubernetes---kb_150_Normalized,warm,tbm_ns,p99,20420.854999999996,23402.475,14.600857799538769
o2-panel20-reloaded,jsb/data/Kubernetes---kb_150_Normalized,warm,tbm_ns,max,44708.5,42917.0,-4.007068007202208
o2-panel20-reloaded,jsb/data/Glaiveai2K---create_invoice_85673ce7,cold,commit_ns,mean,3927.9506172839506,3241.2283950617284,-17.482964760312292
o2-panel20-reloaded,jsb/data/Glaiveai2K---create_invoice_85673ce7,cold,commit_ns,p99,11646.100000000031,14245.700000000006,22.321635568988473
o2-panel20-reloaded,jsb/data/Glaiveai2K---create_invoice_85673ce7,cold,commit_ns,max,20437.0,16396.0,-19.77296080638058
o2-panel20-reloaded,jsb/data/Glaiveai2K---create_invoice_85673ce7,cold,mask_ns,mean,23796.870370370372,24226.09259259259,1.803691895370596
o2-panel20-reloaded,jsb/data/Glaiveai2K---create_invoice_85673ce7,cold,mask_ns,p99,276250.30000000005,271941.3000000001,-1.5598173106056157
o2-panel20-reloaded,jsb/data/Glaiveai2K---create_invoice_85673ce7,cold,mask_ns,max,287021.0,287541.0,0.1811714125447228
o2-panel20-reloaded,jsb/data/Glaiveai2K---create_invoice_85673ce7,cold,tbm_ns,mean,27724.82098765432,27581.01234567901,-0.5186999838135864
o2-panel20-reloaded,jsb/data/Glaiveai2K---create_invoice_85673ce7,cold,tbm_ns,p99,280316.9,275170.9000000001,-1.835779433919238
o2-panel20-reloaded,jsb/data/Glaiveai2K---create_invoice_85673ce7,cold,tbm_ns,max,291354.5,290395.5,-0.3291522869905861
o2-panel20-reloaded,jsb/data/Glaiveai2K---create_invoice_85673ce7,warm1,commit_ns,mean,3463.9814814814818,2167.9691358024693,-37.4139513333868
o2-panel20-reloaded,jsb/data/Glaiveai2K---create_invoice_85673ce7,warm1,commit_ns,p99,8766.400000000005,3758.2000000000016,-57.12949443329075
o2-panel20-reloaded,jsb/data/Glaiveai2K---create_invoice_85673ce7,warm1,commit_ns,max,10000.0,4375.0,-56.25
o2-panel20-reloaded,jsb/data/Glaiveai2K---create_invoice_85673ce7,warm1,mask_ns,mean,7482.5,6123.432098765432,-18.16328635128056
o2-panel20-reloaded,jsb/data/Glaiveai2K---create_invoice_85673ce7,warm1,mask_ns,p99,19100.000000000015,15324.700000000003,-19.765968586387483
o2-panel20-reloaded,jsb/data/Glaiveai2K---create_invoice_85673ce7,warm1,mask_ns,max,22750.0,15937.5,-29.94505494505495
o2-panel20-reloaded,jsb/data/Glaiveai2K---create_invoice_85673ce7,warm1,tbm_ns,mean,10875.481481481482,8228.123456790123,-24.34244432487167
o2-panel20-reloaded,jsb/data/Glaiveai2K---create_invoice_85673ce7,warm1,tbm_ns,p99,23879.200000000004,16987.400000000005,-28.861100874401146
o2-panel20-reloaded,jsb/data/Glaiveai2K---create_invoice_85673ce7,warm1,tbm_ns,max,25146.0,17250.0,-31.400620376998333
o2-panel20-reloaded,jsb/data/Glaiveai2K---create_invoice_85673ce7,warm,commit_ns,mean,2962.617283950617,1890.6769547325102,-36.18220736863746
o2-panel20-reloaded,jsb/data/Glaiveai2K---create_invoice_85673ce7,warm,commit_ns,p99,7624.389999999989,3727.9999999999964,-51.10428506411658
o2-panel20-reloaded,jsb/data/Glaiveai2K---create_invoice_85673ce7,warm,commit_ns,max,12396.0,4375.0,-64.70635688931914
o2-panel20-reloaded,jsb/data/Glaiveai2K---create_invoice_85673ce7,warm,mask_ns,mean,3701.9979423868313,3227.5473251028807,-12.816069178527222
o2-panel20-reloaded,jsb/data/Glaiveai2K---create_invoice_85673ce7,warm,mask_ns,p99,17040.209999999992,13608.139999999987,-20.141007651901045
o2-panel20-reloaded,jsb/data/Glaiveai2K---create_invoice_85673ce7,warm,mask_ns,max,22750.0,15937.5,-29.94505494505495
o2-panel20-reloaded,jsb/data/Glaiveai2K---create_invoice_85673ce7,warm,tbm_ns,mean,6785.059670781893,5146.026748971193,-24.156499741170613
o2-panel20-reloaded,jsb/data/Glaiveai2K---create_invoice_85673ce7,warm,tbm_ns,p99,22798.49999999998,15961.959999999992,-29.9867973770204
o2-panel20-reloaded,jsb/data/Glaiveai2K---create_invoice_85673ce7,warm,tbm_ns,max,32062.5,17833.0,-44.380506822612084
o2-panel20-reloaded,jsb/data/Glaiveai2K---calculate_area_423b749e,cold,commit_ns,mean,4430.175438596491,3206.5877192982452,-27.619396483446867
o2-panel20-reloaded,jsb/data/Glaiveai2K---calculate_area_423b749e,cold,commit_ns,p99,14627.739999999976,10649.039999999975,-27.199690451156556
o2-panel20-reloaded,jsb/data/Glaiveai2K---calculate_area_423b749e,cold,commit_ns,max,20437.5,15208.0,-25.587767584097865
o2-panel20-reloaded,jsb/data/Glaiveai2K---calculate_area_423b749e,cold,mask_ns,mean,21443.710526315786,21008.42105263158,-2.029916758809147
o2-panel20-reloaded,jsb/data/Glaiveai2K---calculate_area_423b749e,cold,mask_ns,p99,271026.98,271741.52,0.2636416492557414
o2-panel20-reloaded,jsb/data/Glaiveai2K---calculate_area_423b749e,cold,mask_ns,max,274375.5,278291.0,1.4270589028539282
o2-panel20-reloaded,jsb/data/Glaiveai2K---calculate_area_423b749e,cold,tbm_ns,mean,25873.885964912282,24199.552631578947,-6.471132073488728
o2-panel20-reloaded,jsb/data/Glaiveai2K---calculate_area_423b749e,cold,tbm_ns,p99,274923.76,274333.0,-0.2148813911173053
o2-panel20-reloaded,jsb/data/Glaiveai2K---calculate_area_423b749e,cold,tbm_ns,max,279042.0,281395.5,0.8434214204313228
o2-panel20-reloaded,jsb/data/Glaiveai2K---calculate_area_423b749e,warm1,commit_ns,mean,3289.9122807017543,2135.6140350877195,-35.08598853486201
o2-panel20-reloaded,jsb/data/Glaiveai2K---calculate_area_423b749e,warm1,commit_ns,p99,7794.479999999992,3233.7599999999998,-58.5121778489392
o2-panel20-reloaded,jsb/data/Glaiveai2K---calculate_area_423b749e,warm1,commit_ns,max,9188.0,3292.0,-64.17065737919026
o2-panel20-reloaded,jsb/data/Glaiveai2K---calculate_area_423b749e,warm1,mask_ns,mean,4506.570175438597,4224.043859649122,-6.26920928313246
o2-panel20-reloaded,jsb/data/Glaiveai2K---calculate_area_423b749e,warm1,mask_ns,p99,17367.719999999994,15040.999999999993,-13.396807410529432
o2-panel20-reloaded,jsb/data/Glaiveai2K---calculate_area_423b749e,warm1,mask_ns,max,18313.0,16896.0,-7.737672691530606
o2-panel20-reloaded,jsb/data/Glaiveai2K---calculate_area_423b749e,warm1,tbm_ns,mean,7812.8859649122805,6359.657894736842,-18.600400373202618
o2-panel20-reloaded,jsb/data/Glaiveai2K---calculate_area_423b749e,warm1,tbm_ns,p99,20725.979999999996,17586.019999999993,-15.149874698325505
o2-panel20-reloaded,jsb/data/Glaiveai2K---calculate_area_423b749e,warm1,tbm_ns,max,21729.5,19312.5,-11.123127545502653
o2-panel20-reloaded,jsb/data/Glaiveai2K---calculate_area_423b749e,warm,commit_ns,mean,2999.2865497076023,2037.8011695906434,-32.05713639501011
o2-panel20-reloaded,jsb/data/Glaiveai2K---calculate_area_423b749e,warm,commit_ns,p99,6454.050000000011,3188.0,-50.604659090028825
o2-panel20-reloaded,jsb/data/Glaiveai2K---calculate_area_423b749e,warm,commit_ns,max,10604.5,3292.0,-68.95657503889858
o2-panel20-reloaded,jsb/data/Glaiveai2K---calculate_area_423b749e,warm,mask_ns,mean,2793.1491228070176,2779.470760233918,-0.48971114579636765
o2-panel20-reloaded,jsb/data/Glaiveai2K---calculate_area_423b749e,warm,mask_ns,p99,16033.550000000028,13276.900000000005,-17.193010905258156
o2-panel20-reloaded,jsb/data/Glaiveai2K---calculate_area_423b749e,warm,mask_ns,max,18313.0,16896.0,-7.737672691530606
o2-panel20-reloaded,jsb/data/Glaiveai2K---calculate_area_423b749e,warm,tbm_ns,mean,5789.596491228071,4817.271929824561,-16.794340726105816
o2-panel20-reloaded,jsb/data/Glaiveai2K---calculate_area_423b749e,warm,tbm_ns,p99,19229.400000000023,15149.750000000018,-21.215690557167665
o2-panel20-reloaded,jsb/data/Glaiveai2K---calculate_area_423b749e,warm,tbm_ns,max,21729.5,19312.5,-11.123127545502653
o2-panel20-reloaded,jsb/data/Glaiveai2K---search_hotels_487ba3e4,cold,commit_ns,mean,3848.951923076923,2919.4423076923076,-24.14968110699466
o2-panel20-reloaded,jsb/data/Glaiveai2K---search_hotels_487ba3e4,cold,commit_ns,p99,18340.250000000015,11544.170000000016,-37.05554722536494
o2-panel20-reloaded,jsb/data/Glaiveai2K---search_hotels_487ba3e4,cold,commit_ns,max,21416.5,14833.5,-30.737982396750173
o2-panel20-reloaded,jsb/data/Glaiveai2K---search_hotels_487ba3e4,cold,mask_ns,mean,23043.259615384617,22740.78846153846,-1.312623122313017
o2-panel20-reloaded,jsb/data/Glaiveai2K---search_hotels_487ba3e4,cold,mask_ns,p99,278936.67000000004,276696.32500000007,-0.8031733511409511
o2-panel20-reloaded,jsb/data/Glaiveai2K---search_hotels_487ba3e4,cold,mask_ns,max,285520.5,284604.0,-0.32099271330779944
o2-panel20-reloaded,jsb/data/Glaiveai2K---search_hotels_487ba3e4,cold,tbm_ns,mean,26980.759615384617,25677.884615384617,-4.828904073023543
o2-panel20-reloaded,jsb/data/Glaiveai2K---search_hotels_487ba3e4,cold,tbm_ns,p99,285753.335,280784.4600000001,-1.7388685944820015
o2-panel20-reloaded,jsb/data/Glaiveai2K---search_hotels_487ba3e4,cold,tbm_ns,max,294479.0,289125.0,-1.818126250089136
o2-panel20-reloaded,jsb/data/Glaiveai2K---search_hotels_487ba3e4,warm1,commit_ns,mean,2804.1346153846152,2090.5384615384614,-25.447999177039403
o2-panel20-reloaded,jsb/data/Glaiveai2K---search_hotels_487ba3e4,warm1,commit_ns,p99,7125.535000000002,4495.830000000001,-36.905369210873296
o2-panel20-reloaded,jsb/data/Glaiveai2K---search_hotels_487ba3e4,warm1,commit_ns,max,7646.5,4708.5,-38.42280782057151
o2-panel20-reloaded,jsb/data/Glaiveai2K---search_hotels_487ba3e4,warm1,mask_ns,mean,6055.2692307692305,5610.9807692307695,-7.337220602526717
o2-panel20-reloaded,jsb/data/Glaiveai2K---search_hotels_487ba3e4,warm1,mask_ns,p99,20286.045000000013,20204.07500000001,-0.40407087729521507
o2-panel20-reloaded,jsb/data/Glaiveai2K---search_hotels_487ba3e4,warm1,mask_ns,max,23291.5,23604.5,1.3438378807719475
o2-panel20-reloaded,jsb/data/Glaiveai2K---search_hotels_487ba3e4,warm1,tbm_ns,mean,8788.471153846152,7699.528846153846,-12.390577253197744
o2-panel20-reloaded,jsb/data/Glaiveai2K---search_hotels_487ba3e4,warm1,tbm_ns,p99,23312.370000000017,22342.585000000014,-4.159958854462253
o2-panel20-reloaded,jsb/data/Glaiveai2K---search_hotels_487ba3e4,warm1,tbm_ns,max,27167.0,26125.0,-3.835535760297415
o2-panel20-reloaded,jsb/data/Glaiveai2K---search_hotels_487ba3e4,warm,commit_ns,mean,2554.25641025641,1738.230769230769,-31.947679087696756
o2-panel20-reloaded,jsb/data/Glaiveai2K---search_hotels_487ba3e4,warm,commit_ns,p99,6891.574999999999,4049.999999999997,-41.2325919691798
o2-panel20-reloaded,jsb/data/Glaiveai2K---search_hotels_487ba3e4,warm,commit_ns,max,8458.5,4708.5,-44.334101791097716
o2-panel20-reloaded,jsb/data/Glaiveai2K---search_hotels_487ba3e4,warm,mask_ns,mean,3180.669871794872,2926.576923076923,-7.988661475721248
o2-panel20-reloaded,jsb/data/Glaiveai2K---search_hotels_487ba3e4,warm,mask_ns,p99,17259.29999999999,16375.999999999989,-5.117820537333495
o2-panel20-reloaded,jsb/data/Glaiveai2K---search_hotels_487ba3e4,warm,mask_ns,max,23291.5,23604.5,1.3438378807719475
o2-panel20-reloaded,jsb/data/Glaiveai2K---search_hotels_487ba3e4,warm,tbm_ns,mean,5681.6057692307695,4664.807692307692,-17.896315200706738
o2-panel20-reloaded,jsb/data/Glaiveai2K---search_hotels_487ba3e4,warm,tbm_ns,p99,21925.07499999996,18593.824999999997,-15.193790671183427
o2-panel20-reloaded,jsb/data/Glaiveai2K---search_hotels_487ba3e4,warm,tbm_ns,max,27167.0,26125.0,-3.835535760297415
o2-panel20-reloaded,jsb/data/Github_hard---o77317,cold,commit_ns,mean,6341.839460784314,4269.299019607843,-32.68043055949818
o2-panel20-reloaded,jsb/data/Github_hard---o77317,cold,commit_ns,p99,17718.410000000014,15116.030000000006,-14.687435272126592
o2-panel20-reloaded,jsb/data/Github_hard---o77317,cold,commit_ns,max,43771.0,21417.0,-51.07034337803569
o2-panel20-reloaded,jsb/data/Github_hard---o77317,cold,mask_ns,mean,15725.19362745098,14322.914215686274,-8.917406328891175
o2-panel20-reloaded,jsb/data/Github_hard---o77317,cold,mask_ns,p99,59648.50000000006,54975.22,-7.8346982740555955
o2-panel20-reloaded,jsb/data/Github_hard---o77317,cold,mask_ns,max,100208.5,102584.0,2.3705573878463504
o2-panel20-reloaded,jsb/data/Github_hard---o77317,cold,tbm_ns,mean,22067.033088235294,18595.57843137255,-15.731406406027004
o2-panel20-reloaded,jsb/data/Github_hard---o77317,cold,tbm_ns,p99,71359.35000000003,69877.97000000003,-2.0759437971338057
o2-panel20-reloaded,jsb/data/Github_hard---o77317,cold,tbm_ns,max,110166.5,107604.5,-2.3255708405005127
o2-panel20-reloaded,jsb/data/Github_hard---o77317,warm1,commit_ns,mean,6269.992647058823,4090.018382352941,-34.76837035412604
o2-panel20-reloaded,jsb/data/Github_hard---o77317,warm1,commit_ns,p99,17950.22000000001,14874.090000000002,-17.137004448970572
o2-panel20-reloaded,jsb/data/Github_hard---o77317,warm1,commit_ns,max,22708.0,27374.5,20.550026422406198
o2-panel20-reloaded,jsb/data/Github_hard---o77317,warm1,mask_ns,mean,6479.724264705883,5970.844362745098,-7.853419083472113
o2-panel20-reloaded,jsb/data/Github_hard---o77317,warm1,mask_ns,p99,24920.0,22693.940000000002,-8.9328250401284
o2-panel20-reloaded,jsb/data/Github_hard---o77317,warm1,mask_ns,max,40083.0,37479.0,-6.496519721577732
o2-panel20-reloaded,jsb/data/Github_hard---o77317,warm1,tbm_ns,mean,12686.287990196079,9884.230392156864,-22.08729299070489
o2-panel20-reloaded,jsb/data/Github_hard---o77317,warm1,tbm_ns,p99,35944.34000000001,29727.90500000001,-17.294614395479236
o2-panel20-reloaded,jsb/data/Github_hard---o77317,warm1,tbm_ns,max,59583.5,62458.0,4.82432216972819
o2-panel20-reloaded,jsb/data/Github_hard---o77317,warm,commit_ns,mean,5961.253267973856,3705.7369281045753,-37.836277683197615
o2-panel20-reloaded,jsb/data/Github_hard---o77317,warm,commit_ns,p99,17105.909999999996,13958.554999999997,-18.399225764662617
o2-panel20-reloaded,jsb/data/Github_hard---o77317,warm,commit_ns,max,37208.5,30062.0,-19.20663289302176
o2-panel20-reloaded,jsb/data/Github_hard---o77317,warm,mask_ns,mean,3345.4632352941176,3086.9799836601305,-7.726381474081945
o2-panel20-reloaded,jsb/data/Github_hard---o77317,warm,mask_ns,p99,21508.42,18466.42,-14.143298298991747
o2-panel20-reloaded,jsb/data/Github_hard---o77317,warm,mask_ns,max,40083.0,37479.0,-6.496519721577732
o2-panel20-reloaded,jsb/data/Github_hard---o77317,warm,tbm_ns,mean,9304.453839869282,6777.3741830065355,-27.159892459612113
o2-panel20-reloaded,jsb/data/Github_hard---o77317,warm,tbm_ns,p99,30160.545,24625.0,-18.353597390232835
o2-panel20-reloaded,jsb/data/Github_hard---o77317,warm,tbm_ns,max,61104.0,62458.0,2.215894213144809
o2-panel20-reloaded,jsb/data/JsonSchemaStore---pyrseas-0.8,cold,commit_ns,mean,5198.658898305084,3045.4300847457625,-41.41892852907386
o2-panel20-reloaded,jsb/data/JsonSchemaStore---pyrseas-0.8,cold,commit_ns,p99,15390.844999999967,7437.594999999986,-51.67520041947014
o2-panel20-reloaded,jsb/data/JsonSchemaStore---pyrseas-0.8,cold,commit_ns,max,34521.0,25833.0,-25.167289475971145
o2-panel20-reloaded,jsb/data/JsonSchemaStore---pyrseas-0.8,cold,mask_ns,mean,9841.222457627118,9327.975988700564,-5.215271488236494
o2-panel20-reloaded,jsb/data/JsonSchemaStore---pyrseas-0.8,cold,mask_ns,p99,64570.08999999979,56242.09499999955,-12.897604757868963
o2-panel20-reloaded,jsb/data/JsonSchemaStore---pyrseas-0.8,cold,mask_ns,max,305958.0,278479.5,-8.981134665542335
o2-panel20-reloaded,jsb/data/JsonSchemaStore---pyrseas-0.8,cold,tbm_ns,mean,15073.315677966102,12429.99152542373,-17.53644791242802
o2-panel20-reloaded,jsb/data/JsonSchemaStore---pyrseas-0.8,cold,tbm_ns,p99,75412.81499999965,61079.4049999994,-19.006597220910425
o2-panel20-reloaded,jsb/data/JsonSchemaStore---pyrseas-0.8,cold,tbm_ns,max,322229.5,283021.0,-12.167880346150806
o2-panel20-reloaded,jsb/data/JsonSchemaStore---pyrseas-0.8,warm1,commit_ns,mean,4637.9350282485875,2875.116525423729,-38.00869335357092
o2-panel20-reloaded,jsb/data/JsonSchemaStore---pyrseas-0.8,warm1,commit_ns,p99,8971.719999999994,7786.249999999982,-13.213408354251055
o2-panel20-reloaded,jsb/data/JsonSchemaStore---pyrseas-0.8,warm1,commit_ns,max,20166.5,17437.5,-13.53234324250614
o2-panel20-reloaded,jsb/data/JsonSchemaStore---pyrseas-0.8,warm1,mask_ns,mean,1889.7761299435028,1946.8891242937852,3.022209532934994
o2-panel20-reloaded,jsb/data/JsonSchemaStore---pyrseas-0.8,warm1,mask_ns,p99,4993.184999999995,5814.529999999986,16.44932042373739
o2-panel20-reloaded,jsb/data/JsonSchemaStore---pyrseas-0.8,warm1,mask_ns,max,9916.5,42583.5,329.42066253214335
o2-panel20-reloaded,jsb/data/JsonSchemaStore---pyrseas-0.8,warm1,tbm_ns,mean,6536.803672316384,4806.869350282486,-26.464529283023086
o2-panel20-reloaded,jsb/data/JsonSchemaStore---pyrseas-0.8,warm1,tbm_ns,p99,12904.84499999999,11638.219999999994,-9.815112076123322
o2-panel20-reloaded,jsb/data/JsonSchemaStore---pyrseas-0.8,warm1,tbm_ns,max,26395.5,45000.0,70.48360515997045
o2-panel20-reloaded,jsb/data/JsonSchemaStore---pyrseas-0.8,warm,commit_ns,mean,4619.227871939736,2783.5084745762715,-39.74082786681398
o2-panel20-reloaded,jsb/data/JsonSchemaStore---pyrseas-0.8,warm,commit_ns,p99,9242.134999999998,7279.034999999998,-21.240763092077763
o2-panel20-reloaded,jsb/data/JsonSchemaStore---pyrseas-0.8,warm,commit_ns,max,41625.0,27687.5,-33.483483483483475
o2-panel20-reloaded,jsb/data/JsonSchemaStore---pyrseas-0.8,warm,mask_ns,mean,1899.8243879472693,1895.2535310734463,-0.24059365185651327
o2-panel20-reloaded,jsb/data/JsonSchemaStore---pyrseas-0.8,warm,mask_ns,p99,4948.454999999999,5927.839999999998,19.79173297524175
o2-panel20-reloaded,jsb/data/JsonSchemaStore---pyrseas-0.8,warm,mask_ns,max,14249.5,42583.5,198.8420646338468
o2-panel20-reloaded,jsb/data/JsonSchemaStore---pyrseas-0.8,warm,tbm_ns,mean,6521.308615819209,4678.781073446327,-28.253954089878984
o2-panel20-reloaded,jsb/data/JsonSchemaStore---pyrseas-0.8,warm,tbm_ns,p99,12753.204999999998,11407.454999999998,-10.552249414950987
o2-panel20-reloaded,jsb/data/JsonSchemaStore---pyrseas-0.8,warm,tbm_ns,max,47333.0,45791.5,-3.2567130754441953
o2-panel20-reloaded,jsb/data/Github_hard---o12335,cold,commit_ns,mean,4931.309699592668,2444.0762474541752,-50.4375835965837
o2-panel20-reloaded,jsb/data/Github_hard---o12335,cold,commit_ns,p99,26686.125000000007,8524.760000000002,-68.05545953187284
o2-panel20-reloaded,jsb/data/Github_hard---o12335,cold,commit_ns,max,60000.0,27166.5,-54.72250000000001
o2-panel20-reloaded,jsb/data/Github_hard---o12335,cold,mask_ns,mean,4986.1844450101835,4597.402367617107,-7.797186038357273
o2-panel20-reloaded,jsb/data/Github_hard---o12335,cold,mask_ns,p99,40183.705000000016,33526.86500000002,-16.5660184893354
o2-panel20-reloaded,jsb/data/Github_hard---o12335,cold,mask_ns,max,263604.0,266687.5,1.1697470448096325
o2-panel20-reloaded,jsb/data/Github_hard---o12335,cold,tbm_ns,mean,9916.56899185336,7013.296461303462,-29.27698615251897
o2-panel20-reloaded,jsb/data/Github_hard---o12335,cold,tbm_ns,p99,53532.875,40662.84000000001,-24.041367103859056
o2-panel20-reloaded,jsb/data/Github_hard---o12335,cold,tbm_ns,max,270541.5,271166.5,0.23101816172379497
o2-panel20-reloaded,jsb/data/Github_hard---o12335,warm1,commit_ns,mean,4712.530677189409,2129.5232942973525,-54.81147094479144
o2-panel20-reloaded,jsb/data/Github_hard---o12335,warm1,commit_ns,p99,25852.59,7863.295000000001,-69.58411130180767
o2-panel20-reloaded,jsb/data/Github_hard---o12335,warm1,commit_ns,max,65854.0,29750.0,-54.82430831840131
o2-panel20-reloaded,jsb/data/Github_hard---o12335,warm1,mask_ns,mean,1858.8391038696536,1685.1617871690428,-9.343321664530112
o2-panel20-reloaded,jsb/data/Github_hard---o12335,warm1,mask_ns,p99,9019.455000000002,6280.430000000001,-30.36796569194037
o2-panel20-reloaded,jsb/data/Github_hard---o12335,warm1,mask_ns,max,21625.0,14771.5,-31.692485549132943
o2-panel20-reloaded,jsb/data/Github_hard---o12335,warm1,tbm_ns,mean,6572.512092668025,3814.9811608961304,-41.95550944437305
o2-panel20-reloaded,jsb/data/Github_hard---o12335,warm1,tbm_ns,p99,34338.16,12994.330000000002,-62.15775685126984
o2-panel20-reloaded,jsb/data/Github_hard---o12335,warm1,tbm_ns,max,85208.5,39271.0,-53.911874988997575
o2-panel20-reloaded,jsb/data/Github_hard---o12335,warm,commit_ns,mean,4673.840291921249,2129.5230397148675,-54.437402506119945
o2-panel20-reloaded,jsb/data/Github_hard---o12335,warm,commit_ns,p99,26028.055,7708.085,-70.38547444286559
o2-panel20-reloaded,jsb/data/Github_hard---o12335,warm,commit_ns,max,70479.0,35833.5,-49.15719576043928
o2-panel20-reloaded,jsb/data/Github_hard---o12335,warm,mask_ns,mean,1851.490919891378,1682.347250509165,-9.135538692900337
o2-panel20-reloaded,jsb/data/Github_hard---o12335,warm,mask_ns,p99,8878.485,6292.0,-29.13205349786592
o2-panel20-reloaded,jsb/data/Github_hard---o12335,warm,mask_ns,max,28104.5,21958.5,-21.86838406660855
o2-panel20-reloaded,jsb/data/Github_hard---o12335,warm,tbm_ns,mean,6522.145918194161,3814.3639256619144,-41.51673431559734
o2-panel20-reloaded,jsb/data/Github_hard---o12335,warm,tbm_ns,p99,34670.07,12903.055000000004,-62.78330271614681
o2-panel20-reloaded,jsb/data/Github_hard---o12335,warm,tbm_ns,max,88083.5,46437.5,-47.280137596712215
o2-panel20-reloaded,jsb/data/Github_trivial---o48162,cold,commit_ns,mean,4823.0625,4471.3125,-7.293084010418694
o2-panel20-reloaded,jsb/data/Github_trivial---o48162,cold,commit_ns,p99,13799.309999999998,13728.284999999996,-0.5146996480258847
o2-panel20-reloaded,jsb/data/Github_trivial---o48162,cold,commit_ns,max,14458.5,14437.0,-0.14870145589099826
o2-panel20-reloaded,jsb/data/Github_trivial---o48162,cold,mask_ns,mean,36096.3125,36809.8125,1.976656202763083
o2-panel20-reloaded,jsb/data/Github_trivial---o48162,cold,mask_ns,p99,47629.06,48396.994999999995,1.6123244926521618
o2-panel20-reloaded,jsb/data/Github_trivial---o48162,cold,mask_ns,max,48104.5,48958.5,1.7753016869523686
o2-panel20-reloaded,jsb/data/Github_trivial---o48162,cold,tbm_ns,mean,40820.5,41281.125,1.1284158694773394
o2-panel20-reloaded,jsb/data/Github_trivial---o48162,cold,tbm_ns,p99,61285.31,62345.655,1.7301780801957323
o2-panel20-reloaded,jsb/data/Github_trivial---o48162,cold,tbm_ns,max,62417.0,63541.5,1.80159251485974
o2-panel20-reloaded,jsb/data/Github_trivial---o48162,warm1,commit_ns,mean,2083.4375,1742.3125,-16.373181340932952
o2-panel20-reloaded,jsb/data/Github_trivial---o48162,warm1,commit_ns,p99,2568.87,2323.84,-9.538435187455951
o2-panel20-reloaded,jsb/data/Github_trivial---o48162,warm1,commit_ns,max,2583.5,2354.5,-8.863944261660539
o2-panel20-reloaded,jsb/data/Github_trivial---o48162,warm1,mask_ns,mean,3044.3125,3546.75,16.504136812498714
o2-panel20-reloaded,jsb/data/Github_trivial---o48162,warm1,mask_ns,p99,9730.529999999999,10157.724999999999,4.390254179371511
o2-panel20-reloaded,jsb/data/Github_trivial---o48162,warm1,mask_ns,max,10292.0,10478.5,1.812087057909051
o2-panel20-reloaded,jsb/data/Github_trivial---o48162,warm1,tbm_ns,mean,5112.25,5252.5625,2.7446329893882293
o2-panel20-reloaded,jsb/data/Github_trivial---o48162,warm1,tbm_ns,p99,11512.029999999999,11950.505,3.8088417073270264
o2-panel20-reloaded,jsb/data/Github_trivial---o48162,warm1,tbm_ns,max,12020.5,12229.0,1.7345368329104494
o2-panel20-reloaded,jsb/data/Github_trivial---o48162,warm,commit_ns,mean,1974.0208333333335,1665.7916666666667,-15.614281342015557
o2-panel20-reloaded,jsb/data/Github_trivial---o48162,warm,commit_ns,p99,2535.43,2752.1499999999996,8.547662526672006
o2-panel20-reloaded,jsb/data/Github_trivial---o48162,warm,commit_ns,max,2583.5,2916.5,12.88949100058061
o2-panel20-reloaded,jsb/data/Github_trivial---o48162,warm,mask_ns,mean,2276.020833333333,2736.1875,20.218034032348143
o2-panel20-reloaded,jsb/data/Github_trivial---o48162,warm,mask_ns,p99,8447.169999999996,9937.204999999998,17.639457948638437
o2-panel20-reloaded,jsb/data/Github_trivial---o48162,warm,mask_ns,max,10292.0,10895.5,5.863777691410799
o2-panel20-reloaded,jsb/data/Github_trivial---o48162,warm,tbm_ns,mean,4260.5,4416.666666666666,3.665453976450328
o2-panel20-reloaded,jsb/data/Github_trivial---o48162,warm,tbm_ns,p99,10348.669999999996,11914.284999999998,15.128659045075388
o2-panel20-reloaded,jsb/data/Github_trivial---o48162,warm,tbm_ns,max,12020.5,12666.5,5.374152489497108
o2-panel20-reloaded,jsb/data/Github_hard---o61026,cold,commit_ns,mean,4909.848137535817,3362.142371060172,-31.522477337810628
o2-panel20-reloaded,jsb/data/Github_hard---o61026,cold,commit_ns,p99,14549.015000000012,12482.155000000106,-14.206185092254731
o2-panel20-reloaded,jsb/data/Github_hard---o61026,cold,commit_ns,max,50916.5,33791.5,-33.633497981990125
o2-panel20-reloaded,jsb/data/Github_hard---o61026,cold,mask_ns,mean,10531.108166189111,8514.536891117477,-19.148709169524846
o2-panel20-reloaded,jsb/data/Github_hard---o61026,cold,mask_ns,p99,60266.53000000006,42700.75000000006,-29.14682494578663
o2-panel20-reloaded,jsb/data/Github_hard---o61026,cold,mask_ns,max,120021.0,87437.5,-27.148165737662577
o2-panel20-reloaded,jsb/data/Github_hard---o61026,cold,tbm_ns,mean,15474.095630372492,11856.243553008597,-23.38005505318702
o2-panel20-reloaded,jsb/data/Github_hard---o61026,cold,tbm_ns,p99,67888.14000000001,51697.01500000004,-23.849710715303097
o2-panel20-reloaded,jsb/data/Github_hard---o61026,cold,tbm_ns,max,145604.0,99458.5,-31.692467239910993
o2-panel20-reloaded,jsb/data/Github_hard---o61026,warm1,commit_ns,mean,4509.190723495702,3004.876432664756,-33.36107037993599
o2-panel20-reloaded,jsb/data/Github_hard---o61026,warm1,commit_ns,p99,12685.72000000003,10653.470000000012,-16.019981522530948
o2-panel20-reloaded,jsb/data/Github_hard---o61026,warm1,commit_ns,max,45937.5,31375.5,-31.699591836734697
o2-panel20-reloaded,jsb/data/Github_hard---o61026,warm1,mask_ns,mean,1757.5940186246416,1660.2011103151863,-5.541263071984481
o2-panel20-reloaded,jsb/data/Github_hard---o61026,warm1,mask_ns,p99,4255.625000000009,3254.190000000006,-23.532031135262176
o2-panel20-reloaded,jsb/data/Github_hard---o61026,warm1,mask_ns,max,24875.0,24042.0,-3.3487437185929614
o2-panel20-reloaded,jsb/data/Github_hard---o61026,warm1,tbm_ns,mean,6264.017550143266,4666.220988538682,-25.50753647821501
o2-panel20-reloaded,jsb/data/Github_hard---o61026,warm1,tbm_ns,p99,16105.955000000036,13562.5,-15.792016058656754
o2-panel20-reloaded,jsb/data/Github_hard---o61026,warm1,tbm_ns,max,54541.5,39042.0,-28.417810291246116
o2-panel20-reloaded,jsb/data/Github_hard---o61026,warm,commit_ns,mean,4421.449200095511,2989.914099808978,-32.37705637906253
o2-panel20-reloaded,jsb/data/Github_hard---o61026,warm,commit_ns,p99,12250.0,10771.0,-12.073469387755098
o2-panel20-reloaded,jsb/data/Github_hard---o61026,warm,commit_ns,max,53125.5,47333.5,-10.902485623664715
o2-panel20-reloaded,jsb/data/Github_hard---o61026,warm,mask_ns,mean,1739.3797755491883,1660.1233882521492,-4.556588987129895
o2-panel20-reloaded,jsb/data/Github_hard---o61026,warm,mask_ns,p99,3708.5,3396.0,-8.426587569098022
o2-panel20-reloaded,jsb/data/Github_hard---o61026,warm,mask_ns,max,29292.0,24479.5,-16.429400518913017
o2-panel20-reloaded,jsb/data/Github_hard---o61026,warm,tbm_ns,mean,6166.1776504297995,4651.78062320917,-24.559737216054288
o2-panel20-reloaded,jsb/data/Github_hard---o61026,warm,tbm_ns,p99,15218.75,13646.0,-10.334291581108834
o2-panel20-reloaded,jsb/data/Github_hard---o61026,warm,tbm_ns,max,58750.0,62604.5,6.560851063829798
o2-panel20-reloaded,jsb/data/JsonSchemaStore---codecov,cold,commit_ns,mean,6134.354153320521,3080.611253469998,-49.781000958308454
o2-panel20-reloaded,jsb/data/JsonSchemaStore---codecov,cold,commit_ns,p99,14990.660000000018,10310.31000000003,-31.221774091334087
o2-panel20-reloaded,jsb/data/JsonSchemaStore---codecov,cold,commit_ns,max,44479.5,33895.5,-23.795231511145587
o2-panel20-reloaded,jsb/data/JsonSchemaStore---codecov,cold,mask_ns,mean,9120.985372624385,8278.279628443306,-9.239196312170018
o2-panel20-reloaded,jsb/data/JsonSchemaStore---codecov,cold,mask_ns,p99,63253.00000000007,54555.97000000016,-13.749592904684205
o2-panel20-reloaded,jsb/data/JsonSchemaStore---codecov,cold,mask_ns,max,276854.0,270021.0,-2.4680878730305555
o2-panel20-reloaded,jsb/data/JsonSchemaStore---codecov,cold,tbm_ns,mean,15216.098761477686,11379.818812726884,-25.211981131872253
o2-panel20-reloaded,jsb/data/JsonSchemaStore---codecov,cold,tbm_ns,p99,74503.13000000014,61834.91000000003,-17.003607767888518
o2-panel20-reloaded,jsb/data/JsonSchemaStore---codecov,cold,tbm_ns,max,288396.0,278375.0,-3.4747361267146615
o2-panel20-reloaded,jsb/data/JsonSchemaStore---codecov,warm1,commit_ns,mean,5918.641896220372,2857.615844544096,-51.71838582819208
o2-panel20-reloaded,jsb/data/JsonSchemaStore---codecov,warm1,commit_ns,p99,13545.370000000006,9774.780000000006,-27.836744215920262
o2-panel20-reloaded,jsb/data/JsonSchemaStore---codecov,warm1,commit_ns,max,48417.0,38104.0,-21.300369704855736
o2-panel20-reloaded,jsb/data/JsonSchemaStore---codecov,warm1,mask_ns,mean,1968.4701046337818,1821.1090113175314,-7.486072202435901
o2-panel20-reloaded,jsb/data/JsonSchemaStore---codecov,warm1,mask_ns,p99,4077.1200000000244,3912.4400000000605,-4.039125657325826
o2-panel20-reloaded,jsb/data/JsonSchemaStore---codecov,warm1,mask_ns,max,36188.0,38896.0,7.483143583508345
o2-panel20-reloaded,jsb/data/JsonSchemaStore---codecov,warm1,tbm_ns,mean,7887.112000854153,4676.780162289131,-40.70351528185922
o2-panel20-reloaded,jsb/data/JsonSchemaStore---codecov,warm1,tbm_ns,p99,16545.280000000006,12736.880000000012,-23.018045025529897
o2-panel20-reloaded,jsb/data/JsonSchemaStore---codecov,warm1,tbm_ns,max,60416.5,47166.5,-21.93109498233099
o2-panel20-reloaded,jsb/data/JsonSchemaStore---codecov,warm,commit_ns,mean,5880.760623531924,2879.728592782404,-51.03135840525219
o2-panel20-reloaded,jsb/data/JsonSchemaStore---codecov,warm,commit_ns,p99,13573.160000000009,9833.26,-27.553642630013986
o2-panel20-reloaded,jsb/data/JsonSchemaStore---codecov,warm,commit_ns,max,61833.5,40895.5,-33.86190333718777
o2-panel20-reloaded,jsb/data/JsonSchemaStore---codecov,warm,mask_ns,mean,1950.5961990177238,1816.119118798491,-6.894152684546018
o2-panel20-reloaded,jsb/data/JsonSchemaStore---codecov,warm,mask_ns,p99,4531.420000000009,3865.7600000000275,-14.689876462565387
o2-panel20-reloaded,jsb/data/JsonSchemaStore---codecov,warm,mask_ns,max,36188.0,38896.0,7.483143583508345
o2-panel20-reloaded,jsb/data/JsonSchemaStore---codecov,warm,tbm_ns,mean,7830.286853156808,4687.7621894796775,-40.13294433026052
o2-panel20-reloaded,jsb/data/JsonSchemaStore---codecov,warm,tbm_ns,p99,16741.00000000003,12687.76,-24.211456902216245
o2-panel20-reloaded,jsb/data/JsonSchemaStore---codecov,warm,tbm_ns,max,72167.0,49625.0,-31.235883437028
o2-panel20-reloaded,jsb/data/Github_easy---o37787,cold,commit_ns,mean,4210.538847117794,2688.06432748538,-36.15866222620369
o2-panel20-reloaded,jsb/data/Github_easy---o37787,cold,commit_ns,p99,13006.499999999975,8183.639999999985,-37.08038288548033
o2-panel20-reloaded,jsb/data/Github_easy---o37787,cold,commit_ns,max,27020.5,20708.5,-23.360041450010183
o2-panel20-reloaded,jsb/data/Github_easy---o37787,cold,mask_ns,mean,7187.569757727652,6593.81328320802,-8.26087947016111
o2-panel20-reloaded,jsb/data/Github_easy---o37787,cold,mask_ns,p99,38285.15999999999,37220.81999999997,-2.7800327855493356
o2-panel20-reloaded,jsb/data/Github_easy---o37787,cold,mask_ns,max,267916.5,258020.5,-3.6936881453736525
o2-panel20-reloaded,jsb/data/Github_easy---o37787,cold,tbm_ns,mean,11398.108604845447,9318.343358395989,-18.24658211771495
o2-panel20-reloaded,jsb/data/Github_easy---o37787,cold,tbm_ns,p99,45770.679999999964,42995.81999999983,-6.062527364680037
o2-panel20-reloaded,jsb/data/Github_easy---o37787,cold,tbm_ns,max,277125.0,262437.5,-5.299954894000902
o2-panel20-reloaded,jsb/data/Github_easy---o37787,warm1,commit_ns,mean,3816.2606516290725,2216.455304928989,-41.920756802006274
o2-panel20-reloaded,jsb/data/Github_easy---o37787,warm1,commit_ns,p99,10233.639999999996,5378.3399999999965,-47.44450654898943
o2-panel20-reloaded,jsb/data/Github_easy---o37787,warm1,commit_ns,max,36041.5,7437.5,-79.36406642342855
o2-panel20-reloaded,jsb/data/Github_easy---o37787,warm1,mask_ns,mean,1914.8813700918963,1768.6035923141185,-7.638999473411657
o2-panel20-reloaded,jsb/data/Github_easy---o37787,warm1,mask_ns,p99,4646.82,3211.359999999997,-30.891233144386977
o2-panel20-reloaded,jsb/data/Github_easy---o37787,warm1,mask_ns,max,28208.5,21396.0,-24.150522005778395
o2-panel20-reloaded,jsb/data/Github_easy---o37787,warm1,tbm_ns,mean,5733.868838763576,3981.3483709273187,-30.564362686296853
o2-panel20-reloaded,jsb/data/Github_easy---o37787,warm1,tbm_ns,p99,13745.679999999986,8022.659999999998,-41.63504461037936
o2-panel20-reloaded,jsb/data/Github_easy---o37787,warm1,tbm_ns,max,42854.0,28646.0,-33.15443132496383
o2-panel20-reloaded,jsb/data/Github_easy---o37787,warm,commit_ns,mean,3766.5091896407685,2289.577415761626,-39.21221745432686
o2-panel20-reloaded,jsb/data/Github_easy---o37787,warm,commit_ns,p99,10276.799999999994,5708.05,-44.4569321189475
o2-panel20-reloaded,jsb/data/Github_easy---o37787,warm,commit_ns,max,47042.0,27291.5,-41.984822073891415
o2-panel20-reloaded,jsb/data/Github_easy---o37787,warm,mask_ns,mean,1895.6528822055138,1800.039961013645,-5.043799003994187
o2-panel20-reloaded,jsb/data/Github_easy---o37787,warm,mask_ns,p99,4062.5,3481.5499999999984,-14.300307692307735
o2-panel20-reloaded,jsb/data/Github_easy---o37787,warm,mask_ns,max,28208.5,21396.0,-24.150522005778395
o2-panel20-reloaded,jsb/data/Github_easy---o37787,warm,tbm_ns,mean,5662.162071846282,4089.6173767752716,-27.772866179336418
o2-panel20-reloaded,jsb/data/Github_easy---o37787,warm,tbm_ns,p99,13339.699999999993,9047.749999999995,-32.174261789995285
o2-panel20-reloaded,jsb/data/Github_easy---o37787,warm,tbm_ns,max,57708.5,35708.0,-38.12350000433212
o2-panel20-reloaded,jsb/data/JsonSchemaStore---jscsrc,cold,commit_ns,mean,5054.397286821706,2841.906976744186,-43.773573475241655
o2-panel20-reloaded,jsb/data/JsonSchemaStore---jscsrc,cold,commit_ns,p99,23319.675000000043,7401.325000000003,-68.26145733163096
o2-panel20-reloaded,jsb/data/JsonSchemaStore---jscsrc,cold,commit_ns,max,44208.5,18625.0,-57.87009285544635
o2-panel20-reloaded,jsb/data/JsonSchemaStore---jscsrc,cold,mask_ns,mean,13211.461240310078,13151.882751937985,-0.4509606264469168
o2-panel20-reloaded,jsb/data/JsonSchemaStore---jscsrc,cold,mask_ns,p99,111786.62500000054,101024.97500000018,-9.626956713292223
o2-panel20-reloaded,jsb/data/JsonSchemaStore---jscsrc,cold,mask_ns,max,286562.5,296646.0,3.5187786259541998
o2-panel20-reloaded,jsb/data/JsonSchemaStore---jscsrc,cold,tbm_ns,mean,18205.477713178298,16014.966085271317,-12.032156817952366
o2-panel20-reloaded,jsb/data/JsonSchemaStore---jscsrc,cold,tbm_ns,p99,121853.55000000024,104775.00000000032,-14.01563598270209
o2-panel20-reloaded,jsb/data/JsonSchemaStore---jscsrc,cold,tbm_ns,max,312375.0,308375.0,-1.2805122048819562
o2-panel20-reloaded,jsb/data/JsonSchemaStore---jscsrc,warm1,commit_ns,mean,4306.103682170542,2742.013565891473,-36.32263019479065
o2-panel20-reloaded,jsb/data/JsonSchemaStore---jscsrc,warm1,commit_ns,p99,19452.275,7066.925000000007,-63.67044471662051
o2-panel20-reloaded,jsb/data/JsonSchemaStore---jscsrc,warm1,commit_ns,max,30250.0,16896.0,-44.14545454545454
o2-panel20-reloaded,jsb/data/JsonSchemaStore---jscsrc,warm1,mask_ns,mean,2089.59496124031,2142.6172480620153,2.537443275142337
o2-panel20-reloaded,jsb/data/JsonSchemaStore---jscsrc,warm1,mask_ns,p99,6403.100000000071,10332.175000000088,61.362074620105474
o2-panel20-reloaded,jsb/data/JsonSchemaStore---jscsrc,warm1,mask_ns,max,26625.0,26792.0,0.6272300469483572
o2-panel20-reloaded,jsb/data/JsonSchemaStore---jscsrc,warm1,tbm_ns,mean,6366.827519379845,4895.650193798449,-23.106913468337442
o2-panel20-reloaded,jsb/data/JsonSchemaStore---jscsrc,warm1,tbm_ns,p99,22804.500000000015,15965.700000000052,-29.988817996447892
o2-panel20-reloaded,jsb/data/JsonSchemaStore---jscsrc,warm1,tbm_ns,max,36999.5,32250.0,-12.83665995486426
o2-panel20-reloaded,jsb/data/JsonSchemaStore---jscsrc,warm,commit_ns,mean,4318.114341085271,2576.2125322997417,-40.33940908446944
o2-panel20-reloaded,jsb/data/JsonSchemaStore---jscsrc,warm,commit_ns,p99,19521.995,6531.8949999999995,-66.54084277759522
o2-panel20-reloaded,jsb/data/JsonSchemaStore---jscsrc,warm,commit_ns,max,41729.0,18229.0,-56.31575163555321
o2-panel20-reloaded,jsb/data/JsonSchemaStore---jscsrc,warm,mask_ns,mean,2016.7635658914728,1996.4092377260981,-1.009257034866029
o2-panel20-reloaded,jsb/data/JsonSchemaStore---jscsrc,warm,mask_ns,p99,3301.519999999991,5877.254999999997,78.01664081998636
o2-panel20-reloaded,jsb/data/JsonSchemaStore---jscsrc,warm,mask_ns,max,26625.0,26792.0,0.6272300469483572
o2-panel20-reloaded,jsb/data/JsonSchemaStore---jscsrc,warm,tbm_ns,mean,6348.798449612403,4571.555232558139,-27.993379080458368
o2-panel20-reloaded,jsb/data/JsonSchemaStore---jscsrc,warm,tbm_ns,p99,22180.384999999995,10537.109999999995,-52.49356582403778
o2-panel20-reloaded,jsb/data/JsonSchemaStore---jscsrc,warm,tbm_ns,max,45667.0,34833.5,-23.722819541463203
o2-panel20-reloaded,jsb/data/Github_medium---o90755,cold,commit_ns,mean,3490.8023255813955,2353.338870431894,-32.584585119985455
o2-panel20-reloaded,jsb/data/Github_medium---o90755,cold,commit_ns,p99,9851.085000000003,7770.165000000001,-21.1237645396421
o2-panel20-reloaded,jsb/data/Github_medium---o90755,cold,commit_ns,max,18562.5,15979.0,-13.917845117845118
o2-panel20-reloaded,jsb/data/Github_medium---o90755,cold,mask_ns,mean,7157.837209302325,6907.357142857143,-3.49938199376284
o2-panel20-reloaded,jsb/data/Github_medium---o90755,cold,mask_ns,p99,32173.955000000013,31805.620000000006,-1.1448235070882884
o2-panel20-reloaded,jsb/data/Github_medium---o90755,cold,mask_ns,max,50958.5,52937.5,3.8835523023636798
o2-panel20-reloaded,jsb/data/Github_medium---o90755,cold,tbm_ns,mean,10648.639534883721,9265.813953488372,-12.985936624724415
o2-panel20-reloaded,jsb/data/Github_medium---o90755,cold,tbm_ns,p99,38857.50500000001,37299.71000000001,-4.008993886766543
o2-panel20-reloaded,jsb/data/Github_medium---o90755,cold,tbm_ns,max,62354.0,59041.5,-5.312409789267725
o2-panel20-reloaded,jsb/data/Github_medium---o90755,warm1,commit_ns,mean,2929.4584717607977,1858.9642857142858,-36.54239158417133
o2-panel20-reloaded,jsb/data/Github_medium---o90755,warm1,commit_ns,p99,6103.870000000001,4749.875,-22.18256614246372
o2-panel20-reloaded,jsb/data/Github_medium---o90755,warm1,commit_ns,max,16291.5,6896.0,-57.67117822177209
o2-panel20-reloaded,jsb/data/Github_medium---o90755,warm1,mask_ns,mean,1612.859634551495,1676.623754152824,3.953482264379482
o2-panel20-reloaded,jsb/data/Github_medium---o90755,warm1,mask_ns,p99,5644.330000000002,8353.915000000037,48.00543199990139
o2-panel20-reloaded,jsb/data/Github_medium---o90755,warm1,mask_ns,max,17479.5,25312.5,44.812494636574264
o2-panel20-reloaded,jsb/data/Github_medium---o90755,warm1,tbm_ns,mean,4542.318106312292,3550.486710963455,-21.835357457033343
o2-panel20-reloaded,jsb/data/Github_medium---o90755,warm1,tbm_ns,p99,10798.540000000014,11526.455000000034,6.740864968783011
o2-panel20-reloaded,jsb/data/Github_medium---o90755,warm1,tbm_ns,max,27854.5,28583.0,2.615376330574959
o2-panel20-reloaded,jsb/data/Github_medium---o90755,warm,commit_ns,mean,2975.6007751937987,1900.1539313399778,-36.142175147261746
o2-panel20-reloaded,jsb/data/Github_medium---o90755,warm,commit_ns,p99,6457.475,5121.875000000004,-20.683006902852842
o2-panel20-reloaded,jsb/data/Github_medium---o90755,warm,commit_ns,max,29062.5,17438.0,-39.99827956989247
o2-panel20-reloaded,jsb/data/Github_medium---o90755,warm,mask_ns,mean,1614.0885935769656,1607.5689368770763,-0.40392186189985857
o2-panel20-reloaded,jsb/data/Github_medium---o90755,warm,mask_ns,p99,4864.6000000000095,5080.200000000041,4.432019076594806
o2-panel20-reloaded,jsb/data/Github_medium---o90755,warm,mask_ns,max,20208.5,25312.5,25.256698913823385
o2-panel20-reloaded,jsb/data/Github_medium---o90755,warm,tbm_ns,mean,4583.166112956811,3504.0476190476193,-23.545262539327926
o2-panel20-reloaded,jsb/data/Github_medium---o90755,warm,tbm_ns,p99,9986.450000000012,9636.60000000001,-3.5032468995489063
o2-panel20-reloaded,jsb/data/Github_medium---o90755,warm,tbm_ns,max,37229.5,28583.0,-23.224862004593128
o2-panel20-reloaded,jsb/data/Github_hard---o35186,cold,commit_ns,mean,4767.943681318681,3601.71978021978,-24.459682811864838
o2-panel20-reloaded,jsb/data/Github_hard---o35186,cold,commit_ns,p99,12875.670000000004,10055.055000000002,-21.906549329083468
o2-panel20-reloaded,jsb/data/Github_hard---o35186,cold,commit_ns,max,32395.5,37812.5,16.721458227222907
o2-panel20-reloaded,jsb/data/Github_hard---o35186,cold,mask_ns,mean,9574.260302197803,8768.561813186814,-8.415255733396322
o2-panel20-reloaded,jsb/data/Github_hard---o35186,cold,mask_ns,p99,41155.76000000002,39036.1350000001,-5.150251143460649
o2-panel20-reloaded,jsb/data/Github_hard---o35186,cold,mask_ns,max,261208.0,258291.5,-1.1165431380355861
o2-panel20-reloaded,jsb/data/Github_hard---o35186,cold,tbm_ns,mean,14342.203983516483,12370.281593406595,-13.749088998986636
o2-panel20-reloaded,jsb/data/Github_hard---o35186,cold,tbm_ns,p99,49416.660000000025,48690.04500000002,-1.470384684031667
o2-panel20-reloaded,jsb/data/Github_hard---o35186,cold,tbm_ns,max,270979.5,263083.5,-2.91387355870093
o2-panel20-reloaded,jsb/data/Github_hard---o35186,warm1,commit_ns,mean,4301.875686813187,3438.7005494505493,-20.065087887327458
o2-panel20-reloaded,jsb/data/Github_hard---o35186,warm1,commit_ns,p99,10351.715000000007,10341.250000000002,-0.1010943597269165
o2-panel20-reloaded,jsb/data/Github_hard---o35186,warm1,commit_ns,max,21375.0,22937.5,7.309941520467844
o2-panel20-reloaded,jsb/data/Github_hard---o35186,warm1,mask_ns,mean,2322.5741758241757,2435.3866758241757,4.857218390451101
o2-panel20-reloaded,jsb/data/Github_hard---o35186,warm1,mask_ns,p99,17820.920000000006,17838.46500000001,0.09845170731930253
o2-panel20-reloaded,jsb/data/Github_hard---o35186,warm1,mask_ns,max,34583.0,46375.0,34.09767804990891
o2-panel20-reloaded,jsb/data/Github_hard---o35186,warm1,tbm_ns,mean,6596.289148351649,5873.904532967033,-10.951378860720995
o2-panel20-reloaded,jsb/data/Github_hard---o35186,warm1,tbm_ns,p99,23626.20500000001,21963.83000000001,-7.036149055677788
o2-panel20-reloaded,jsb/data/Github_hard---o35186,warm1,tbm_ns,max,39729.5,50895.5,28.105060471438104
o2-panel20-reloaded,jsb/data/Github_hard---o35186,warm,commit_ns,mean,4210.616071428572,3325.500457875458,-21.021047716963015
o2-panel20-reloaded,jsb/data/Github_hard---o35186,warm,commit_ns,p99,9941.155000000002,10122.180000000008,1.820965471316005
o2-panel20-reloaded,jsb/data/Github_hard---o35186,warm,commit_ns,max,29291.5,27041.0,-7.683116262396938
o2-panel20-reloaded,jsb/data/Github_hard---o35186,warm,mask_ns,mean,2071.1057692307695,2078.6334706959706,0.36346291807187736
o2-panel20-reloaded,jsb/data/Github_hard---o35186,warm,mask_ns,p99,6518.765000000026,8224.375000000124,26.164618604905865
o2-panel20-reloaded,jsb/data/Github_hard---o35186,warm,mask_ns,max,34583.0,48583.0,40.4823179018593
o2-panel20-reloaded,jsb/data/Github_hard---o35186,warm,tbm_ns,mean,6279.166437728938,5406.180860805861,-13.902889588619027
o2-panel20-reloaded,jsb/data/Github_hard---o35186,warm,tbm_ns,p99,17720.96000000005,18399.82000000001,3.8308308353495413
o2-panel20-reloaded,jsb/data/Github_hard---o35186,warm,tbm_ns,max,42625.5,55000.0,29.030744507395802
o2-panel20-reloaded,jsb/data/Kubernetes---kb_151_Normalized,cold,commit_ns,mean,6893.657258064516,5647.165322580646,-18.081721919459614
o2-panel20-reloaded,jsb/data/Kubernetes---kb_151_Normalized,cold,commit_ns,p99,24252.54499999999,20392.965,-15.914123651765177
o2-panel20-reloaded,jsb/data/Kubernetes---kb_151_Normalized,cold,commit_ns,max,30312.5,28729.5,-5.22226804123711
o2-panel20-reloaded,jsb/data/Kubernetes---kb_151_Normalized,cold,mask_ns,mean,18965.903225806454,17649.536290322583,-6.940702585114544
o2-panel20-reloaded,jsb/data/Kubernetes---kb_151_Normalized,cold,mask_ns,p99,139710.87499999994,130794.36499999999,-6.382115923330922
o2-panel20-reloaded,jsb/data/Kubernetes---kb_151_Normalized,cold,mask_ns,max,260521.5,251854.5,-3.326788767913591
o2-panel20-reloaded,jsb/data/Kubernetes---kb_151_Normalized,cold,tbm_ns,mean,25856.399193548386,23296.701612903227,-9.89966762767125
o2-panel20-reloaded,jsb/data/Kubernetes---kb_151_Normalized,cold,tbm_ns,p99,152087.62499999994,143746.04499999993,-5.484719746264711
o2-panel20-reloaded,jsb/data/Kubernetes---kb_151_Normalized,cold,tbm_ns,max,275146.0,272000.0,-1.1433929622818417
o2-panel20-reloaded,jsb/data/Kubernetes---kb_151_Normalized,warm1,commit_ns,mean,5576.810483870968,4852.616935483871,-12.985801659955643
o2-panel20-reloaded,jsb/data/Kubernetes---kb_151_Normalized,warm1,commit_ns,p99,15205.08,19351.635,27.270852899162644
o2-panel20-reloaded,jsb/data/Kubernetes---kb_151_Normalized,warm1,commit_ns,max,15292.0,19479.5,27.38359926759091
o2-panel20-reloaded,jsb/data/Kubernetes---kb_151_Normalized,warm1,mask_ns,mean,1956.3387096774195,1916.3225806451615,-2.045460166703761
o2-panel20-reloaded,jsb/data/Kubernetes---kb_151_Normalized,warm1,mask_ns,p99,4353.384999999997,3650.614999999999,-16.143070277496662
o2-panel20-reloaded,jsb/data/Kubernetes---kb_151_Normalized,warm1,mask_ns,max,21312.5,18896.0,-11.33841642228739
o2-panel20-reloaded,jsb/data/Kubernetes---kb_151_Normalized,warm1,tbm_ns,mean,7533.149193548387,6722.786290322581,-10.757292632937954
o2-panel20-reloaded,jsb/data/Kubernetes---kb_151_Normalized,warm1,tbm_ns,p99,17532.07,22655.329999999998,29.222219623809398
o2-panel20-reloaded,jsb/data/Kubernetes---kb_151_Normalized,warm1,tbm_ns,max,27604.0,23312.5,-15.546659904361682
o2-panel20-reloaded,jsb/data/Kubernetes---kb_151_Normalized,warm,commit_ns,mean,5522.475806451613,4898.9731182795695,-11.290274688820523
o2-panel20-reloaded,jsb/data/Kubernetes---kb_151_Normalized,warm,commit_ns,p99,15194.640000000003,19792.0,30.256458856544132
o2-panel20-reloaded,jsb/data/Kubernetes---kb_151_Normalized,warm,commit_ns,max,16271.0,20166.5,23.941368078175906
o2-panel20-reloaded,jsb/data/Kubernetes---kb_151_Normalized,warm,mask_ns,mean,1847.1559139784945,1850.856182795699,0.2003224952047855
o2-panel20-reloaded,jsb/data/Kubernetes---kb_151_Normalized,warm,mask_ns,p99,3906.695000000008,3792.825000000006,-2.9147399528246076
o2-panel20-reloaded,jsb/data/Kubernetes---kb_151_Normalized,warm,mask_ns,max,21312.5,19208.5,-9.872140762463344
o2-panel20-reloaded,jsb/data/Kubernetes---kb_151_Normalized,warm,tbm_ns,mean,7369.631720430108,6750.576612903225,-8.400081998815988
o2-panel20-reloaded,jsb/data/Kubernetes---kb_151_Normalized,warm,tbm_ns,p99,17417.340000000004,22884.515000000003,31.389264950905236
o2-panel20-reloaded,jsb/data/Kubernetes---kb_151_Normalized,warm,tbm_ns,max,29958.5,23750.0,-20.723667740374186
o2-js-fresh,grammar_glrm/js/js,cold,commit_ns,mean,11399.944742620151,5316.191632105391,-53.36651403028184
o2-js-fresh,grammar_glrm/js/js,cold,commit_ns,p99,40376.59,23940.769999999997,-40.706310265428556
o2-js-fresh,grammar_glrm/js/js,cold,commit_ns,max,90833.5,49791.5,-45.18377030500862
o2-js-fresh,grammar_glrm/js/js,cold,mask_ns,mean,285596.34971944377,195480.52305440351,-31.553563886081083
o2-js-fresh,grammar_glrm/js/js,cold,mask_ns,p99,1666560.8199999998,1023849.3499999999,-38.56513739474566
o2-js-fresh,grammar_glrm/js/js,cold,mask_ns,max,2379604.0,1564979.0,-34.233637193415376
o2-js-fresh,grammar_glrm/js/js,cold,tbm_ns,mean,296960.8502073677,200796.7146865089,-32.382765423020366
o2-js-fresh,grammar_glrm/js/js,cold,tbm_ns,p99,1691813.16,1038118.85,-38.63868218166597
o2-js-fresh,grammar_glrm/js/js,cold,tbm_ns,max,2398646.0,1570479.0,-34.52643699820649
o2-js-fresh,grammar_glrm/js/js,warm1,commit_ns,mean,9050.908636252745,3603.0818492315198,-60.19093779380733
o2-js-fresh,grammar_glrm/js/js,warm1,commit_ns,p99,33257.579999999994,12063.33,-63.727577292154145
o2-js-fresh,grammar_glrm/js/js,warm1,commit_ns,max,84020.5,49896.0,-40.61449289161574
o2-js-fresh,grammar_glrm/js/js,warm1,mask_ns,mean,12759.712490851427,9586.732617711637,-24.867173734633763
o2-js-fresh,grammar_glrm/js/js,warm1,mask_ns,p99,200231.50999999698,201061.91999999696,0.4147249351513116
o2-js-fresh,grammar_glrm/js/js,warm1,mask_ns,max,2451021.0,1428749.5,-41.70798618208493
o2-js-fresh,grammar_glrm/js/js,warm1,tbm_ns,mean,21804.63210539156,13178.125640400098,-39.5627242105975
o2-js-fresh,grammar_glrm/js/js,warm1,tbm_ns,p99,236771.6699999972,206069.099999997,-12.967163681364646
o2-js-fresh,grammar_glrm/js/js,warm1,tbm_ns,max,2463187.5,1434291.5,-41.77091674913095
o2-js-fresh,grammar_glrm/js/js,warm,commit_ns,mean,8988.427868585833,3605.7625843701717,-59.88439094035392
o2-js-fresh,grammar_glrm/js/js,warm,commit_ns,p99,32523.49999999994,12150.979999999883,-62.639383830153875
o2-js-fresh,grammar_glrm/js/js,warm,commit_ns,max,126708.5,69021.0,-45.52772702699504
o2-js-fresh,grammar_glrm/js/js,warm,mask_ns,mean,12682.640847361145,9538.95429779621,-24.787318251774327
o2-js-fresh,grammar_glrm/js/js,warm,mask_ns,p99,215316.49999985605,208998.63999985618,-2.9342200899624915
o2-js-fresh,grammar_glrm/js/js,warm,mask_ns,max,2606999.5,1537125.5,-41.03851957010348
o2-js-fresh,grammar_glrm/js/js,warm,tbm_ns,mean,21662.2806782142,13158.909449459217,-39.25427500026274
o2-js-fresh,grammar_glrm/js/js,warm,tbm_ns,p99,263049.1799998983,218186.4599998631,-17.054879243513533
o2-js-fresh,grammar_glrm/js/js,warm,tbm_ns,max,2615979.0,1551146.0,-40.704952142199915
o2-js-reloaded,grammar_glrm/js/js,cold,commit_ns,mean,11303.798975359843,7941.430104903635,-29.745476523295757
o2-js-reloaded,grammar_glrm/js/js,cold,commit_ns,p99,40922.81999999999,27899.749999999996,-31.82349114748201
o2-js-reloaded,grammar_glrm/js/js,cold,commit_ns,max,106250.0,76791.5,-27.725647058823533
o2-js-reloaded,grammar_glrm/js/js,cold,mask_ns,mean,283200.8887533545,199039.87289582827,-29.7177795691255
o2-js-reloaded,grammar_glrm/js/js,cold,mask_ns,p99,1654180.1600000001,1045773.1699999999,-36.77997141496366
o2-js-reloaded,grammar_glrm/js/js,cold,mask_ns,max,2367646.0,1590666.5,-32.81654014155833
o2-js-reloaded,grammar_glrm/js/js,cold,tbm_ns,mean,294436.33337399364,206958.15052451816,-29.710389966838946
o2-js-reloaded,grammar_glrm/js/js,cold,tbm_ns,p99,1679830.0899999999,1063242.4899999998,-36.70535512314821
o2-js-reloaded,grammar_glrm/js/js,cold,tbm_ns,max,2403792.0,1608562.5,-33.08229247788495
o2-js-reloaded,grammar_glrm/js/js,warm1,commit_ns,mean,9052.62198097097,6191.41802878751,-31.606356237981025
o2-js-reloaded,grammar_glrm/js/js,warm1,commit_ns,p99,32566.239999999994,17690.07,-45.67972845498897
o2-js-reloaded,grammar_glrm/js/js,warm1,commit_ns,max,77125.0,57083.5,-25.985737439222046
o2-js-reloaded,grammar_glrm/js/js,warm1,mask_ns,mean,12661.488533788728,9598.299341302758,-24.192962654521033
o2-js-reloaded,grammar_glrm/js/js,warm1,mask_ns,p99,198407.91999999696,194433.49999999686,-2.003155922404787
o2-js-reloaded,grammar_glrm/js/js,warm1,mask_ns,max,2446250.0,1422375.0,-41.854879918242204
o2-js-reloaded,grammar_glrm/js/js,warm1,tbm_ns,mean,21681.696267382285,15790.36374725543,-27.171917028418648
o2-js-reloaded,grammar_glrm/js/js,warm1,tbm_ns,p99,241970.22999999742,208262.90999999695,-13.930358292423339
o2-js-reloaded,grammar_glrm/js/js,warm1,tbm_ns,max,2455500.0,1431125.0,-41.71757279576461
o2-js-reloaded,grammar_glrm/js/js,warm,commit_ns,mean,9015.480279743027,6160.624013987152,-31.666158398354895
o2-js-reloaded,grammar_glrm/js/js,warm,commit_ns,p99,32400.51999999988,17524.31999999992,-45.913460648162484
o2-js-reloaded,grammar_glrm/js/js,warm,commit_ns,max,100000.0,73729.0,-26.271
o2-js-reloaded,grammar_glrm/js/js,warm,mask_ns,mean,12591.582418476051,9555.960844108318,-24.108340584051323
o2-js-reloaded,grammar_glrm/js/js,warm,mask_ns,p99,216031.1399998584,199511.1999998475,-7.647017925296195
o2-js-reloaded,grammar_glrm/js/js,warm,mask_ns,max,2501563.0,1487500.0,-40.53717615746635
o2-js-reloaded,grammar_glrm/js/js,warm,tbm_ns,mean,21545.53082052533,15731.018825729852,-26.987090934219594
o2-js-reloaded,grammar_glrm/js/js,warm,tbm_ns,p99,250511.13999988692,217714.31999985944,-13.091960700846395
o2-js-reloaded,grammar_glrm/js/js,warm,tbm_ns,max,2509458.5,1494687.0,-40.43786737258257
